interaction_id,explainer_id,annotator_role,understanding_tier,status,label_understood,understanding_start,understanding_end,window_start,window_end,window_duration,ex_prop_partner,ex_prop_task,ex_prop_away,ex_coverage,ex_transitions,ex_entropy,ee_prop_partner,ee_prop_task,ee_prop_away,ee_coverage,ee_transitions,ee_entropy,mutual_gaze_derived,mutual_gaze_explicit,ex_n_fixations_partner,ex_mean_fix_dur_partner,ex_max_fix_dur_partner,ex_n_fixations_task,ex_mean_fix_dur_task,ex_max_fix_dur_task,ex_n_fixations_away,ex_mean_fix_dur_away,ex_max_fix_dur_away,ex_switch_rate,ex_latency_partner,ex_latency_task,ex_dominant_is_partner,ex_dominant_is_task,ex_dominant_is_away,ex_first_is_task,ex_last_is_task,ex_first_is_partner,ex_last_is_partner,ex_first_is_away,ex_last_is_away,ee_n_fixations_partner,ee_mean_fix_dur_partner,ee_max_fix_dur_partner,ee_n_fixations_task,ee_mean_fix_dur_task,ee_max_fix_dur_task,ee_n_fixations_away,ee_mean_fix_dur_away,ee_max_fix_dur_away,ee_switch_rate,ee_latency_partner,ee_latency_task,ee_dominant_is_partner,ee_dominant_is_task,ee_dominant_is_away,ee_first_is_partner,ee_last_is_partner,ee_first_is_task,ee_last_is_task,ee_first_is_away,ee_last_is_away,ex_bigram_partner_task,ex_bigram_partner_away,ex_bigram_task_partner,ex_bigram_task_away,ex_bigram_away_partner,ex_bigram_away_task,ee_bigram_partner_task,ee_bigram_partner_away,ee_bigram_task_partner,ee_bigram_task_away,ee_bigram_away_partner,ee_bigram_away_task,mutual_task,mutual_partner,gaze_alignment,complementary_gaze,joint_entropy,partner_coupling,ex_partner_task_ratio,ex_engagement,ex_task_dominance,ee_partner_task_ratio,ee_engagement,ee_task_dominance,partner_asymmetry,task_asymmetry,entropy_asymmetry
EX_07-EE_a,EX_07,EE,EE_UND,MISUND,0,134.0,135.0,132.0,137.0,5.0,0.0,1.0,0.0,1.0,0,-0.0,0.9295999999999992,0.0,0.0,0.9295999999999992,0,-0.0,0.0,0.0,0,0.0,0.0,1,5.0,5.0,0,0.0,0.0,0.0,1.0,0.0,0,1,0,1,1,0,0,0,0,3,1.5493333333333321,2.069999999999993,0,0.0,0.0,0,0.0,0.0,0.0,0.0,1.0,1,0,0,1,1,0,0,0,0,0.0,0.0,0.0,0.0,0.0,0.0,0.0,0.0,0.0,0.0,0.0,0.0,0.0,0.0,0.0,1.0,-0.0,0.0,0.0,1.0,1.0,46.47999999999996,0.9295999999999992,-0.9295999999999992,0.9295999999999992,1.0,0.0
EX_07-EE_a,EX_07,EE,EE_UND,MISUND,0,174.0,175.0,172.0,177.0,5.0,0.2401999999999987,0.7310000000000002,0.0,0.971199999999999,2,0.8070073822643429,0.9837999999999966,0.0,0.0,0.9837999999999966,0,-0.0,0.2401999999999987,0.2401999999999987,1,1.2009999999999934,1.2009999999999934,2,1.8275000000000006,2.6899999999999977,0,0.0,0.0,0.4,0.19300000000000067,0.0,0,1,0,1,1,0,0,0,0,2,2.4594999999999914,4.8729999999999905,0,0.0,0.0,0,0.0,0.0,0.0,0.0,1.0,1,0,0,1,1,0,0,0,0,0.5,0.0,0.5,0.0,0.0,0.0,0.0,0.0,0.0,0.0,0.0,0.0,0.0,0.2553191489361702,0.2553191489361702,0.7446808510638298,0.8196004346196011,0.0,0.3285909712722279,0.971199999999999,0.4908000000000015,49.18999999999983,0.9837999999999966,-0.9837999999999966,0.7435999999999978,0.7310000000000002,0.8070073822643429
EX_07-EE_a,EX_07,EE,EE_UND,UND,1,344.0,345.0,342.0,347.0,5.0,0.9788000000000011,0.0,0.0,0.9788000000000011,0,-0.0,0.41739999999999783,0.0,0.5620000000000005,0.9793999999999983,3,0.9842184472632138,0.41739999999999783,0.41739999999999783,2,2.4470000000000027,2.7590000000000146,0,0.0,0.0,0,0.0,0.0,0.0,0.0,1.0,1,0,0,0,0,1,1,0,0,2,1.0434999999999945,1.2969999999999686,0,0.0,0.0,2,1.4050000000000011,2.5109999999999673,0.6,0.06240000000000236,1.0,0,0,1,0,1,0,0,1,0,0.0,0.0,0.0,0.0,0.0,0.0,0.0,0.3333333333333333,0.0,0.0,0.6666666666666666,0.0,0.0,0.4166666666666667,0.4166666666666667,0.0,0.9798687566511528,0.0,48.940000000000055,0.9788000000000011,-0.9788000000000011,20.86999999999989,0.41739999999999783,-0.41739999999999783,0.5614000000000032,0.0,0.9842184472632138
EX_07-EE_a,EX_07,EE,EE_UND,MISUND,0,384.0,385.0,382.0,387.0,5.0,0.7950000000000159,0.15299999999999728,0.0,0.9480000000000132,2,0.6376302480348595,0.5633999999999901,0.0,0.3240000000000123,0.8874000000000024,2,0.9468445332759929,0.37360000000001037,0.37360000000001037,4,0.9937500000000199,1.9540000000000077,1,0.7649999999999864,0.7649999999999864,0,0.0,0.0,0.4,0.0,0.1066000000000031,1,0,0,0,0,1,1,0,0,3,0.9389999999999835,1.3249999999999886,0,0.0,0.0,2,0.8100000000000307,0.9870000000000232,0.4,0.0,1.0,1,0,0,1,1,0,0,0,0,0.5,0.0,0.5,0.0,0.0,0.0,0.0,0.5,0.0,0.0,0.5,0.0,0.0,0.4634146341463415,0.4634146341463415,0.17073170731707318,1.4803455133020074,-0.3446422500840349,5.1960784313727455,0.9480000000000132,-0.6420000000000187,28.169999999999504,0.5633999999999901,-0.5633999999999901,0.23160000000002579,0.15299999999999728,0.3092142852411335
EX_07-EE_a,EX_07,EE,EE_UND,MISUND,0,413.0,414.0,411.0,416.0,5.0,0.001999999999998181,0.9817999999999983,0.0,0.9837999999999966,1,0.021108861230771665,0.7903999999999997,0.1711999999999989,0.0,0.9615999999999986,2,0.6757629778031079,0.001999999999998181,0.001999999999998181,1,0.009999999999990905,0.009999999999990905,1,4.908999999999992,4.908999999999992,0,0.0,0.0,0.2,0.0,0.01820000000000164,0,1,0,0,1,1,0,0,0,3,1.3173333333333328,1.447999999999979,1,0.8559999999999945,0.8559999999999945,0,0.0,0.0,0.4,0.0,0.229200000000003,1,0,0,1,1,0,0,0,0,1.0,0.0,0.0,0.0,0.0,0.0,0.5,0.0,0.5,0.0,0.0,0.0,0.1875,0.020833333333333332,0.20833333333333334,0.7916666666666666,0.8359922814745508,0.07007127538005775,0.0020370747606418666,0.9837999999999966,0.9798000000000001,4.61682242990657,0.9615999999999986,-0.6192000000000007,0.7884000000000014,0.8105999999999994,0.6546541165723362
EX_07-EE_a,EX_07,EE,EE_UND,UND,1,630.0,631.0,628.0,633.0,5.0,0.6833999999999832,0.27640000000001236,0.0,0.9597999999999957,2,0.8660932042702065,0.2765999999999849,0.03899999999998727,0.5669999999999845,0.8825999999999568,6,1.1335874973035605,0.2765999999999849,0.2765999999999849,2,1.7084999999999582,3.1409999999999627,1,1.3820000000000618,1.3820000000000618,0,0.0,0.0,0.4,0.0,0.6683999999999969,1,0,0,0,0,1,1,0,0,3,0.4609999999999748,0.6860000000000355,1,0.19499999999993634,0.19499999999993634,5,0.5669999999999845,1.3939999999998918,1.2,0.0,0.1546000000000049,0,0,1,1,0,0,0,0,1,0.5,0.0,0.5,0.0,0.0,0.0,0.16666666666666666,0.3333333333333333,0.0,0.16666666666666666,0.3333333333333333,0.0,0.0,0.32558139534883723,0.32558139534883723,0.046511627906976744,1.7818076813661186,0.45737883892769965,2.472503617944836,0.9597999999999955,-0.4069999999999709,7.092307692309621,0.3155999999999722,-0.23759999999999765,0.40679999999999833,0.2374000000000251,0.2674942930333539
EX_07-EE_a,EX_07,EE,EE_UND,MISUND,0,768.0,769.0,766.0,771.0,5.0,0.0,0.9798000000000002,0.0,0.9798000000000002,0,-0.0,0.1203999999999951,0.8322000000000116,0.0,0.9526000000000068,2,0.5474565583590542,0.0,0.0,0,0.0,0.0,2,2.4495000000000005,3.8170000000000073,0,0.0,0.0,0.0,1.0,0.0,0,1,0,1,1,0,0,0,0,1,0.6019999999999754,0.6019999999999754,2,2.080500000000029,3.355000000000018,0,0.0,0.0,0.4,0.6865999999999985,0.0,0,1,0,0,0,1,1,0,0,0.0,0.0,0.0,0.0,0.0,0.0,0.5,0.0,0.5,0.0,0.0,0.0,0.8936170212765957,0.0,0.8936170212765957,0.10638297872340426,0.48890859144051524,0.0,0.0,0.9798000000000002,0.9798000000000002,0.1446767603941281,0.9526000000000067,0.7118000000000165,0.1203999999999951,0.14759999999998863,0.5474565583590542
EX_07-EE_a,EX_07,EE,EE_UND,MISUND,0,792.0,793.0,790.0,795.0,5.0,0.0,1.0,0.0,1.0,0,-0.0,0.0,0.9768000000000029,0.0,0.9768000000000029,0,-0.0,0.0,0.0,0,0.0,0.0,1,5.0,5.0,0,0.0,0.0,0.0,1.0,0.0,0,1,0,1,1,0,0,0,0,0,0.0,0.0,2,2.4420000000000073,4.3940000000000055,0,0.0,0.0,0.0,1.0,0.0,0,1,0,0,0,1,1,0,0,0.0,0.0,0.0,0.0,0.0,0.0,0.0,0.0,0.0,0.0,0.0,0.0,1.0,0.0,1.0,0.0,-0.0,0.0,0.0,1.0,1.0,0.0,0.9768000000000029,0.9768000000000029,0.0,0.023199999999997112,0.0
EX_07-EE_a,EX_07,EE,EE_UND,UND,1,938.0,939.0,936.0,941.0,5.0,0.0,1.0,0.0,1.0,0,-0.0,0.12719999999999346,0.8410000000000082,0.0,0.9682000000000016,2,0.5612047749391078,0.0,0.0,0,0.0,0.0,1,5.0,5.0,0,0.0,0.0,0.0,1.0,0.0,0,1,0,1,1,0,0,0,0,1,0.6359999999999673,0.6359999999999673,3,1.4016666666666804,1.7690000000000055,0,0.0,0.0,0.4,0.7289999999999963,0.0,0,1,0,0,0,1,1,0,0,0.0,0.0,0.0,0.0,0.0,0.0,0.5,0.0,0.5,0.0,0.0,0.0,0.875,0.0,0.875,0.125,0.5435644431995964,0.0,0.0,1.0,1.0,0.15124851367418812,0.9682000000000016,0.7138000000000148,0.12719999999999346,0.15899999999999181,0.5612047749391078
EX_07-EE_a,EX_07,EE,EE_UND,MISUND,0,1119.0,1120.0,1117.0,1122.0,5.0,0.0,0.9728000000000065,0.0,0.9728000000000065,0,-0.0,0.0,0.9753999999999905,0.0,0.9753999999999905,0,-0.0,0.0,0.0,0,0.0,0.0,2,2.4320000000000164,3.2129999999999654,0,0.0,0.0,0.0,1.0,0.0,0,1,0,1,1,0,0,0,0,0,0.0,0.0,2,2.4384999999999764,4.567000000000007,0,0.0,0.0,0.0,1.0,0.0,0,1,0,0,0,1,1,0,0,0.0,0.0,0.0,0.0,0.0,0.0,0.0,0.0,0.0,0.0,0.0,0.0,1.0,0.0,1.0,0.0,-0.0,0.0,0.0,0.9728000000000065,0.9728000000000065,0.0,0.9753999999999905,0.9753999999999905,0.0,0.0025999999999839485,0.0
EX_07-EE_a,EX_07,EE,EE_UND,MISUND,0,1573.0,1574.0,1571.0,1576.0,5.0,0.3192000000000007,0.6318000000000211,0.0,0.9510000000000218,4,0.920591836744925,0.0,0.8812000000000353,0.0,0.8812000000000353,0,-0.0,0.0,0.0,2,0.7980000000000018,1.0190000000000055,3,1.0530000000000352,1.61200000000008,0,0.0,0.0,0.8,0.3057999999999993,0.0,0,1,0,1,1,0,0,0,0,0,0.0,0.0,3,1.4686666666667254,2.0820000000001073,0,0.0,0.0,0.0,1.0,0.0,0,1,0,0,0,1,1,0,0,0.5,0.0,0.5,0.0,0.0,0.0,0.0,0.0,0.0,0.0,0.0,0.0,0.6666666666666666,0.0,0.6666666666666666,0.3333333333333333,0.9182958340544896,0.0,0.5052231718898228,0.9510000000000218,0.3126000000000204,0.0,0.8812000000000353,0.8812000000000353,0.3192000000000007,0.24940000000001417,0.920591836744925
EX_07-EE_a,EX_07,EX,EX_UND,NON_UND,0,190.88,191.88,188.88,193.88,5.0,0.30360000000000015,0.6799999999999955,0.0,0.9835999999999956,1,0.8916229923561704,0.8468000000000018,0.0,0.06259999999999763,0.9093999999999994,2,0.36156697848324953,0.26340000000000147,0.26340000000000147,1,1.5180000000000007,1.5180000000000007,2,1.6999999999999886,2.8479999999999848,0,0.0,0.0,0.2,0.6963999999999999,0.0,0,1,0,1,0,0,1,0,0,2,2.1170000000000044,2.9170000000000016,0,0.0,0.0,1,0.3129999999999882,0.3129999999999882,0.4,0.0,1.0,1,0,0,1,1,0,0,0,0,0.0,0.0,1.0,0.0,0.0,0.0,0.0,0.5,0.0,0.0,0.5,0.0,0.0,0.28888888888888886,0.28888888888888886,0.6444444444444445,1.18647414751418,0.17034628596731174,0.4464705882352973,0.9835999999999956,0.37639999999999535,42.34000000000009,0.8468000000000018,-0.8468000000000018,0.5432000000000017,0.6799999999999955,0.5300560138729209
EX_07-EE_a,EX_07,EX,EX_UND,PART_UND,0,221.035,222.035,219.035,224.035,5.0,0.37199999999999706,0.5565999999999974,0.0,0.9285999999999944,1,0.9713022680880277,0.5426000000000102,0.0,0.3367999999999938,0.879400000000004,4,0.9601253212097952,0.24220000000000255,0.24220000000000255,1,1.8599999999999852,1.8599999999999852,1,2.782999999999987,2.782999999999987,0,0.0,0.0,0.2,0.003000000000002956,0.44340000000000257,0,1,0,0,1,1,0,0,0,5,0.5426000000000102,1.1299999999999955,0,0.0,0.0,2,0.8419999999999845,1.4129999999999825,0.8,0.0,1.0,1,0,0,1,1,0,0,0,0,1.0,0.0,0.0,0.0,0.0,0.0,0.0,0.5,0.0,0.0,0.5,0.0,0.0,0.3,0.3,0.3,1.7883763717345071,0.3851644432598216,0.6683435141933144,0.9285999999999945,0.18460000000000037,27.130000000000507,0.5426000000000102,-0.5426000000000102,0.17060000000001313,0.5565999999999974,0.011176946878232452
EX_07-EE_a,EX_07,EX,EX_UND,UND,1,294.0,295.0,292.0,297.0,5.0,0.3442000000000007,0.6190000000000054,0.0,0.9632000000000062,2,0.9404619023129138,0.5641999999999939,0.0,0.3779999999999973,0.9421999999999912,2,0.9716416980271152,0.3195999999999913,0.3195999999999913,1,1.7210000000000036,1.7210000000000036,3,1.0316666666666758,2.150000000000034,0,0.0,0.0,0.4,0.11440000000000054,0.0,0,1,0,1,1,0,0,0,0,3,0.9403333333333231,1.9119999999999777,0,0.0,0.0,2,0.9449999999999932,1.8079999999999927,0.4,0.0,1.0,1,0,0,1,1,0,0,0,0,0.5,0.0,0.5,0.0,0.0,0.0,0.0,0.5,0.0,0.0,0.5,0.0,0.0,0.36363636363636365,0.36363636363636365,0.22727272727272727,1.5440240964819507,0.6289709020331509,0.556058158319867,0.9632000000000062,0.2748000000000047,28.209999999999695,0.5641999999999939,-0.5641999999999939,0.2199999999999932,0.6190000000000054,0.031179795714201375
EX_07-EE_a,EX_07,EX,EX_UND,NON_UND,0,330.0,331.0,328.0,333.0,5.0,0.8182000000000016,0.16579999999999018,0.0,0.9839999999999918,2,0.6542525223822786,0.47319999999998574,0.0,0.4219999999999914,0.8951999999999771,3,0.9976390796411766,0.29139999999998734,0.29139999999998734,2,2.045500000000004,3.0439999999999827,1,0.8289999999999509,0.8289999999999509,0,0.0,0.0,0.4,0.0,0.20940000000000508,1,0,0,0,0,1,1,0,0,4,0.5914999999999822,1.7159999999999513,0,0.0,0.0,3,0.7033333333333189,1.325999999999965,0.6,0.0,1.0,1,0,0,1,0,0,0,0,1,0.5,0.0,0.5,0.0,0.0,0.0,0.0,0.6666666666666666,0.0,0.0,0.3333333333333333,0.0,0.0,0.3488372093023256,0.3488372093023256,0.18604651162790697,1.495057293495702,-0.44582257006028225,4.934861278649277,0.9839999999999918,-0.6524000000000114,23.659999999999286,0.47319999999998574,-0.47319999999998574,0.34500000000001585,0.16579999999999018,0.343386557258898
EX_07-EE_a,EX_07,EX,EX_UND,NON_UND,0,339.0,340.0,337.0,342.0,5.0,0.5906000000000062,0.36920000000000075,0.0,0.959800000000007,2,0.9612692040794626,0.8872000000000071,0.0,0.0,0.8872000000000071,0,-0.0,0.4778000000000134,0.4778000000000134,4,0.7382500000000078,1.2900000000000205,1,1.8460000000000036,1.8460000000000036,0,0.0,0.0,0.4,0.0,0.2865999999999985,1,0,0,0,0,1,1,0,0,2,2.2180000000000177,3.5470000000000255,0,0.0,0.0,0,0.0,0.0,0.0,0.0,1.0,1,0,0,1,1,0,0,0,0,0.5,0.0,0.5,0.0,0.0,0.0,0.0,0.0,0.0,0.0,0.0,0.0,0.0,0.5813953488372093,0.5813953488372093,0.4186046511627907,0.9807983646944296,0.0,1.599674972914423,0.959800000000007,-0.22140000000000548,44.360000000000355,0.8872000000000071,-0.8872000000000071,0.29660000000000086,0.36920000000000075,0.9612692040794626
EX_07-EE_a,EX_07,EX,EX_UND,UND,1,366.0,367.0,364.0,369.0,5.0,0.9682000000000016,0.0,0.0,0.9682000000000016,0,-0.0,0.43659999999999854,0.0,0.4816000000000031,0.9182000000000017,1,0.9982667189858879,0.41800000000000637,0.41800000000000637,3,1.6136666666666695,2.048000000000002,0,0.0,0.0,0,0.0,0.0,0.0,0.0,1.0,1,0,0,0,0,1,1,0,0,1,2.1829999999999927,2.1829999999999927,0,0.0,0.0,3,0.8026666666666719,1.1539999999999964,0.2,0.5634000000000015,1.0,0,0,1,0,1,0,0,1,0,0.0,0.0,0.0,0.0,0.0,0.0,0.0,0.0,0.0,0.0,1.0,0.0,0.0,0.46511627906976744,0.46511627906976744,0.0,0.996485989886783,0.0,48.41000000000008,0.9682000000000016,-0.9682000000000016,21.829999999999927,0.43659999999999854,-0.43659999999999854,0.5316000000000031,0.0,0.9982667189858879
EX_07-EE_a,EX_07,EX,EX_UND,NON_UND,0,373.0,374.0,371.0,376.0,5.0,0.46059999999999945,0.495799999999997,0.0,0.9563999999999965,1,0.9990226529069632,0.672199999999998,0.06380000000000337,0.10720000000000027,0.8432000000000016,5,0.9207624427998101,0.372199999999998,0.372199999999998,2,1.1514999999999986,1.774000000000001,1,2.478999999999985,2.478999999999985,0,0.0,0.0,0.2,0.0,0.504200000000003,0,1,0,0,1,1,0,0,0,5,0.672199999999998,1.48599999999999,1,0.3190000000000168,0.3190000000000168,2,0.2680000000000007,0.3580000000000041,1.0,0.03559999999999945,0.8029999999999973,1,0,0,0,1,0,0,1,0,1.0,0.0,0.0,0.0,0.0,0.0,0.2,0.2,0.2,0.0,0.4,0.0,0.07692307692307693,0.46153846153846156,0.5384615384615384,0.358974358974359,1.7695943615050291,0.2125082926289942,0.9290036304961723,0.9563999999999965,0.03519999999999757,10.536050156739226,0.7360000000000014,-0.6083999999999946,0.21159999999999857,0.43199999999999367,0.07826021010715312
EX_07-EE_a,EX_07,EX,EX_UND,PART_UND,0,391.0,392.0,389.0,394.0,5.0,0.824000000000001,0.0,0.10739999999999554,0.9313999999999965,2,0.5157284654655891,0.6431999999999902,0.0,0.16300000000001091,0.8062000000000011,5,0.7262728289865652,0.4835999999999899,0.4835999999999899,3,1.3733333333333348,1.5360000000000014,0,0.0,0.0,1,0.5369999999999777,0.5369999999999777,0.4,0.0,1.0,1,0,0,0,0,1,1,0,0,3,1.0719999999999839,1.6999999999999886,0,0.0,0.0,3,0.2716666666666849,0.4000000000000341,1.0,0.0,1.0,1,0,0,1,0,0,0,0,1,0.0,0.5,0.0,0.0,0.5,0.0,0.0,0.6,0.0,0.0,0.4,0.0,0.0,0.631578947368421,0.631578947368421,0.0,1.3124308023479359,-0.22360679774997894,41.200000000000045,0.824000000000001,-0.824000000000001,32.15999999999951,0.6431999999999902,-0.6431999999999902,0.18080000000001073,0.0,0.21054436352097605
EX_07-EE_a,EX_07,EX,EX_UND,NON_UND,0,400.0,401.0,398.0,403.0,5.0,0.7553999999999974,0.20159999999999628,0.0,0.9569999999999936,3,0.7427391871400606,0.544799999999998,0.035799999999994725,0.28120000000000117,0.8617999999999938,6,1.1361133702416772,0.40919999999999845,0.40919999999999845,2,1.8884999999999934,2.1070000000000277,2,0.5039999999999907,0.6779999999999973,0,0.0,0.0,0.6,0.010400000000004184,0.344399999999996,1,0,0,0,1,1,0,0,0,4,0.6809999999999974,1.6809999999999832,1,0.17899999999997362,0.17899999999997362,3,0.4686666666666686,0.7760000000000105,1.2,0.017399999999997817,0.9008000000000038,1,0,0,1,0,0,0,0,1,0.6666666666666666,0.0,0.3333333333333333,0.0,0.0,0.0,0.16666666666666666,0.3333333333333333,0.0,0.16666666666666666,0.3333333333333333,0.0,0.0,0.525,0.525,0.15,1.6788628615444123,0.009586621809050875,3.7470238095238657,0.9569999999999936,-0.5538000000000012,15.217877094974252,0.5805999999999927,-0.5090000000000032,0.21059999999999945,0.16580000000000156,0.39337418310161665
EX_07-EE_a,EX_07,EX,EX_UND,NON_UND,0,433.0,434.0,431.0,436.0,5.0,0.6839999999999918,0.23740000000000236,0.0,0.9213999999999942,2,0.8231815821615229,0.8129999999999995,0.0,0.13419999999999846,0.947199999999998,2,0.5886236583100191,0.49699999999999134,0.49699999999999134,3,1.1399999999999864,1.8139999999999645,2,0.5935000000000059,0.8530000000000086,0,0.0,0.0,0.4,0.0,0.0933999999999969,1,0,0,0,0,1,1,0,0,2,2.032499999999999,2.716000000000008,0,0.0,0.0,1,0.6709999999999923,0.6709999999999923,0.4,0.0,1.0,1,0,0,1,1,0,0,0,0,0.5,0.0,0.5,0.0,0.0,0.0,0.0,0.5,0.0,0.0,0.5,0.0,0.0,0.5555555555555556,0.5555555555555556,0.28888888888888886,1.4062174177828848,-0.27356082745120774,2.881213142375674,0.9213999999999942,-0.44659999999998945,40.64999999999998,0.8129999999999995,-0.8129999999999995,0.12900000000000766,0.23740000000000236,0.23455792385150387
EX_07-EE_a,EX_07,EX,EX_UND,PART_UND,0,686.0,687.0,684.0,689.0,5.0,0.0,0.9783999999999878,0.0,0.9783999999999878,0,-0.0,0.10799999999999273,0.8004000000000133,0.0,0.908400000000006,2,0.526162796313594,0.0,0.0,0,0.0,0.0,2,2.4459999999999695,2.6059999999999945,0,0.0,0.0,0.0,1.0,0.0,0,1,0,1,1,0,0,0,0,1,0.5399999999999636,0.5399999999999636,5,0.8004000000000133,1.9610000000000127,0,0.0,0.0,0.4,0.7758000000000038,0.0,0,1,0,0,0,1,1,0,0,0.0,0.0,0.0,0.0,0.0,0.0,0.5,0.0,0.5,0.0,0.0,0.0,0.8636363636363636,0.0,0.8636363636363636,0.13636363636363635,0.5746356978376794,0.0,0.0,0.9783999999999878,0.9783999999999878,0.1349325337331221,0.9084000000000061,0.6924000000000206,0.10799999999999273,0.1779999999999745,0.526162796313594
EX_07-EE_a,EX_07,EX,EX_UND,NON_UND,0,770.0,771.0,768.0,773.0,5.0,0.0,0.9607999999999948,0.0,0.9607999999999948,0,-0.0,0.1203999999999951,0.8322000000000116,0.0,0.9526000000000068,2,0.5474565583590542,0.0,0.0,0,0.0,0.0,3,1.6013333333333246,1.8239999999999554,0,0.0,0.0,0.0,1.0,0.0,0,1,0,1,1,0,0,0,0,1,0.6019999999999754,0.6019999999999754,2,2.080500000000029,2.80600000000004,0,0.0,0.0,0.4,0.2865999999999985,0.0,0,1,0,0,0,1,1,0,0,0.0,0.0,0.0,0.0,0.0,0.0,0.5,0.0,0.5,0.0,0.0,0.0,0.8913043478260869,0.0,0.8913043478260869,0.10869565217391304,0.4959690720618337,0.0,0.0,0.9607999999999948,0.9607999999999948,0.1446767603941281,0.9526000000000067,0.7118000000000165,0.1203999999999951,0.12859999999998317,0.5474565583590542
EX_07-EE_a,EX_07,EX,EX_UND,PART_UND,0,779.0,780.0,777.0,782.0,5.0,0.0,0.9832000000000107,0.0,0.9832000000000107,0,-0.0,0.19200000000000728,0.6267999999999802,0.0,0.8187999999999874,3,0.7857557794413008,0.0,0.0,0,0.0,0.0,2,2.458000000000027,2.830000000000041,0,0.0,0.0,0.0,1.0,0.0,0,1,0,1,1,0,0,0,0,2,0.4800000000000182,0.8360000000000127,4,0.7834999999999752,1.4919999999999618,0,0.0,0.0,0.6,0.29839999999999234,0.0,0,1,0,0,1,1,0,0,0,0.0,0.0,0.0,0.0,0.0,0.0,0.3333333333333333,0.0,0.6666666666666666,0.0,0.0,0.0,0.75,0.0,0.75,0.25,0.8112781244591328,0.0,0.0,0.9832000000000107,0.9832000000000107,0.3063178047224208,0.8187999999999874,0.4347999999999729,0.19200000000000728,0.3564000000000306,0.7857557794413008
EX_07-EE_a,EX_07,EX,EX_UND,PART_UND,0,809.0,810.0,807.0,812.0,5.0,0.0,1.0,0.0,1.0,0,-0.0,0.0,1.0,0.0,1.0,0,-0.0,0.0,0.0,0,0.0,0.0,1,5.0,5.0,0,0.0,0.0,0.0,1.0,0.0,0,1,0,1,1,0,0,0,0,0,0.0,0.0,1,5.0,5.0,0,0.0,0.0,0.0,1.0,0.0,0,1,0,0,0,1,1,0,0,0.0,0.0,0.0,0.0,0.0,0.0,0.0,0.0,0.0,0.0,0.0,0.0,1.0,0.0,1.0,0.0,-0.0,0.0,0.0,1.0,1.0,0.0,1.0,1.0,0.0,0.0,0.0
EX_07-EE_a,EX_07,EX,EX_UND,UND,1,824.0,825.0,822.0,827.0,5.0,0.0,1.0,0.0,1.0,0,-0.0,0.0,0.9288000000000011,0.0,0.9288000000000011,0,-0.0,0.0,0.0,0,0.0,0.0,1,5.0,5.0,0,0.0,0.0,0.0,1.0,0.0,0,1,0,1,1,0,0,0,0,0,0.0,0.0,3,1.5480000000000018,2.4850000000000136,0,0.0,0.0,0.0,1.0,0.0,0,1,0,0,0,1,1,0,0,0.0,0.0,0.0,0.0,0.0,0.0,0.0,0.0,0.0,0.0,0.0,0.0,1.0,0.0,1.0,0.0,-0.0,0.0,0.0,1.0,1.0,0.0,0.9288000000000011,0.9288000000000011,0.0,0.07119999999999893,0.0
EX_07-EE_a,EX_07,EX,EX_UND,NON_UND,0,888.0,889.0,886.0,891.0,5.0,0.13200000000001638,0.8217999999999848,0.0,0.9538000000000011,2,0.5800167943547425,0.06620000000000345,0.8386000000000194,0.0,0.9048000000000229,1,0.3776265729190714,0.0,0.0,1,0.6600000000000819,0.6600000000000819,2,2.054499999999962,3.3019999999999072,0,0.0,0.0,0.4,0.18579999999999472,0.0,0,1,0,1,1,0,0,0,0,1,0.3310000000000173,0.3310000000000173,3,1.397666666666699,2.919999999999959,0,0.0,0.0,0.2,0.0,0.08279999999999746,0,1,0,1,0,0,1,0,0,0.5,0.0,0.5,0.0,0.0,0.0,1.0,0.0,0.0,0.0,0.0,0.0,0.8372093023255814,0.0,0.8372093023255814,0.16279069767441862,0.8013301604210115,-0.08770580193070292,0.160623022633267,0.9538000000000011,0.6897999999999684,0.07894109229668723,0.9048000000000229,0.772400000000016,0.06580000000001293,0.016800000000034676,0.2023902214356711
EX_07-EE_a,EX_07,EX,EX_UND,NON_UND,0,897.0,898.0,895.0,900.0,5.0,0.0,1.0,0.0,1.0,0,-0.0,0.0,0.9746000000000095,0.0,0.9746000000000095,0,-0.0,0.0,0.0,0,0.0,0.0,1,5.0,5.0,0,0.0,0.0,0.0,1.0,0.0,0,1,0,1,1,0,0,0,0,0,0.0,0.0,2,2.4365000000000236,4.335000000000036,0,0.0,0.0,0.0,1.0,0.0,0,1,0,0,0,1,1,0,0,0.0,0.0,0.0,0.0,0.0,0.0,0.0,0.0,0.0,0.0,0.0,0.0,1.0,0.0,1.0,0.0,-0.0,0.0,0.0,1.0,1.0,0.0,0.9746000000000095,0.9746000000000095,0.0,0.02539999999999054,0.0
EX_07-EE_a,EX_07,EX,EX_UND,PART_UND,0,951.0,952.0,949.0,954.0,5.0,0.0,0.958400000000006,0.0,0.958400000000006,0,-0.0,0.0,0.9786000000000058,0.0,0.9786000000000058,0,-0.0,0.0,0.0,0,0.0,0.0,3,1.5973333333333433,2.1280000000000427,0,0.0,0.0,0.0,1.0,0.0,0,1,0,1,1,0,0,0,0,0,0.0,0.0,2,2.4465000000000146,2.504000000000019,0,0.0,0.0,0.0,1.0,0.0,0,1,0,0,0,1,1,0,0,0.0,0.0,0.0,0.0,0.0,0.0,0.0,0.0,0.0,0.0,0.0,0.0,1.0,0.0,1.0,0.0,-0.0,0.0,0.0,0.958400000000006,0.958400000000006,0.0,0.9786000000000058,0.9786000000000058,0.0,0.020199999999999774,0.0
EX_07-EE_a,EX_07,EX,EX_UND,UND,1,973.0,974.0,971.0,976.0,5.0,0.0,0.9804000000000087,0.0,0.9804000000000087,0,-0.0,0.08859999999999672,0.7618000000000166,0.0,0.8504000000000133,2,0.48212698582938607,0.0,0.0,0,0.0,0.0,2,2.451000000000022,2.7240000000000464,0,0.0,0.0,0.0,1.0,0.0,0,1,0,1,1,0,0,0,0,1,0.44299999999998363,0.44299999999998363,5,0.7618000000000166,1.4669999999999845,0,0.0,0.0,0.4,0.04359999999999218,0.0,0,1,0,0,0,1,1,0,0,0.0,0.0,0.0,0.0,0.0,0.0,0.5,0.0,0.5,0.0,0.0,0.0,0.9047619047619048,0.0,0.9047619047619048,0.09523809523809523,0.4537163391869448,0.0,0.0,0.9804000000000087,0.9804000000000087,0.11630349173010605,0.8504000000000133,0.6732000000000199,0.08859999999999672,0.21859999999999213,0.48212698582938607
EX_07-EE_a,EX_07,EX,EX_UND,MISUND,0,1132.0,1133.0,1130.0,1135.0,5.0,0.0,1.0,0.0,1.0,0,-0.0,0.0,0.930200000000059,0.0,0.930200000000059,0,-0.0,0.0,0.0,0,0.0,0.0,1,5.0,5.0,0,0.0,0.0,0.0,1.0,0.0,0,1,0,1,1,0,0,0,0,0,0.0,0.0,4,1.1627500000000737,1.90300000000002,0,0.0,0.0,0.0,1.0,0.0,0,1,0,0,0,1,1,0,0,0.0,0.0,0.0,0.0,0.0,0.0,0.0,0.0,0.0,0.0,0.0,0.0,1.0,0.0,1.0,0.0,-0.0,0.0,0.0,1.0,1.0,0.0,0.930200000000059,0.930200000000059,0.0,0.06979999999994102,0.0
EX_07-EE_a,EX_07,EX,EX_UND,PART_UND,0,1264.0,1265.0,1262.0,1267.0,5.0,0.0,0.9444000000000414,0.0,0.9444000000000414,0,-0.0,0.17459999999996398,0.7126000000000203,0.0,0.8871999999999843,1,0.7154795468371425,0.0,0.0,0,0.0,0.0,3,1.5740000000000691,4.044000000000096,0,0.0,0.0,0.0,1.0,0.0,0,1,0,1,1,0,0,0,0,1,0.8729999999998199,0.8729999999998199,1,3.563000000000102,3.563000000000102,0,0.0,0.0,0.2,0.045200000000022555,0.2873999999999796,0,1,0,1,0,0,1,0,0,0.0,0.0,0.0,0.0,0.0,0.0,1.0,0.0,0.0,0.0,0.0,0.0,0.875,0.0,0.875,0.125,0.5435644431995964,0.0,0.0,0.9444000000000414,0.9444000000000414,0.24501824305354897,0.8871999999999843,0.5380000000000563,0.17459999999996398,0.2318000000000211,0.7154795468371425
EX_07-EE_a,EX_07,EX,EX_UND,UND,1,1526.0,1527.0,1524.0,1529.0,5.0,0.0,0.9813999999999851,0.0,0.9813999999999851,0,-0.0,0.0,0.984400000000005,0.0,0.984400000000005,0,-0.0,0.0,0.0,0,0.0,0.0,2,2.4534999999999627,4.345000000000027,0,0.0,0.0,0.0,1.0,0.0,0,1,0,1,1,0,0,0,0,0,0.0,0.0,2,2.4610000000000127,4.238000000000056,0,0.0,0.0,0.0,1.0,0.0,0,1,0,0,0,1,1,0,0,0.0,0.0,0.0,0.0,0.0,0.0,0.0,0.0,0.0,0.0,0.0,0.0,1.0,0.0,1.0,0.0,-0.0,0.0,0.0,0.9813999999999851,0.9813999999999851,0.0,0.984400000000005,0.984400000000005,0.0,0.0030000000000199867,0.0
EX_07-EE_a,EX_07,EX,EX_UND,NON_UND,0,1577.0,1578.0,1575.0,1580.0,5.0,0.11539999999999964,0.8604000000000269,0.0,0.9758000000000265,2,0.5243441404149589,0.0,0.9512000000000171,0.0,0.9512000000000171,0,-0.0,0.0,0.0,1,0.5769999999999982,0.5769999999999982,2,2.1510000000000673,4.018000000000029,0,0.0,0.0,0.4,0.0568000000000211,0.0,0,1,0,1,1,0,0,0,0,0,0.0,0.0,2,2.3780000000000427,2.619000000000142,0,0.0,0.0,0.0,1.0,0.0,0,1,0,0,0,1,1,0,0,0.5,0.0,0.5,0.0,0.0,0.0,0.0,0.0,0.0,0.0,0.0,0.0,0.8723404255319149,0.0,0.8723404255319149,0.1276595744680851,0.5509844433017146,0.0,0.13412366341236173,0.9758000000000265,0.7450000000000273,0.0,0.9512000000000171,0.9512000000000171,0.11539999999999964,0.09079999999999022,0.5243441404149589
EX_07-EE_a,EX_07,EX,EX_UND,UND,1,1600.0,1601.0,1598.0,1603.0,5.0,0.0,0.9864000000000033,0.0,0.9864000000000033,0,-0.0,0.0,0.8838000000000192,0.0,0.8838000000000192,0,-0.0,0.0,0.0,0,0.0,0.0,2,2.466000000000008,2.560999999999922,0,0.0,0.0,0.0,1.0,0.0,0,1,0,1,1,0,0,0,0,0,0.0,0.0,4,1.104750000000024,1.7830000000001291,0,0.0,0.0,0.0,1.0,0.0,0,1,0,0,0,1,1,0,0,0.0,0.0,0.0,0.0,0.0,0.0,0.0,0.0,0.0,0.0,0.0,0.0,1.0,0.0,1.0,0.0,-0.0,0.0,0.0,0.9864000000000033,0.9864000000000033,0.0,0.8838000000000192,0.8838000000000192,0.0,0.10259999999998404,0.0
EX_07-EE_a,EX_07,EX,EX_UND,UND,1,1764.0,1765.0,1762.0,1767.0,5.0,0.0,1.0,0.0,1.0,0,-0.0,0.0,0.9791999999999916,0.0,0.9791999999999916,0,-0.0,0.0,0.0,0,0.0,0.0,1,5.0,5.0,0,0.0,0.0,0.0,1.0,0.0,0,1,0,1,1,0,0,0,0,0,0.0,0.0,2,2.447999999999979,2.560999999999922,0,0.0,0.0,0.0,1.0,0.0,0,1,0,0,0,1,1,0,0,0.0,0.0,0.0,0.0,0.0,0.0,0.0,0.0,0.0,0.0,0.0,0.0,1.0,0.0,1.0,0.0,-0.0,0.0,0.0,1.0,1.0,0.0,0.9791999999999916,0.9791999999999916,0.0,0.020800000000008367,0.0
EX_07-EE_b,EX_07,EE,EE_UND,UND,1,139.0,140.0,137.0,142.0,5.0,0.0,1.0,0.0,1.0,0,-0.0,0.749599999999998,0.23319999999999935,0.0,0.9827999999999975,4,0.7904897638317596,0.0,0.0,0,0.0,0.0,1,5.0,5.0,0,0.0,0.0,0.0,1.0,0.0,0,1,0,1,1,0,0,0,0,3,1.24933333333333,1.7450000000000045,3,0.3886666666666656,0.6370000000000005,0,0.0,0.0,0.8,0.08659999999999854,0.0,1,0,0,0,0,1,1,0,0,0.0,0.0,0.0,0.0,0.0,0.0,0.5,0.0,0.5,0.0,0.0,0.0,0.22448979591836735,0.0,0.22448979591836735,0.7755102040816326,0.7682814090975242,0.0,0.0,1.0,1.0,3.2144082332761585,0.9827999999999975,-0.5163999999999986,0.749599999999998,0.7668000000000006,0.7904897638317596
EX_07-EE_b,EX_07,EE,EE_UND,UND,1,198.0,199.0,196.0,201.0,5.0,0.6136000000000024,0.37059999999999604,0.0,0.9841999999999984,1,0.955568532414932,0.6114000000000033,0.37659999999999627,0.0,0.9879999999999995,4,0.9588670258056287,0.22880000000000109,0.22880000000000109,1,3.068000000000012,3.068000000000012,2,0.9264999999999901,1.518999999999977,0,0.0,0.0,0.2,0.3863999999999976,0.0,1,0,0,1,0,0,1,0,0,3,1.0190000000000055,1.913000000000011,2,0.9414999999999907,1.2589999999999861,0,0.0,0.0,0.8,0.0,0.3946000000000026,1,0,0,1,1,0,0,0,0,0.0,0.0,1.0,0.0,0.0,0.0,0.5,0.0,0.5,0.0,0.0,0.0,0.0,0.22448979591836735,0.22448979591836735,0.7755102040816326,1.5437916131791567,-0.6333333333333334,1.655693470048594,0.9841999999999984,-0.24300000000000632,1.6234731810940237,0.9879999999999995,-0.234800000000007,0.0021999999999990916,0.006000000000000227,0.003298493390696655
EX_07-EE_b,EX_07,EE,EE_UND,UND,1,315.0,316.0,313.0,318.0,5.0,0.0,1.0,0.0,1.0,0,-0.0,0.0,0.9840000000000032,0.0,0.9840000000000032,0,-0.0,0.0,0.0,0,0.0,0.0,1,5.0,5.0,0,0.0,0.0,0.0,1.0,0.0,0,1,0,1,1,0,0,0,0,0,0.0,0.0,2,2.460000000000008,3.3319999999999936,0,0.0,0.0,0.0,1.0,0.0,0,1,0,0,0,1,1,0,0,0.0,0.0,0.0,0.0,0.0,0.0,0.0,0.0,0.0,0.0,0.0,0.0,1.0,0.0,1.0,0.0,-0.0,0.0,0.0,1.0,1.0,0.0,0.9840000000000032,0.9840000000000032,0.0,0.015999999999996795,0.0
EX_07-EE_b,EX_07,EE,EE_UND,UND,1,613.0,614.0,611.0,616.0,5.0,0.0,1.0,0.0,1.0,0,-0.0,0.0,0.9731999999999971,0.0,0.9731999999999971,0,-0.0,0.0,0.0,0,0.0,0.0,1,5.0,5.0,0,0.0,0.0,0.0,1.0,0.0,0,1,0,1,1,0,0,0,0,0,0.0,0.0,2,2.4329999999999927,4.470000000000027,0,0.0,0.0,0.0,1.0,0.015200000000004366,0,1,0,0,0,1,1,0,0,0.0,0.0,0.0,0.0,0.0,0.0,0.0,0.0,0.0,0.0,0.0,0.0,1.0,0.0,1.0,0.0,-0.0,0.0,0.0,1.0,1.0,0.0,0.9731999999999971,0.9731999999999971,0.0,0.026800000000002933,0.0
EX_07-EE_b,EX_07,EE,EE_UND,PART_UND,0,658.0,659.0,656.0,661.0,5.0,0.0,1.0,0.0,1.0,0,-0.0,0.0,0.9870000000000119,0.0,0.9870000000000119,0,-0.0,0.0,0.0,0,0.0,0.0,1,5.0,5.0,0,0.0,0.0,0.0,1.0,0.0,0,1,0,1,1,0,0,0,0,0,0.0,0.0,2,2.4675000000000296,4.471000000000004,0,0.0,0.0,0.0,1.0,0.0,0,1,0,0,0,1,1,0,0,0.0,0.0,0.0,0.0,0.0,0.0,0.0,0.0,0.0,0.0,0.0,0.0,1.0,0.0,1.0,0.0,-0.0,0.0,0.0,1.0,1.0,0.0,0.9870000000000119,0.9870000000000119,0.0,0.012999999999988132,0.0
EX_07-EE_b,EX_07,EE,EE_UND,UND,1,973.0,974.0,971.0,976.0,5.0,0.0,0.9765999999999849,0.0,0.9765999999999849,0,-0.0,0.0,0.9875999999999976,0.0,0.9875999999999976,0,-0.0,0.0,0.0,0,0.0,0.0,2,2.4414999999999623,2.9529999999999745,0,0.0,0.0,0.0,1.0,0.0,0,1,0,1,1,0,0,0,0,0,0.0,0.0,2,2.468999999999994,3.856999999999971,0,0.0,0.0,0.0,1.0,0.0,0,1,0,0,0,1,1,0,0,0.0,0.0,0.0,0.0,0.0,0.0,0.0,0.0,0.0,0.0,0.0,0.0,1.0,0.0,1.0,0.0,-0.0,0.0,0.0,0.9765999999999849,0.9765999999999849,0.0,0.9875999999999976,0.9875999999999976,0.0,0.011000000000012666,0.0
EX_07-EE_b,EX_07,EX,EX_UND,PART_UND,0,109.0,110.0,107.0,112.0,5.0,0.4383999999999986,0.5307999999999993,0.0,0.9691999999999978,1,0.9934336887906019,0.25699999999999934,0.704800000000003,0.0,0.9618000000000023,3,0.8374287101728677,0.25699999999999934,0.25699999999999934,1,2.191999999999993,2.191999999999993,1,2.6539999999999964,2.6539999999999964,0,0.0,0.0,0.2,0.0,0.4692000000000007,0,1,0,0,1,1,0,0,0,2,0.6424999999999983,1.188999999999993,2,1.7620000000000076,2.986000000000004,0,0.0,0.0,0.6,0.0,0.038399999999998616,0,1,0,1,0,0,1,0,0,1.0,0.0,0.0,0.0,0.0,0.0,0.6666666666666666,0.0,0.3333333333333333,0.0,0.0,0.0,0.5652173913043478,0.2826086956521739,0.8478260869565217,0.15217391304347827,1.3938090547112343,0.7156264473321345,0.8259231348907295,0.9691999999999978,0.09240000000000065,0.3646424517593619,0.9618000000000023,0.44780000000000364,0.18139999999999928,0.1740000000000037,0.1560049786177342
EX_07-EE_b,EX_07,EX,EX_UND,PART_UND,0,171.0,172.0,169.0,174.0,5.0,1.0,0.0,0.0,1.0,0,-0.0,0.6507999999999982,0.3103999999999985,0.0,0.9611999999999966,4,0.9075389593152949,0.6507999999999982,0.6507999999999982,1,5.0,5.0,0,0.0,0.0,0,0.0,0.0,0.0,0.0,1.0,1,0,0,0,0,1,1,0,0,2,1.6269999999999953,2.4639999999999986,3,0.5173333333333309,0.7779999999999916,0,0.0,0.0,0.8,0.10559999999999832,0.0,1,0,0,0,0,1,1,0,0,0.0,0.0,0.0,0.0,0.0,0.0,0.5,0.0,0.5,0.0,0.0,0.0,0.0,0.6666666666666666,0.6666666666666666,0.3333333333333333,0.9182958340544896,0.0,50.0,1.0,-1.0,2.0966494845360866,0.9611999999999967,-0.34039999999999965,0.34920000000000184,0.3103999999999985,0.9075389593152949
EX_07-EE_b,EX_07,EX,EX_UND,PART_UND,0,202.0,203.0,200.0,205.0,5.0,0.673399999999998,0.2781999999999982,0.0,0.9515999999999962,1,0.871737231574369,0.2819999999999993,0.6915999999999997,0.0,0.973599999999999,4,0.8682643919149419,0.2819999999999993,0.2819999999999993,2,1.6834999999999951,3.151999999999987,1,1.3909999999999911,1.3909999999999911,0,0.0,0.0,0.2,0.0,0.7218000000000018,1,0,0,0,1,1,0,0,0,2,0.7049999999999983,0.9449999999999932,3,1.152666666666666,1.9590000000000032,0,0.0,0.0,0.8,0.12019999999999982,0.0,0,1,0,0,0,1,1,0,0,1.0,0.0,0.0,0.0,0.0,0.0,0.5,0.0,0.5,0.0,0.0,0.0,0.28888888888888886,0.28888888888888886,0.5777777777777777,0.4222222222222222,1.5602518646164185,0.40625,2.4205607476635596,0.9515999999999962,-0.3951999999999998,0.40775014459224906,0.9735999999999989,0.40960000000000035,0.3913999999999987,0.41340000000000143,0.0034728396594271294
EX_07-EE_b,EX_07,EX,EX_UND,PART_UND,0,275.0,276.0,273.0,278.0,5.0,0.5211999999999989,0.273599999999999,0.02459999999999809,0.819399999999996,2,1.0954332585129516,0.18280000000000882,0.7641999999999939,0.0,0.9470000000000027,5,0.7077684123893185,0.006600000000003092,0.006600000000003092,1,2.6059999999999945,2.6059999999999945,2,0.6839999999999975,1.0600000000000023,1,0.12299999999999045,0.12299999999999045,0.4,0.0,0.5211999999999989,1,0,0,0,0,1,0,0,1,3,0.30466666666668135,0.5710000000000264,6,0.6368333333333283,1.5409999999999968,0,0.0,0.0,1.0,0.0,0.02559999999999718,0,1,0,1,0,0,1,0,0,0.5,0.0,0.0,0.5,0.0,0.0,0.6,0.0,0.4,0.0,0.0,0.0,0.1794871794871795,0.05128205128205128,0.23076923076923078,0.7435897435897436,1.6648077458355441,-0.4140949823142997,1.904970760233921,0.794799999999998,-0.24759999999999988,0.2392043967547897,0.9470000000000027,0.581399999999985,0.33839999999999004,0.4905999999999949,0.38766484612363306
EX_07-EE_b,EX_07,EX,EX_UND,UND,1,443.0,444.0,441.0,446.0,5.0,0.327800000000002,0.6526000000000067,0.0,0.9804000000000087,2,0.9193124504621537,0.07540000000000191,0.882400000000007,0.0,0.9578000000000089,2,0.3976602453119158,0.07540000000000191,0.07540000000000191,1,1.63900000000001,1.63900000000001,2,1.6315000000000168,2.5160000000000196,0,0.0,0.0,0.4,0.1494000000000028,0.0,0,1,0,1,1,0,0,0,0,1,0.37700000000000955,0.37700000000000955,3,1.4706666666666781,2.617999999999995,0,0.0,0.0,0.4,0.3816000000000031,0.0,0,1,0,0,0,1,1,0,0,0.5,0.0,0.5,0.0,0.0,0.0,0.5,0.0,0.5,0.0,0.0,0.0,0.6808510638297872,0.06382978723404255,0.7446808510638298,0.2553191489361702,1.1338561386815236,0.3813850356982369,0.5022984983144324,0.9804000000000087,0.32480000000000475,0.08544877606527801,0.9578000000000089,0.807000000000005,0.25240000000000007,0.22980000000000023,0.5216522051502379
EX_07-EE_b,EX_07,EX,EX_UND,NON_UND,0,461.6,462.6,459.6,464.6,5.0,0.0,0.9796000000000049,0.0,0.9796000000000049,0,-0.0,0.0,0.9720000000000028,0.0,0.9720000000000028,0,-0.0,0.0,0.0,0,0.0,0.0,2,2.4490000000000123,2.6280000000000427,0,0.0,0.0,0.0,1.0,0.0,0,1,0,1,1,0,0,0,0,0,0.0,0.0,3,1.6200000000000045,2.0780000000000314,0,0.0,0.0,0.0,1.0,0.0,0,1,0,0,0,1,1,0,0,0.0,0.0,0.0,0.0,0.0,0.0,0.0,0.0,0.0,0.0,0.0,0.0,1.0,0.0,1.0,0.0,-0.0,0.0,0.0,0.9796000000000049,0.9796000000000049,0.0,0.9720000000000028,0.9720000000000028,0.0,0.007600000000002161,0.0
EX_07-EE_b,EX_07,EX,EX_UND,UND,1,473.0,474.0,471.0,476.0,5.0,0.27800000000000863,0.6843999999999937,0.0,0.9624000000000024,2,0.8672456106295614,0.0,0.9677999999999998,0.0,0.9677999999999998,0,-0.0,0.0,0.0,1,1.3900000000000432,1.3900000000000432,2,1.7109999999999843,3.062999999999988,0,0.0,0.0,0.4,0.0905999999999949,0.0,0,1,0,1,1,0,0,0,0,0,0.0,0.0,3,1.6129999999999995,3.401999999999987,0,0.0,0.0,0.0,1.0,0.0,0,1,0,0,0,1,1,0,0,0.5,0.0,0.5,0.0,0.0,0.0,0.0,0.0,0.0,0.0,0.0,0.0,0.717391304347826,0.0,0.717391304347826,0.2826086956521739,0.8589810370425963,0.0,0.4061952074810216,0.9624000000000024,0.40639999999998505,0.0,0.9677999999999998,0.9677999999999998,0.27800000000000863,0.2834000000000061,0.8672456106295614
EX_07-EE_b,EX_07,EX,EX_UND,PART_UND,0,496.0,497.0,494.0,499.0,5.0,0.15359999999999446,0.8303999999999974,0.0,0.9839999999999918,1,0.6248914000851752,0.0,0.9854000000000042,0.0,0.9854000000000042,0,-0.0,0.0,0.0,1,0.7679999999999723,0.7679999999999723,1,4.151999999999987,4.151999999999987,0,0.0,0.0,0.2,0.0,0.16960000000000264,0,1,0,0,1,1,0,0,0,0,0.0,0.0,2,2.4635000000000105,3.5120000000000005,0,0.0,0.0,0.0,1.0,0.0,0,1,0,0,0,1,1,0,0,1.0,0.0,0.0,0.0,0.0,0.0,0.0,0.0,0.0,0.0,0.0,0.0,0.8367346938775511,0.0,0.8367346938775511,0.16326530612244897,0.6420642892306891,0.0,0.18497109826588987,0.9839999999999918,0.676800000000003,0.0,0.9854000000000042,0.9854000000000042,0.15359999999999446,0.1550000000000068,0.6248914000851752
EX_07-EE_b,EX_07,EX,EX_UND,PART_UND,0,514.0,515.0,512.0,517.0,5.0,0.7794000000000096,0.18420000000000983,0.0,0.9636000000000194,2,0.7038879571590196,0.19400000000000545,0.786999999999989,0.0,0.9809999999999945,2,0.7174201375763423,0.19400000000000545,0.19400000000000545,1,3.897000000000048,3.897000000000048,2,0.46050000000002456,0.7970000000000255,0,0.0,0.0,0.4,0.17999999999999544,0.0,1,0,0,1,1,0,0,0,0,1,0.9700000000000273,0.9700000000000273,2,1.9674999999999727,3.044999999999959,0,0.0,0.0,0.4,0.6089999999999918,0.0,0,1,0,0,0,1,1,0,0,0.5,0.0,0.5,0.0,0.0,0.0,0.5,0.0,0.5,0.0,0.0,0.0,0.19148936170212766,0.2127659574468085,0.40425531914893614,0.5957446808510638,1.3768326010506726,0.253004703120028,4.231270358306015,0.9636000000000194,-0.5951999999999998,0.2465057179161476,0.9809999999999945,0.5929999999999835,0.5854000000000041,0.6027999999999792,0.013532180417322626
EX_07-EE_b,EX_07,EX,EX_UND,PART_UND,0,550.0,551.0,548.0,553.0,5.0,0.0,1.0,0.0,1.0,0,-0.0,0.0,0.9919999999999846,0.0,0.9919999999999846,0,-0.0,0.0,0.0,0,0.0,0.0,1,5.0,5.0,0,0.0,0.0,0.0,1.0,0.0,0,1,0,1,1,0,0,0,0,0,0.0,0.0,2,2.4799999999999613,3.2749999999999773,0,0.0,0.0,0.0,1.0,0.0,0,1,0,0,0,1,1,0,0,0.0,0.0,0.0,0.0,0.0,0.0,0.0,0.0,0.0,0.0,0.0,0.0,1.0,0.0,1.0,0.0,-0.0,0.0,0.0,1.0,1.0,0.0,0.9919999999999846,0.9919999999999846,0.0,0.00800000000001544,0.0
EX_07-EE_b,EX_07,EX,EX_UND,UND,1,617.0,618.0,615.0,620.0,5.0,0.0,1.0,0.0,1.0,0,-0.0,0.0,0.9720000000000028,0.0,0.9720000000000028,0,-0.0,0.0,0.0,0,0.0,0.0,1,5.0,5.0,0,0.0,0.0,0.0,1.0,0.0,0,1,0,1,1,0,0,0,0,0,0.0,0.0,3,1.6200000000000045,2.1989999999999554,0,0.0,0.0,0.0,1.0,0.0,0,1,0,0,0,1,1,0,0,0.0,0.0,0.0,0.0,0.0,0.0,0.0,0.0,0.0,0.0,0.0,0.0,1.0,0.0,1.0,0.0,-0.0,0.0,0.0,1.0,1.0,0.0,0.9720000000000028,0.9720000000000028,0.0,0.02799999999999725,0.0
EX_07-EE_b,EX_07,EX,EX_UND,UND,1,681.0,682.0,679.0,684.0,5.0,0.0,0.9841999999999871,0.0,0.9841999999999871,0,-0.0,0.0,1.0,0.0,1.0,0,-0.0,0.0,0.0,0,0.0,0.0,2,2.4604999999999677,2.770999999999958,0,0.0,0.0,0.0,1.0,0.0,0,1,0,1,1,0,0,0,0,0,0.0,0.0,1,5.0,5.0,0,0.0,0.0,0.0,1.0,0.0,0,1,0,0,0,1,1,0,0,0.0,0.0,0.0,0.0,0.0,0.0,0.0,0.0,0.0,0.0,0.0,0.0,1.0,0.0,1.0,0.0,-0.0,0.0,0.0,0.9841999999999871,0.9841999999999871,0.0,1.0,1.0,0.0,0.015800000000012915,0.0
EX_07-EE_b,EX_07,EX,EX_UND,PART_UND,0,761.0,762.0,759.0,764.0,5.0,0.0,0.9788000000000011,0.0,0.9788000000000011,0,-0.0,0.0,0.9837999999999966,0.0,0.9837999999999966,0,-0.0,0.0,0.0,0,0.0,0.0,2,2.4470000000000027,4.072000000000003,0,0.0,0.0,0.0,1.0,0.0,0,1,0,1,1,0,0,0,0,0,0.0,0.0,2,2.4594999999999914,3.7939999999999827,0,0.0,0.0,0.0,1.0,0.0,0,1,0,0,0,1,1,0,0,0.0,0.0,0.0,0.0,0.0,0.0,0.0,0.0,0.0,0.0,0.0,0.0,1.0,0.0,1.0,0.0,-0.0,0.0,0.0,0.9788000000000011,0.9788000000000011,0.0,0.9837999999999966,0.9837999999999966,0.0,0.0049999999999954525,0.0
EX_07-EE_b,EX_07,EX,EX_UND,PART_UND,0,895.0,896.0,893.0,898.0,5.0,0.0,0.9796000000000049,0.0,0.9796000000000049,0,-0.0,0.0,1.0,0.0,1.0,0,-0.0,0.0,0.0,0,0.0,0.0,2,2.4490000000000123,3.3079999999999927,0,0.0,0.0,0.0,1.0,0.0,0,1,0,1,1,0,0,0,0,0,0.0,0.0,1,5.0,5.0,0,0.0,0.0,0.0,1.0,0.0,0,1,0,0,0,1,1,0,0,0.0,0.0,0.0,0.0,0.0,0.0,0.0,0.0,0.0,0.0,0.0,0.0,1.0,0.0,1.0,0.0,-0.0,0.0,0.0,0.9796000000000049,0.9796000000000049,0.0,1.0,1.0,0.0,0.02039999999999509,0.0
EX_07-EE_b,EX_07,EX,EX_UND,UND,1,945.0,946.0,943.0,948.0,5.0,0.0,1.0,0.0,1.0,0,-0.0,0.0,0.9660000000000082,0.0,0.9660000000000082,0,-0.0,0.0,0.0,0,0.0,0.0,1,5.0,5.0,0,0.0,0.0,0.0,1.0,0.0,0,1,0,1,1,0,0,0,0,0,0.0,0.0,3,1.6100000000000136,2.8310000000000173,0,0.0,0.0,0.0,1.0,0.0,0,1,0,0,0,1,1,0,0,0.0,0.0,0.0,0.0,0.0,0.0,0.0,0.0,0.0,0.0,0.0,0.0,1.0,0.0,1.0,0.0,-0.0,0.0,0.0,1.0,1.0,0.0,0.9660000000000082,0.9660000000000082,0.0,0.033999999999991815,0.0
EX_07-EE_b,EX_07,EX,EX_UND,UND,1,1198.0,1199.0,1196.0,1201.0,5.0,0.0,0.9529999999999745,0.0,0.9529999999999745,0,-0.0,0.0,0.9503999999999451,0.0,0.9503999999999451,0,-0.0,0.0,0.0,0,0.0,0.0,3,1.588333333333291,2.7799999999999727,0,0.0,0.0,0.0,1.0,0.0,0,1,0,1,1,0,0,0,0,0,0.0,0.0,4,1.1879999999999313,1.8759999999999764,0,0.0,0.0,0.0,1.0,0.0,0,1,0,0,0,1,1,0,0,0.0,0.0,0.0,0.0,0.0,0.0,0.0,0.0,0.0,0.0,0.0,0.0,1.0,0.0,1.0,0.0,-0.0,0.0,0.0,0.9529999999999745,0.9529999999999745,0.0,0.9503999999999451,0.9503999999999451,0.0,0.0026000000000294676,0.0
EX_07-EE_c,EX_07,EE,EE_UND,PART_UND,0,133.0,134.0,131.0,136.0,5.0,0.9911999999999977,0.0,0.0,0.9911999999999977,0,-0.0,0.43459999999999466,0.5496000000000038,0.0,0.9841999999999984,6,0.9901288888210407,0.43459999999999466,0.43459999999999466,1,4.955999999999989,4.955999999999989,0,0.0,0.0,0,0.0,0.0,0.0,0.0,1.0,1,0,0,0,0,1,1,0,0,3,0.7243333333333245,0.9339999999999975,4,0.6870000000000047,1.0459999999999923,0,0.0,0.0,1.2,0.20919999999999844,0.0,0,1,0,0,0,1,1,0,0,0.0,0.0,0.0,0.0,0.0,0.0,0.5,0.0,0.5,0.0,0.0,0.0,0.0,0.44,0.44,0.56,0.9895875212220556,0.0,49.55999999999989,0.9911999999999977,-0.9911999999999977,0.7907569141193445,0.9841999999999984,0.1150000000000091,0.5566000000000031,0.5496000000000038,0.9901288888210407
EX_07-EE_c,EX_07,EE,EE_UND,UND,1,289.0,290.0,287.0,292.0,5.0,0.0,1.0,0.0,1.0,0,-0.0,0.0,0.9723999999999933,0.0,0.9723999999999933,0,-0.0,0.0,0.0,0,0.0,0.0,1,5.0,5.0,0,0.0,0.0,0.0,1.0,0.0,0,1,0,1,1,0,0,0,0,0,0.0,0.0,3,1.6206666666666554,2.380999999999972,0,0.0,0.0,0.0,1.0,0.0,0,1,0,0,0,1,1,0,0,0.0,0.0,0.0,0.0,0.0,0.0,0.0,0.0,0.0,0.0,0.0,0.0,1.0,0.0,1.0,0.0,-0.0,0.0,0.0,1.0,1.0,0.0,0.9723999999999933,0.9723999999999933,0.0,0.02760000000000673,0.0
EX_07-EE_c,EX_07,EE,EE_UND,UND,1,435.0,436.0,433.0,438.0,5.0,0.24219999999999117,0.7440000000000054,0.0,0.9861999999999966,2,0.8042119143855722,0.06499999999999773,0.9350000000000023,0.0,1.0,2,0.34698128810060463,0.0,0.0,1,1.210999999999956,1.210999999999956,2,1.8600000000000136,2.2900000000000205,0,0.0,0.0,0.4,0.29980000000000473,0.0,0,1,0,1,1,0,0,0,0,1,0.32499999999998863,0.32499999999998863,2,2.3375000000000057,2.7590000000000146,0,0.0,0.0,0.4,0.551800000000003,0.0,0,1,0,0,0,1,1,0,0,0.5,0.0,0.5,0.0,0.0,0.0,0.5,0.0,0.5,0.0,0.0,0.0,0.68,0.0,0.68,0.32,1.1271693809645404,-0.14975540725179204,0.3255376344085879,0.9861999999999966,0.5018000000000142,0.06951871657753751,1.0,0.8700000000000045,0.17719999999999345,0.19099999999999684,0.4572306262849675
EX_07-EE_c,EX_07,EE,EE_UND,UND,1,470.0,471.0,468.0,473.0,5.0,0.0,1.0,0.0,1.0,0,-0.0,0.0,0.9836000000000013,0.0,0.9836000000000013,0,-0.0,0.0,0.0,0,0.0,0.0,1,5.0,5.0,0,0.0,0.0,0.0,1.0,0.0,0,1,0,1,1,0,0,0,0,0,0.0,0.0,2,2.459000000000003,4.3940000000000055,0,0.0,0.0,0.0,1.0,0.0,0,1,0,0,0,1,1,0,0,0.0,0.0,0.0,0.0,0.0,0.0,0.0,0.0,0.0,0.0,0.0,0.0,1.0,0.0,1.0,0.0,-0.0,0.0,0.0,1.0,1.0,0.0,0.9836000000000013,0.9836000000000013,0.0,0.01639999999999875,0.0
EX_07-EE_c,EX_07,EE,EE_UND,UND,1,650.0,651.0,648.0,653.0,5.0,0.0,0.9533999999999878,0.0,0.9533999999999878,0,-0.0,0.005799999999999273,0.974799999999982,0.0,0.9805999999999813,1,0.0522856932417765,0.0,0.0,0,0.0,0.0,3,1.5889999999999798,3.600999999999999,0,0.0,0.0,0.0,1.0,0.0,0,1,0,1,1,0,0,0,0,1,0.028999999999996362,0.028999999999996362,2,2.436999999999955,2.7999999999999545,0,0.0,0.0,0.2,0.0,0.005799999999999273,0,1,0,1,0,0,1,0,0,0.0,0.0,0.0,0.0,0.0,0.0,1.0,0.0,0.0,0.0,0.0,0.0,0.9791666666666666,0.0,0.9791666666666666,0.020833333333333332,0.1460942501201363,0.0,0.0,0.9533999999999878,0.9533999999999878,0.0059499384489119615,0.9805999999999813,0.9689999999999828,0.005799999999999273,0.0213999999999942,0.0522856932417765
EX_07-EE_c,EX_07,EE,EE_UND,UND,1,845.0,846.0,843.0,848.0,5.0,0.0,1.0,0.0,1.0,0,-0.0,0.02419999999999618,0.9523999999999887,0.0,0.9765999999999849,2,0.1674959035943246,0.0,0.0,0,0.0,0.0,1,5.0,5.0,0,0.0,0.0,0.0,1.0,0.0,0,1,0,1,1,0,0,0,0,1,0.1209999999999809,0.1209999999999809,3,1.5873333333333146,2.617999999999938,0,0.0,0.0,0.4,0.7125999999999977,0.0,0,1,0,0,0,1,1,0,0,0.0,0.0,0.0,0.0,0.0,0.0,0.5,0.0,0.5,0.0,0.0,0.0,0.9795918367346939,0.0,0.9795918367346939,0.02040816326530612,0.14372616993938178,0.0,0.0,1.0,1.0,0.025409491810160088,0.9765999999999849,0.9281999999999925,0.02419999999999618,0.0476000000000113,0.1674959035943246
EX_07-EE_c,EX_07,EX,EX_UND,UND,1,125.0,126.0,123.0,128.0,5.0,0.21440000000000053,0.7695999999999998,0.0,0.9840000000000003,1,0.7562889013408605,0.5391999999999996,0.4274000000000001,0.0,0.9665999999999997,3,0.9903282062267512,0.0,0.0,1,1.0720000000000027,1.0720000000000027,1,3.847999999999999,3.847999999999999,0,0.0,0.0,0.2,0.0,0.23040000000000022,0,1,0,0,1,1,0,0,0,3,0.898666666666666,1.5019999999999953,2,1.0685000000000002,1.4920000000000044,0,0.0,0.0,0.6,0.3062000000000012,0.0,1,0,0,0,1,1,0,0,0,1.0,0.0,0.0,0.0,0.0,0.0,0.3333333333333333,0.0,0.6666666666666666,0.0,0.0,0.0,0.20833333333333334,0.0,0.20833333333333334,0.7916666666666666,1.4254835150482905,-0.6182551109690742,0.2785862785862793,0.9840000000000004,0.5551999999999992,1.2615816565278415,0.9665999999999997,-0.11179999999999946,0.32479999999999903,0.3421999999999997,0.23403930488589075
EX_07-EE_c,EX_07,EX,EX_UND,UND,1,140.0,141.0,138.0,143.0,5.0,0.0,0.9672000000000025,0.0,0.9672000000000025,0,-0.0,0.6387999999999977,0.32939999999999825,0.0,0.968199999999996,4,0.9250280834341289,0.0,0.0,0,0.0,0.0,3,1.6120000000000043,2.343999999999994,0,0.0,0.0,0.0,1.0,0.0,0,1,0,1,1,0,0,0,0,4,0.7984999999999971,1.7450000000000045,3,0.5489999999999972,0.6370000000000005,0,0.0,0.0,0.8,0.0,0.042399999999997814,1,0,0,1,1,0,0,0,0,0.0,0.0,0.0,0.0,0.0,0.0,0.5,0.0,0.5,0.0,0.0,0.0,0.3125,0.0,0.3125,0.6875,0.8960382325345574,0.0,0.0,0.9672000000000025,0.9672000000000025,1.9392835458409263,0.968199999999996,-0.30939999999999945,0.6387999999999977,0.6378000000000043,0.9250280834341289
EX_07-EE_c,EX_07,EX,EX_UND,UND,1,184.0,185.0,182.0,187.0,5.0,0.5884000000000015,0.33279999999999743,0.0,0.9211999999999989,2,0.9437306202525728,0.3569999999999993,0.5988000000000057,0.0,0.955800000000005,7,0.9533284178449607,0.25219999999999915,0.25219999999999915,2,1.4710000000000036,1.6020000000000039,1,1.6639999999999873,1.6639999999999873,0,0.0,0.0,0.4,0.0,0.37740000000000007,1,0,0,0,0,1,1,0,0,4,0.44624999999999915,0.8979999999999961,4,0.748500000000007,1.990000000000009,0,0.0,0.0,1.4,0.0,0.001999999999998181,0,1,0,1,0,0,1,0,0,0.5,0.0,0.5,0.0,0.0,0.0,0.5714285714285714,0.0,0.42857142857142855,0.0,0.0,0.0,0.25,0.29545454545454547,0.5454545454545454,0.45454545454545453,1.9055119925143642,0.1485070185356051,1.7680288461538642,0.9211999999999989,-0.25560000000000405,0.5961923847695323,0.955800000000005,0.24180000000000634,0.23140000000000216,0.26600000000000823,0.00959779759238788
EX_07-EE_c,EX_07,EX,EX_UND,UND,1,227.0,228.0,225.0,230.0,5.0,0.39200000000000157,0.5886000000000025,0.0,0.980600000000004,1,0.9708072459327136,0.3425999999999931,0.6430000000000063,0.0,0.9855999999999995,6,0.9319113823275837,0.15099999999999908,0.15099999999999908,1,1.960000000000008,1.960000000000008,1,2.943000000000012,2.943000000000012,0,0.0,0.0,0.2,0.0,0.4113999999999976,0,1,0,0,1,1,0,0,0,4,0.42824999999999136,0.6409999999999911,3,1.0716666666666772,2.082000000000022,0,0.0,0.0,1.2,0.0,0.034199999999998454,0,1,0,1,1,0,0,0,0,1.0,0.0,0.0,0.0,0.0,0.0,0.5,0.0,0.5,0.0,0.0,0.0,0.4375,0.16666666666666666,0.6041666666666666,0.3958333333333333,1.8705372156510678,0.15061880828219446,0.6659870880054365,0.980600000000004,0.19660000000000089,0.532814930015536,0.9855999999999994,0.30040000000001327,0.04940000000000849,0.05440000000000389,0.038895863605129866
EX_07-EE_c,EX_07,EX,EX_UND,UND,1,366.0,367.0,364.0,369.0,5.0,0.0,1.0,0.0,1.0,0,-0.0,0.0,1.0,0.0,1.0,0,-0.0,0.0,0.0,0,0.0,0.0,1,5.0,5.0,0,0.0,0.0,0.0,1.0,0.0,0,1,0,1,1,0,0,0,0,0,0.0,0.0,1,5.0,5.0,0,0.0,0.0,0.0,1.0,0.0,0,1,0,0,0,1,1,0,0,0.0,0.0,0.0,0.0,0.0,0.0,0.0,0.0,0.0,0.0,0.0,0.0,1.0,0.0,1.0,0.0,-0.0,0.0,0.0,1.0,1.0,0.0,1.0,1.0,0.0,0.0,0.0
EX_07-EE_c,EX_07,EX,EX_UND,PART_UND,0,379.0,380.0,377.0,382.0,5.0,0.0,1.0,0.0,1.0,0,-0.0,0.0,0.9831999999999994,0.0,0.9831999999999994,0,-0.0,0.0,0.0,0,0.0,0.0,1,5.0,5.0,0,0.0,0.0,0.0,1.0,0.0,0,1,0,1,1,0,0,0,0,0,0.0,0.0,2,2.4579999999999984,3.6000000000000227,0,0.0,0.0,0.0,1.0,0.0,0,1,0,0,0,1,1,0,0,0.0,0.0,0.0,0.0,0.0,0.0,0.0,0.0,0.0,0.0,0.0,0.0,1.0,0.0,1.0,0.0,-0.0,0.0,0.0,1.0,1.0,0.0,0.9831999999999994,0.9831999999999994,0.0,0.016800000000000592,0.0
EX_07-EE_c,EX_07,EX,EX_UND,NON_UND,0,402.0,403.0,400.0,405.0,5.0,0.0,0.9796000000000049,0.0,0.9796000000000049,0,-0.0,0.0,0.9829999999999928,0.0,0.9829999999999928,0,-0.0,0.0,0.0,0,0.0,0.0,2,2.4490000000000123,2.531000000000006,0,0.0,0.0,0.0,1.0,0.0,0,1,0,1,1,0,0,0,0,0,0.0,0.0,2,2.457499999999982,4.408999999999992,0,0.0,0.0,0.0,1.0,0.0,0,1,0,0,0,1,1,0,0,0.0,0.0,0.0,0.0,0.0,0.0,0.0,0.0,0.0,0.0,0.0,0.0,1.0,0.0,1.0,0.0,-0.0,0.0,0.0,0.9796000000000049,0.9796000000000049,0.0,0.9829999999999928,0.9829999999999928,0.0,0.003399999999987857,0.0
EX_07-EE_c,EX_07,EX,EX_UND,NON_UND,0,457.0,458.0,455.0,460.0,5.0,0.2495999999999981,0.7309999999999945,0.0,0.9805999999999926,1,0.8183918325064575,0.0,0.9846000000000004,0.0,0.9846000000000004,0,-0.0,0.0,0.0,1,1.2479999999999905,1.2479999999999905,1,3.6549999999999727,3.6549999999999727,0,0.0,0.0,0.2,0.0,0.26900000000000546,0,1,0,0,1,1,0,0,0,0,0.0,0.0,2,2.461500000000001,2.6440000000000055,0,0.0,0.0,0.0,1.0,0.0,0,1,0,0,0,1,1,0,0,1.0,0.0,0.0,0.0,0.0,0.0,0.0,0.0,0.0,0.0,0.0,0.0,0.7291666666666666,0.0,0.7291666666666666,0.2708333333333333,0.8426578772022391,0.0,0.34145006839945274,0.9805999999999926,0.48139999999999644,0.0,0.9846000000000004,0.9846000000000004,0.2495999999999981,0.2536000000000058,0.8183918325064575
EX_07-EE_c,EX_07,EX,EX_UND,UND,1,515.0,516.0,513.0,518.0,5.0,0.0,0.9782000000000153,0.0,0.9782000000000153,0,-0.0,0.2981999999999971,0.6645999999999959,0.0,0.9627999999999929,3,0.8928518842611115,0.0,0.0,0,0.0,0.0,2,2.445500000000038,4.426000000000045,0,0.0,0.0,0.0,1.0,0.0,0,1,0,1,1,0,0,0,0,2,0.7454999999999927,0.9700000000000273,2,1.6614999999999895,2.044999999999959,0,0.0,0.0,0.6,0.4089999999999918,0.0,0,1,0,0,1,1,0,0,0,0.0,0.0,0.0,0.0,0.0,0.0,0.3333333333333333,0.0,0.6666666666666666,0.0,0.0,0.0,0.7021276595744681,0.0,0.7021276595744681,0.2978723404255319,0.8786744932173093,0.0,0.0,0.9782000000000153,0.9782000000000153,0.44869094191995024,0.962799999999993,0.3663999999999988,0.2981999999999971,0.3136000000000194,0.8928518842611115
EX_07-EE_c,EX_07,EX,EX_UND,UND,1,612.0,613.0,610.0,615.0,5.0,0.0,1.0,0.0,1.0,0,-0.0,0.0,0.9836000000000013,0.0,0.9836000000000013,0,-0.0,0.0,0.0,0,0.0,0.0,1,5.0,5.0,0,0.0,0.0,0.0,1.0,0.0,0,1,0,1,1,0,0,0,0,0,0.0,0.0,2,2.459000000000003,3.923999999999978,0,0.0,0.0,0.0,1.0,0.0,0,1,0,0,0,1,1,0,0,0.0,0.0,0.0,0.0,0.0,0.0,0.0,0.0,0.0,0.0,0.0,0.0,1.0,0.0,1.0,0.0,-0.0,0.0,0.0,1.0,1.0,0.0,0.9836000000000013,0.9836000000000013,0.0,0.01639999999999875,0.0
EX_08-EE_a,EX_08,EE,EE_UND,UND,1,138.0,139.0,136.0,141.0,5.0,0.9626000000000033,0.0,0.0,0.9626000000000033,0,-0.0,0.5677999999999997,0.3405999999999949,0.0,0.9083999999999947,2,0.9543934296641496,0.5475999999999999,0.5475999999999999,3,1.604333333333339,2.109000000000009,0,0.0,0.0,0,0.0,0.0,0.0,0.0,1.0,1,0,0,0,0,1,1,0,0,2,1.4194999999999993,1.5430000000000064,1,1.7029999999999745,1.7029999999999745,0,0.0,0.0,0.4,0.0,0.31720000000000254,1,0,0,1,1,0,0,0,0,0.0,0.0,0.0,0.0,0.0,0.0,0.5,0.0,0.5,0.0,0.0,0.0,0.0,0.6136363636363636,0.6136363636363636,0.38636363636363635,0.9624127354629923,0.0,48.130000000000166,0.9626000000000033,-0.9626000000000033,1.6670581327070118,0.9083999999999947,-0.22720000000000484,0.3948000000000036,0.3405999999999949,0.9543934296641496
EX_08-EE_a,EX_08,EE,EE_UND,NON_UND,0,192.0,193.0,190.0,195.0,5.0,0.5432000000000017,0.41899999999999976,0.0,0.9622000000000014,1,0.9879477136648742,0.9771999999999992,0.0,0.0,0.9771999999999992,0,-0.0,0.5432000000000017,0.5432000000000017,1,2.716000000000008,2.716000000000008,1,2.094999999999999,2.094999999999999,0,0.0,0.0,0.2,0.0,0.5810000000000002,1,0,0,0,1,1,0,0,0,2,2.442999999999998,3.3640000000000043,0,0.0,0.0,0,0.0,0.0,0.0,0.0,1.0,1,0,0,1,1,0,0,0,0,1.0,0.0,0.0,0.0,0.0,0.0,0.0,0.0,0.0,0.0,0.0,0.0,0.0,0.5957446808510638,0.5957446808510638,0.40425531914893614,0.9733854352299556,0.0,1.2964200477327017,0.9622000000000015,-0.12420000000000192,48.85999999999996,0.9771999999999992,-0.9771999999999992,0.4339999999999975,0.41899999999999976,0.9879477136648742
EX_08-EE_a,EX_08,EE,EE_UND,UND,1,220.0,221.0,218.0,223.0,5.0,0.6629999999999996,0.2711999999999932,0.0,0.9341999999999928,2,0.8691108629969932,0.8870000000000061,0.08460000000000037,0.0,0.9716000000000065,2,0.42662322257320295,0.5830000000000041,0.5830000000000041,2,1.6574999999999989,2.3530000000000086,2,0.6779999999999831,0.7229999999999848,0,0.0,0.0,0.4,0.0,0.4918000000000006,1,0,0,0,0,1,1,0,0,3,1.4783333333333435,2.9350000000000023,1,0.4230000000000018,0.4230000000000018,0,0.0,0.0,0.4,0.0,0.7882000000000005,1,0,0,1,1,0,0,0,0,0.5,0.0,0.5,0.0,0.0,0.0,0.5,0.0,0.5,0.0,0.0,0.0,0.0,0.6590909090909091,0.6590909090909091,0.3409090909090909,1.1717978375119125,-0.16564728911226984,2.444690265486785,0.9341999999999928,-0.39180000000000637,10.484633569739978,0.9716000000000065,-0.8024000000000058,0.22400000000000653,0.18659999999999285,0.4424876404237903
EX_08-EE_a,EX_08,EE,EE_UND,PART_UND,0,320.0,321.0,318.0,323.0,5.0,0.8403999999999883,0.07099999999999226,0.0,0.9113999999999806,2,0.39474372697451765,0.9477999999999952,0.0,0.0,0.9477999999999952,0,-0.0,0.8045999999999935,0.8045999999999935,3,1.4006666666666472,1.7559999999999718,1,0.35499999999996135,0.35499999999996135,0,0.0,0.0,0.4,0.0,0.582000000000005,1,0,0,0,0,1,1,0,0,2,2.369499999999988,3.0299999999999727,0,0.0,0.0,0,0.0,0.0,0.0,0.0,1.0,1,0,0,1,1,0,0,0,0,0.5,0.0,0.5,0.0,0.0,0.0,0.0,0.0,0.0,0.0,0.0,0.0,0.0,0.9318181818181818,0.9318181818181818,0.06818181818181818,0.3591016256485496,0.0,11.836619718310983,0.9113999999999806,-0.769399999999996,47.38999999999976,0.9477999999999952,-0.9477999999999952,0.10740000000000693,0.07099999999999226,0.39474372697451765
EX_08-EE_a,EX_08,EE,EE_UND,PART_UND,0,335.0,336.0,333.0,338.0,5.0,0.6115999999999986,0.16000000000000228,0.05639999999999645,0.8279999999999973,4,1.045100529831709,0.16440000000000055,0.6991999999999962,0.10700000000000501,0.9706000000000017,2,1.1254637201506146,0.023000000000001818,0.023000000000001818,4,0.7644999999999982,1.4279999999999973,1,0.8000000000000114,0.8000000000000114,1,0.28199999999998226,0.28199999999998226,0.8,0.0,0.7913999999999988,1,0,0,0,0,1,1,0,0,1,0.8220000000000027,0.8220000000000027,1,3.495999999999981,3.495999999999981,1,0.535000000000025,0.535000000000025,0.4,0.8355999999999995,0.10700000000000501,0,1,0,0,1,0,0,1,0,0.25,0.25,0.25,0.0,0.25,0.0,0.0,0.0,0.5,0.0,0.0,0.5,0.025,0.025,0.05,0.725,1.8265190323841463,-0.6457765999379483,3.8224999999999367,0.7716000000000008,-0.45159999999999634,0.23512585812357187,0.8635999999999967,0.5347999999999956,0.44719999999999804,0.5391999999999939,0.08036319031890549
EX_08-EE_a,EX_08,EE,EE_UND,PART_UND,0,343.0,344.0,341.0,346.0,5.0,0.7812000000000012,0.1225999999999999,0.0,0.903800000000001,2,0.5727307958192087,0.9699999999999932,0.0,0.0,0.9699999999999932,0,-0.0,0.7812000000000012,0.7812000000000012,3,1.302000000000002,1.7309999999999945,1,0.6129999999999995,0.6129999999999995,0,0.0,0.0,0.4,0.0,0.5142000000000053,1,0,0,0,0,1,1,0,0,2,2.424999999999983,2.5749999999999886,0,0.0,0.0,0,0.0,0.0,0.0,0.0,1.0,1,0,0,1,1,0,0,0,0,0.5,0.0,0.5,0.0,0.0,0.0,0.0,0.0,0.0,0.0,0.0,0.0,0.0,0.9069767441860465,0.9069767441860465,0.09302325581395349,0.44648134689680297,0.0,6.371941272430684,0.9038000000000012,-0.6586000000000013,48.49999999999966,0.9699999999999932,-0.9699999999999932,0.18879999999999197,0.1225999999999999,0.5727307958192087
EX_08-EE_a,EX_08,EE,EE_UND,UND,1,367.0,368.0,365.0,370.0,5.0,0.5944000000000074,0.32200000000000273,0.0,0.9164000000000101,3,0.9352900076141692,1.0,0.0,0.0,1.0,0,-0.0,0.5944000000000074,0.5944000000000074,2,1.4860000000000184,2.1030000000000086,2,0.8050000000000068,1.1399999999999864,0,0.0,0.0,0.6,0.0,0.19940000000000282,1,0,0,0,1,1,0,0,0,1,5.0,5.0,0,0.0,0.0,0,0.0,0.0,0.0,0.0,1.0,1,0,0,1,1,0,0,0,0,0.6666666666666666,0.0,0.3333333333333333,0.0,0.0,0.0,0.0,0.0,0.0,0.0,0.0,0.0,0.0,0.6521739130434783,0.6521739130434783,0.34782608695652173,0.9321115676166747,0.0,1.8459627329192618,0.9164000000000101,-0.27240000000000464,50.0,1.0,-1.0,0.40559999999999263,0.32200000000000273,0.9352900076141692
EX_08-EE_a,EX_08,EE,EE_UND,NON_UND,0,377.0,378.0,375.0,380.0,5.0,0.8466000000000008,0.10439999999999827,0.0,0.9509999999999991,2,0.4992495383312323,1.0,0.0,0.0,1.0,0,-0.0,0.8466000000000008,0.8466000000000008,2,2.116500000000002,2.3530000000000086,1,0.5219999999999914,0.5219999999999914,0,0.0,0.0,0.4,0.0,0.40779999999999744,1,0,0,0,0,1,1,0,0,1,5.0,5.0,0,0.0,0.0,0,0.0,0.0,0.0,0.0,1.0,1,0,0,1,1,0,0,0,0,0.5,0.0,0.5,0.0,0.0,0.0,0.0,0.0,0.0,0.0,0.0,0.0,0.0,0.8936170212765957,0.8936170212765957,0.10638297872340426,0.48890859144051524,0.0,8.109195402298992,0.9509999999999991,-0.7422000000000025,50.0,1.0,-1.0,0.1533999999999992,0.10439999999999827,0.4992495383312323
EX_08-EE_a,EX_08,EE,EE_UND,PART_UND,0,394.0,395.0,392.0,397.0,5.0,0.7895999999999844,0.10220000000000481,0.0,0.8917999999999893,2,0.5136359742639172,0.8659999999999968,0.06739999999999782,0.05220000000000482,0.9855999999999995,3,0.6531513038864669,0.6555999999999813,0.6555999999999813,3,1.315999999999974,2.0179999999999723,1,0.5110000000000241,0.5110000000000241,0,0.0,0.0,0.4,0.0,0.7442000000000007,1,0,0,0,0,1,1,0,0,2,2.164999999999992,3.6370000000000005,1,0.3369999999999891,0.3369999999999891,1,0.2610000000000241,0.2610000000000241,0.6,0.08179999999999836,0.0,1,0,0,0,1,1,0,0,0,0.5,0.0,0.5,0.0,0.0,0.0,0.0,0.3333333333333333,0.3333333333333333,0.0,0.3333333333333333,0.0,0.0,0.75,0.75,0.20454545454545456,1.1850078365176206,-0.14227759830611805,7.726027397259758,0.8917999999999893,-0.6873999999999796,12.848664688427666,0.9333999999999946,-0.798599999999999,0.07640000000001235,0.03480000000000699,0.13951532962254976
EX_08-EE_a,EX_08,EE,EE_UND,PART_UND,0,462.0,463.0,460.0,465.0,5.0,0.0,0.9725999999999999,0.0,0.9725999999999999,0,-0.0,0.0,0.9874000000000024,0.0,0.9874000000000024,0,-0.0,0.0,0.0,0,0.0,0.0,2,2.4314999999999998,4.482000000000028,0,0.0,0.0,0.0,1.0,0.0,0,1,0,1,1,0,0,0,0,0,0.0,0.0,2,2.468500000000006,4.625,0,0.0,0.0,0.0,1.0,0.0,0,1,0,0,0,1,1,0,0,0.0,0.0,0.0,0.0,0.0,0.0,0.0,0.0,0.0,0.0,0.0,0.0,1.0,0.0,1.0,0.0,-0.0,0.0,0.0,0.9725999999999999,0.9725999999999999,0.0,0.9874000000000024,0.9874000000000024,0.0,0.014800000000002478,0.0
EX_08-EE_a,EX_08,EE,EE_UND,UND,1,488.0,489.0,486.0,491.0,5.0,0.0,1.0,0.0,1.0,0,-0.0,0.0,0.9841999999999984,0.0,0.9841999999999984,0,-0.0,0.0,0.0,0,0.0,0.0,1,5.0,5.0,0,0.0,0.0,0.0,1.0,0.0,0,1,0,1,1,0,0,0,0,0,0.0,0.0,2,2.460499999999996,4.197999999999979,0,0.0,0.0,0.0,1.0,0.0,0,1,0,0,0,1,1,0,0,0.0,0.0,0.0,0.0,0.0,0.0,0.0,0.0,0.0,0.0,0.0,0.0,1.0,0.0,1.0,0.0,-0.0,0.0,0.0,1.0,1.0,0.0,0.9841999999999984,0.9841999999999984,0.0,0.01580000000000159,0.0
EX_08-EE_a,EX_08,EE,EE_UND,MISUND,0,496.0,497.0,494.0,499.0,5.0,0.0,0.9569999999999936,0.0,0.9569999999999936,0,-0.0,0.0,0.9785999999999945,0.0,0.9785999999999945,0,-0.0,0.0,0.0,0,0.0,0.0,3,1.5949999999999893,2.201000000000022,0,0.0,0.0,0.0,1.0,0.0,0,1,0,1,1,0,0,0,0,0,0.0,0.0,2,2.446499999999986,4.363999999999976,0,0.0,0.0,0.0,1.0,0.0,0,1,0,0,0,1,1,0,0,0.0,0.0,0.0,0.0,0.0,0.0,0.0,0.0,0.0,0.0,0.0,0.0,1.0,0.0,1.0,0.0,-0.0,0.0,0.0,0.9569999999999936,0.9569999999999936,0.0,0.9785999999999945,0.9785999999999945,0.0,0.02160000000000084,0.0
EX_08-EE_a,EX_08,EE,EE_UND,UND,1,528.0,529.0,526.0,531.0,5.0,0.0,1.0,0.0,1.0,0,-0.0,0.0,1.0,0.0,1.0,0,-0.0,0.0,0.0,0,0.0,0.0,1,5.0,5.0,0,0.0,0.0,0.0,1.0,0.0,0,1,0,1,1,0,0,0,0,0,0.0,0.0,1,5.0,5.0,0,0.0,0.0,0.0,1.0,0.0,0,1,0,0,0,1,1,0,0,0.0,0.0,0.0,0.0,0.0,0.0,0.0,0.0,0.0,0.0,0.0,0.0,1.0,0.0,1.0,0.0,-0.0,0.0,0.0,1.0,1.0,0.0,1.0,1.0,0.0,0.0,0.0
EX_08-EE_a,EX_08,EE,EE_UND,UND,1,579.0,580.0,577.0,582.0,5.0,0.7183999999999969,0.22880000000000109,0.0,0.947199999999998,2,0.7976150798889446,0.43740000000000234,0.544399999999996,0.0,0.9817999999999983,1,0.9914152231456269,0.43740000000000234,0.43740000000000234,2,1.7959999999999923,2.4700000000000273,1,1.1440000000000055,1.1440000000000055,0,0.0,0.0,0.4,0.0,0.5279999999999972,1,0,0,0,0,1,1,0,0,1,2.187000000000012,2.187000000000012,1,2.72199999999998,2.72199999999998,0,0.0,0.0,0.2,0.0,0.455600000000004,0,1,0,1,0,0,1,0,0,0.5,0.0,0.5,0.0,0.0,0.0,1.0,0.0,0.0,0.0,0.0,0.0,0.2391304347826087,0.4782608695652174,0.717391304347826,0.2826086956521739,1.5177584832121214,0.5367450401216932,3.1398601398601116,0.947199999999998,-0.4895999999999958,0.8034533431300617,0.9817999999999983,0.10699999999999366,0.2809999999999946,0.3155999999999949,0.19380014325668227
EX_08-EE_a,EX_08,EE,EE_UND,UND,1,585.0,586.0,583.0,588.0,5.0,0.37159999999998944,0.5932000000000016,0.0,0.9647999999999911,3,0.9616033331812981,0.0,1.0,0.0,1.0,0,-0.0,0.0,0.0,2,0.9289999999999736,1.5019999999999527,2,1.483000000000004,2.09699999999998,0,0.0,0.0,0.6,0.0,0.0711999999999989,0,1,0,0,1,1,0,0,0,0,0.0,0.0,1,5.0,5.0,0,0.0,0.0,0.0,1.0,0.0,0,1,0,0,0,1,1,0,0,0.6666666666666666,0.0,0.3333333333333333,0.0,0.0,0.0,0.0,0.0,0.0,0.0,0.0,0.0,0.6041666666666666,0.0,0.6041666666666666,0.3958333333333333,0.9684610087601622,0.0,0.6264329062710526,0.964799999999991,0.22160000000001218,0.0,1.0,1.0,0.37159999999998944,0.4067999999999984,0.9616033331812981
EX_08-EE_a,EX_08,EE,EE_UND,UND,1,593.0,594.0,591.0,596.0,5.0,0.1839999999999918,0.7461999999999762,0.0,0.9301999999999679,2,0.7175201979324269,0.08940000000000055,0.8705999999999904,0.0,0.9599999999999909,1,0.44681552899366184,0.0,0.0,1,0.9199999999999591,0.9199999999999591,3,1.243666666666627,1.5579999999999927,0,0.0,0.0,0.4,0.3342000000000098,0.0,0,1,0,1,1,0,0,0,0,1,0.44700000000000273,0.44700000000000273,2,2.176499999999976,3.3969999999999345,0,0.0,0.0,0.2,0.9105999999999994,0.0,0,1,0,0,1,1,0,0,0,0.5,0.0,0.5,0.0,0.0,0.0,0.0,0.0,1.0,0.0,0.0,0.0,0.7045454545454546,0.0,0.7045454545454546,0.29545454545454547,1.1387631951151622,-0.16035674514745463,0.24658268560707272,0.930199999999968,0.5621999999999844,0.1026878015161975,0.959999999999991,0.7811999999999898,0.09459999999999126,0.12440000000001417,0.2707046689387651
EX_08-EE_a,EX_08,EE,EE_UND,UND,1,606.0,607.0,604.0,609.0,5.0,0.25560000000002675,0.6291999999999689,0.0,0.8847999999999956,2,0.8672685661868256,0.23199999999999363,0.7251999999999725,0.0,0.9571999999999662,2,0.7989652450676201,0.0018000000000029104,0.0018000000000029104,2,0.6390000000000668,0.6650000000000773,3,1.048666666666615,1.6469999999999345,0,0.0,0.0,0.4,0.24739999999999326,0.0,0,1,0,1,1,0,0,0,0,1,1.1599999999999682,1.1599999999999682,3,1.2086666666666208,1.8719999999999573,0,0.0,0.0,0.4,0.017200000000002547,0.0,0,1,0,0,0,1,1,0,0,0.5,0.0,0.5,0.0,0.0,0.0,0.5,0.0,0.5,0.0,0.0,0.0,0.47619047619047616,0.0,0.47619047619047616,0.5238095238095238,1.5190461643198379,-0.35355339059327373,0.40623013350292336,0.8847999999999956,0.37359999999994215,0.3199117484831804,0.9571999999999662,0.4931999999999789,0.023600000000033122,0.09600000000000364,0.06830332111920545
EX_08-EE_a,EX_08,EE,EE_UND,UND,1,627.0,628.0,625.0,630.0,5.0,0.49379999999998747,0.4692000000000007,0.0,0.9629999999999882,2,0.9995292292985462,0.4650000000000091,0.4913999999999987,0.0,0.9564000000000078,1,0.9994502965944709,0.416599999999994,0.416599999999994,3,0.8229999999999791,1.544999999999959,1,2.3460000000000036,2.3460000000000036,0,0.0,0.0,0.4,0.0,0.45319999999999255,1,0,0,0,0,1,1,0,0,1,2.3250000000000455,2.3250000000000455,1,2.4569999999999936,2.4569999999999936,0,0.0,0.0,0.2,0.01859999999999218,0.5086000000000013,0,1,0,1,0,0,1,0,0,0.5,0.0,0.5,0.0,0.0,0.0,1.0,0.0,0.0,0.0,0.0,0.0,0.45652173913043476,0.45652173913043476,0.9130434782608695,0.08695652173913043,1.4262286569981448,0.8260869565217391,1.0524296675191533,0.9629999999999882,-0.024599999999986744,0.9462759462759672,0.9564000000000078,0.026399999999989654,0.0287999999999784,0.022199999999998,7.893270407521857e-05
EX_08-EE_a,EX_08,EE,EE_UND,NON_UND,0,640.0,641.0,638.0,643.0,5.0,0.6009999999999763,0.291800000000012,0.0,0.8927999999999884,3,0.9116619717382923,0.25239999999998874,0.6779999999999973,0.0,0.930399999999986,2,0.8432970324258422,0.19479999999998654,0.19479999999998654,3,1.0016666666666272,1.4789999999999281,2,0.72950000000003,0.9239999999999782,0,0.0,0.0,0.6,0.0,0.17639999999998962,1,0,0,0,1,1,0,0,0,1,1.2619999999999436,1.2619999999999436,4,0.8474999999999966,1.7160000000000082,0,0.0,0.0,0.4,0.44220000000000254,0.0,0,1,0,0,0,1,1,0,0,0.6666666666666666,0.0,0.3333333333333333,0.0,0.0,0.0,0.5,0.0,0.5,0.0,0.0,0.0,0.34146341463414637,0.21951219512195122,0.5609756097560976,0.43902439024390244,1.5309436156485985,0.38188130791298663,2.059629883481671,0.8927999999999883,-0.30919999999996434,0.3722713864306634,0.930399999999986,0.4256000000000085,0.3485999999999876,0.3861999999999853,0.06836493931245013
EX_08-EE_a,EX_08,EE,EE_UND,UND,1,685.0,686.0,683.0,688.0,5.0,0.23279999999999745,0.7018000000000256,0.0,0.9346000000000231,1,0.8098334479840996,0.0,0.9804000000000087,0.0,0.9804000000000087,0,-0.0,0.0,0.0,1,1.1639999999999873,1.1639999999999873,3,1.1696666666667095,1.8430000000000746,0,0.0,0.0,0.2,0.7672000000000025,0.0,0,1,0,1,0,0,1,0,0,0,0.0,0.0,2,2.451000000000022,4.787000000000035,0,0.0,0.0,0.0,1.0,0.0,0,1,0,0,0,1,1,0,0,0.0,0.0,1.0,0.0,0.0,0.0,0.0,0.0,0.0,0.0,0.0,0.0,0.782608695652174,0.0,0.782608695652174,0.21739130434782608,0.7553754125614287,0.0,0.33171843830149467,0.9346000000000231,0.46900000000002817,0.0,0.9804000000000087,0.9804000000000087,0.23279999999999745,0.2785999999999831,0.8098334479840996
EX_08-EE_a,EX_08,EE,EE_UND,UND,1,701.0,702.0,699.0,704.0,5.0,0.0,0.9529999999999973,0.0,0.9529999999999973,0,-0.0,0.04100000000000818,0.9385999999999968,0.0,0.9796000000000049,2,0.25072825112909136,0.0,0.0,0,0.0,0.0,3,1.5883333333333287,2.2450000000000045,0,0.0,0.0,0.0,1.0,0.0,0,1,0,1,1,0,0,0,0,1,0.20500000000004093,0.20500000000004093,3,1.5643333333333278,2.231999999999971,0,0.0,0.0,0.4,0.7811999999999898,0.0,0,1,0,0,0,1,1,0,0,0.0,0.0,0.0,0.0,0.0,0.0,0.5,0.0,0.5,0.0,0.0,0.0,0.9574468085106383,0.0,0.9574468085106383,0.0425531914893617,0.25387844029816153,0.0,0.0,0.9529999999999973,0.9529999999999973,0.043682079693168896,0.9796000000000049,0.8975999999999886,0.04100000000000818,0.014400000000000523,0.25072825112909136
EX_08-EE_a,EX_08,EE,EE_UND,UND,1,748.0,749.0,746.0,751.0,5.0,0.0,0.9470000000000255,0.0,0.9470000000000255,0,-0.0,0.0,0.9867999999999938,0.0,0.9867999999999938,0,-0.0,0.0,0.0,0,0.0,0.0,3,1.5783333333333758,2.9150000000000773,0,0.0,0.0,0.0,1.0,0.0,0,1,0,1,1,0,0,0,0,0,0.0,0.0,2,2.4669999999999845,4.682000000000016,0,0.0,0.0,0.0,1.0,0.0,0,1,0,0,0,1,1,0,0,0.0,0.0,0.0,0.0,0.0,0.0,0.0,0.0,0.0,0.0,0.0,0.0,1.0,0.0,1.0,0.0,-0.0,0.0,0.0,0.9470000000000255,0.9470000000000255,0.0,0.9867999999999938,0.9867999999999938,0.0,0.039799999999968305,0.0
EX_08-EE_a,EX_08,EE,EE_UND,UND,1,790.0,791.0,788.0,793.0,5.0,0.0,0.925999999999999,0.0,0.925999999999999,0,-0.0,0.0,0.9572000000000116,0.0,0.9572000000000116,0,-0.0,0.0,0.0,0,0.0,0.0,4,1.1574999999999989,2.102999999999952,0,0.0,0.0,0.0,1.0,0.0,0,1,0,1,1,0,0,0,0,0,0.0,0.0,3,1.5953333333333528,3.02800000000002,0,0.0,0.0,0.0,1.0,0.0,0,1,0,0,0,1,1,0,0,0.0,0.0,0.0,0.0,0.0,0.0,0.0,0.0,0.0,0.0,0.0,0.0,1.0,0.0,1.0,0.0,-0.0,0.0,0.0,0.925999999999999,0.925999999999999,0.0,0.9572000000000116,0.9572000000000116,0.0,0.03120000000001255,0.0
EX_08-EE_a,EX_08,EE,EE_UND,UND,1,812.0,813.0,810.0,815.0,5.0,0.2730000000000018,0.6961999999999989,0.0,0.9692000000000007,2,0.8577239109672409,0.4226000000000113,0.5592000000000098,0.0,0.9818000000000211,1,0.9859909165915026,0.2730000000000018,0.2730000000000018,1,1.365000000000009,1.365000000000009,2,1.7404999999999973,3.020999999999958,0,0.0,0.0,0.4,0.10679999999999837,0.0,0,1,0,1,1,0,0,0,0,1,2.1130000000000564,2.1130000000000564,1,2.796000000000049,2.796000000000049,0,0.0,0.0,0.2,0.0,0.4407999999999902,0,1,0,1,0,0,1,0,0,0.5,0.0,0.5,0.0,0.0,0.0,1.0,0.0,0.0,0.0,0.0,0.0,0.574468085106383,0.2765957446808511,0.851063829787234,0.14893617021276595,1.3814151634084655,0.7184542230290218,0.3921286986498165,0.9692000000000007,0.42319999999999713,0.7557224606580899,0.9818000000000211,0.1365999999999985,0.1496000000000095,0.13699999999998913,0.12826700562426174
EX_08-EE_a,EX_08,EE,EE_UND,NON_UND,0,820.0,821.0,818.0,823.0,5.0,0.1296000000000049,0.8465999999999895,0.0,0.9761999999999944,2,0.5649583346264163,0.0,0.9683999999999969,0.0,0.9683999999999969,0,-0.0,0.0,0.0,1,0.6480000000000246,0.6480000000000246,3,1.4109999999999825,1.97199999999998,0,0.0,0.0,0.4,0.183400000000006,0.0,0,1,0,1,1,0,0,0,0,0,0.0,0.0,3,1.6139999999999948,3.7930000000000064,0,0.0,0.0,0.0,1.0,0.0,0,1,0,0,0,1,1,0,0,0.5,0.0,0.5,0.0,0.0,0.0,0.0,0.0,0.0,0.0,0.0,0.0,0.8723404255319149,0.0,0.8723404255319149,0.1276595744680851,0.5509844433017146,0.0,0.15308291991496162,0.9761999999999944,0.7169999999999845,0.0,0.9683999999999969,0.9683999999999969,0.1296000000000049,0.12180000000000746,0.5649583346264163
EX_08-EE_a,EX_08,EE,EE_UND,PART_UND,0,836.0,837.0,834.0,839.0,5.0,0.16240000000000238,0.7670000000000072,0.0,0.9294000000000097,2,0.6684257797321278,0.0,0.9577999999999974,0.0,0.9577999999999974,0,-0.0,0.0,0.0,2,0.4060000000000059,0.44099999999991724,3,1.2783333333333455,1.5739999999999554,0,0.0,0.0,0.4,0.49780000000000657,0.0,0,1,0,1,1,0,0,0,0,0,0.0,0.0,3,1.5963333333333292,2.3479999999999563,0,0.0,0.0,0.0,1.0,0.0,0,1,0,0,0,1,1,0,0,0.5,0.0,0.5,0.0,0.0,0.0,0.0,0.0,0.0,0.0,0.0,0.0,0.8222222222222222,0.0,0.8222222222222222,0.17777777777777778,0.6751914401458716,0.0,0.21173402868318233,0.9294000000000096,0.6046000000000049,0.0,0.9577999999999974,0.9577999999999974,0.16240000000000238,0.1907999999999902,0.6684257797321278
EX_08-EE_a,EX_08,EE,EE_UND,PART_UND,0,915.0,916.0,913.0,918.0,5.0,0.3040000000000191,0.6,0.0,0.9040000000000191,5,0.9212174819015083,0.2290000000000191,0.73599999999999,0.0,0.9650000000000091,2,0.7905309693242168,0.0,0.0,3,0.5066666666666985,0.9160000000000537,4,0.75,1.386000000000081,0,0.0,0.0,1.0,0.0,0.07360000000001037,0,1,0,0,1,1,0,0,0,1,1.1450000000000955,1.1450000000000955,3,1.22666666666665,1.6259999999999764,0,0.0,0.0,0.4,0.3435999999999922,0.0,0,1,0,0,0,1,1,0,0,0.6,0.0,0.4,0.0,0.0,0.0,0.5,0.0,0.5,0.0,0.0,0.0,0.38636363636363635,0.0,0.38636363636363635,0.6136363636363636,1.5607812525857965,-0.4364357804719847,0.5066666666666985,0.904000000000019,0.2959999999999809,0.31114130434785625,0.9650000000000091,0.5069999999999709,0.07499999999999998,0.13599999999999002,0.13068651257729147
EX_08-EE_a,EX_08,EE,EE_UND,PART_UND,0,996.0,997.0,994.0,999.0,5.0,0.4150000000000091,0.5124000000000024,0.0,0.9274000000000114,3,0.9920286941817898,0.7509999999999991,0.1905999999999949,0.0,0.941599999999994,3,0.7267445611993726,0.366800000000012,0.366800000000012,2,1.0375000000000227,1.6730000000000018,2,1.281000000000006,1.9080000000000155,0,0.0,0.0,0.6,0.0,0.3720000000000027,0,1,0,0,1,1,0,0,0,3,1.2516666666666652,1.7240000000000464,2,0.47649999999998727,0.9080000000000155,0,0.0,0.0,0.6,0.02699999999999818,0.0,1,0,0,0,1,1,0,0,0,0.6666666666666666,0.0,0.3333333333333333,0.0,0.0,0.0,0.3333333333333333,0.0,0.6666666666666666,0.0,0.0,0.0,0.20930232558139536,0.4186046511627907,0.627906976744186,0.37209302325581395,1.654373266956279,0.3789465377449694,0.8099141295862746,0.9274000000000115,0.09739999999999333,3.940188877229901,0.941599999999994,-0.5604000000000042,0.33599999999999003,0.3218000000000075,0.26528413298241726
EX_08-EE_a,EX_08,EE,EE_UND,PART_UND,0,1032.0,1033.0,1030.0,1035.0,5.0,0.0,0.9972000000000207,0.0,0.9972000000000207,0,-0.0,0.0,1.0,0.0,1.0,0,-0.0,0.0,0.0,0,0.0,0.0,1,4.986000000000104,4.986000000000104,0,0.0,0.0,0.0,1.0,0.0,0,1,0,1,1,0,0,0,0,0,0.0,0.0,1,5.0,5.0,0,0.0,0.0,0.0,1.0,0.0,0,1,0,0,0,1,1,0,0,0.0,0.0,0.0,0.0,0.0,0.0,0.0,0.0,0.0,0.0,0.0,0.0,1.0,0.0,1.0,0.0,-0.0,0.0,0.0,0.9972000000000207,0.9972000000000207,0.0,1.0,1.0,0.0,0.0027999999999792635,0.0
EX_08-EE_a,EX_08,EE,EE_UND,UND,1,1159.0,1160.0,1157.0,1162.0,5.0,0.0,1.0,0.0,1.0,0,-0.0,0.0,0.9692000000000007,0.0,0.9692000000000007,0,-0.0,0.0,0.0,0,0.0,0.0,1,5.0,5.0,0,0.0,0.0,0.0,1.0,0.0,0,1,0,1,1,0,0,0,0,0,0.0,0.0,3,1.6153333333333346,1.9670000000000982,0,0.0,0.0,0.0,1.0,0.0,0,1,0,0,0,1,1,0,0,0.0,0.0,0.0,0.0,0.0,0.0,0.0,0.0,0.0,0.0,0.0,0.0,1.0,0.0,1.0,0.0,-0.0,0.0,0.0,1.0,1.0,0.0,0.9692000000000007,0.9692000000000007,0.0,0.030799999999999272,0.0
EX_08-EE_a,EX_08,EE,EE_UND,NON_UND,0,1207.0,1208.0,1205.0,1210.0,5.0,0.0,0.9361999999999625,0.0,0.9361999999999625,0,-0.0,0.0,0.9670000000000073,0.0,0.9670000000000073,0,-0.0,0.0,0.0,0,0.0,0.0,4,1.1702499999999532,1.7439999999999145,0,0.0,0.0,0.0,1.0,0.0,0,1,0,1,1,0,0,0,0,0,0.0,0.0,3,1.6116666666666788,2.6639999999999873,0,0.0,0.0,0.0,1.0,0.0,0,1,0,0,0,1,1,0,0,0.0,0.0,0.0,0.0,0.0,0.0,0.0,0.0,0.0,0.0,0.0,0.0,1.0,0.0,1.0,0.0,-0.0,0.0,0.0,0.9361999999999625,0.9361999999999625,0.0,0.9670000000000073,0.9670000000000073,0.0,0.03080000000004479,0.0
EX_08-EE_a,EX_08,EE,EE_UND,PART_UND,0,1220.0,1221.0,1218.0,1223.0,5.0,0.0,0.9192000000000007,0.0,0.9192000000000007,0,-0.0,0.0,0.9789999999999963,0.0,0.9789999999999963,0,-0.0,0.0,0.0,0,0.0,0.0,4,1.149000000000001,2.606999999999971,0,0.0,0.0,0.0,1.0,0.0,0,1,0,1,1,0,0,0,0,0,0.0,0.0,2,2.447499999999991,3.29099999999994,0,0.0,0.0,0.0,1.0,0.0,0,1,0,0,0,1,1,0,0,0.0,0.0,0.0,0.0,0.0,0.0,0.0,0.0,0.0,0.0,0.0,0.0,1.0,0.0,1.0,0.0,-0.0,0.0,0.0,0.9192000000000007,0.9192000000000007,0.0,0.9789999999999963,0.9789999999999963,0.0,0.059799999999995634,0.0
EX_08-EE_a,EX_08,EE,EE_UND,UND,1,1289.0,1290.0,1287.0,1292.0,5.0,0.0,0.9569999999999709,0.0,0.9569999999999709,0,-0.0,0.0,0.9847999999999957,0.0,0.9847999999999957,0,-0.0,0.0,0.0,0,0.0,0.0,3,1.5949999999999516,3.2080000000000837,0,0.0,0.0,0.0,1.0,0.0,0,1,0,1,1,0,0,0,0,0,0.0,0.0,2,2.461999999999989,3.536000000000058,0,0.0,0.0,0.0,1.0,0.0,0,1,0,0,0,1,1,0,0,0.0,0.0,0.0,0.0,0.0,0.0,0.0,0.0,0.0,0.0,0.0,0.0,1.0,0.0,1.0,0.0,-0.0,0.0,0.0,0.9569999999999709,0.9569999999999709,0.0,0.9847999999999957,0.9847999999999957,0.0,0.027800000000024805,0.0
EX_08-EE_a,EX_08,EE,EE_UND,UND,1,1371.0,1372.0,1369.0,1374.0,5.0,0.0,0.9818000000000211,0.0,0.9818000000000211,0,-0.0,0.0,1.0,0.0,1.0,0,-0.0,0.0,0.0,0,0.0,0.0,2,2.4545000000000528,3.3640000000000327,0,0.0,0.0,0.0,1.0,0.0,0,1,0,1,1,0,0,0,0,0,0.0,0.0,1,5.0,5.0,0,0.0,0.0,0.0,1.0,0.0,0,1,0,0,0,1,1,0,0,0.0,0.0,0.0,0.0,0.0,0.0,0.0,0.0,0.0,0.0,0.0,0.0,1.0,0.0,1.0,0.0,-0.0,0.0,0.0,0.9818000000000211,0.9818000000000211,0.0,1.0,1.0,0.0,0.0181999999999789,0.0
EX_08-EE_a,EX_08,EE,EE_UND,UND,1,1390.0,1391.0,1388.0,1393.0,5.0,0.0,0.9788000000000011,0.0,0.9788000000000011,0,-0.0,0.0,0.9784000000000106,0.0,0.9784000000000106,0,-0.0,0.0,0.0,0,0.0,0.0,1,4.8940000000000055,4.8940000000000055,0,0.0,0.0,0.0,1.0,0.021199999999998907,0,1,0,1,1,0,0,0,0,0,0.0,0.0,2,2.4460000000000264,2.4629999999999654,0,0.0,0.0,0.0,1.0,0.0,0,1,0,0,0,1,1,0,0,0.0,0.0,0.0,0.0,0.0,0.0,0.0,0.0,0.0,0.0,0.0,0.0,1.0,0.0,1.0,0.0,-0.0,0.0,0.0,0.9788000000000011,0.9788000000000011,0.0,0.9784000000000106,0.9784000000000106,0.0,0.00039999999999051905,0.0
EX_08-EE_a,EX_08,EE,EE_UND,UND,1,1537.0,1538.0,1535.0,1540.0,5.0,0.1436000000000149,0.7585999999999785,0.0,0.9021999999999935,1,0.6323117807373532,0.0,0.9434000000000197,0.0,0.9434000000000197,0,-0.0,0.0,0.0,1,0.7180000000000746,0.7180000000000746,3,1.2643333333332976,2.8980000000001382,0,0.0,0.0,0.2,0.8563999999999851,0.02820000000001528,0,1,0,1,0,0,1,0,0,0,0.0,0.0,4,1.1792500000000246,3.5679999999999836,0,0.0,0.0,0.0,1.0,0.0,0,1,0,0,0,1,1,0,0,0.0,0.0,1.0,0.0,0.0,0.0,0.0,0.0,0.0,0.0,0.0,0.0,0.8636363636363636,0.0,0.8636363636363636,0.13636363636363635,0.5746356978376794,0.0,0.18929607171107168,0.9021999999999935,0.6149999999999636,0.0,0.9434000000000197,0.9434000000000197,0.1436000000000149,0.18480000000004115,0.6323117807373532
EX_08-EE_a,EX_08,EX,EX_UND,NON_UND,0,335.0,336.0,333.0,338.0,5.0,0.6115999999999986,0.16000000000000228,0.05639999999999645,0.8279999999999973,4,1.045100529831709,0.16440000000000055,0.6991999999999962,0.10700000000000501,0.9706000000000017,2,1.1254637201506146,0.023000000000001818,0.023000000000001818,4,0.7644999999999982,1.4279999999999973,1,0.8000000000000114,0.8000000000000114,1,0.28199999999998226,0.28199999999998226,0.8,0.0,0.7913999999999988,1,0,0,0,0,1,1,0,0,1,0.8220000000000027,0.8220000000000027,1,3.495999999999981,3.495999999999981,1,0.535000000000025,0.535000000000025,0.4,0.8355999999999995,0.10700000000000501,0,1,0,0,1,0,0,1,0,0.25,0.25,0.25,0.0,0.25,0.0,0.0,0.0,0.5,0.0,0.0,0.5,0.025,0.025,0.05,0.725,1.8265190323841463,-0.6457765999379483,3.8224999999999367,0.7716000000000008,-0.45159999999999634,0.23512585812357187,0.8635999999999967,0.5347999999999956,0.44719999999999804,0.5391999999999939,0.08036319031890549
EX_08-EE_a,EX_08,EX,EX_UND,PART_UND,0,645.0,646.0,643.0,648.0,5.0,0.48719999999998437,0.46900000000000547,0.0,0.9561999999999898,3,0.9997386538743113,0.4759999999999991,0.514799999999991,0.0,0.9907999999999901,1,0.9988935111218351,0.377599999999984,0.377599999999984,2,1.217999999999961,2.342999999999961,2,1.1725000000000136,1.9669999999999845,0,0.0,0.0,0.6,0.41440000000000055,0.0,1,0,0,1,0,0,1,0,0,1,2.3799999999999955,2.3799999999999955,1,2.5739999999999554,2.5739999999999554,0,0.0,0.0,0.2,0.5240000000000009,0.0,0,1,0,0,1,1,0,0,0,0.3333333333333333,0.0,0.6666666666666666,0.0,0.0,0.0,0.0,0.0,1.0,0.0,0.0,0.0,0.43478260869565216,0.391304347826087,0.8260869565217391,0.17391304347826086,1.657002393006814,0.6546536707079772,1.0388059701492083,0.9561999999999898,-0.0181999999999789,0.924630924630939,0.9907999999999901,0.03879999999999195,0.011199999999985277,0.045799999999985574,0.0008451427524761579
EX_08-EE_a,EX_08,EX,EX_UND,MISUND,0,686.0,687.0,684.0,689.0,5.0,0.43279999999999746,0.5226000000000113,0.0,0.9554000000000087,1,0.993617835376551,0.0,0.9804000000000087,0.0,0.9804000000000087,0,-0.0,0.0,0.0,1,2.1639999999999873,2.1639999999999873,2,1.3065000000000282,1.316000000000031,0,0.0,0.0,0.2,0.5672000000000026,0.0,0,1,0,1,0,0,1,0,0,0,0.0,0.0,2,2.451000000000022,3.7870000000000346,0,0.0,0.0,0.0,1.0,0.0,0,1,0,0,0,1,1,0,0,0.0,0.0,1.0,0.0,0.0,0.0,0.0,0.0,0.0,0.0,0.0,0.0,0.574468085106383,0.0,0.574468085106383,0.425531914893617,0.9839393951635756,0.0,0.8281668580175816,0.9554000000000087,0.08980000000001381,0.0,0.9804000000000087,0.9804000000000087,0.43279999999999746,0.45779999999999743,0.993617835376551
EX_08-EE_a,EX_08,EX,EX_UND,NON_UND,0,837.0,838.0,835.0,840.0,5.0,0.16240000000000238,0.7475999999999885,0.0,0.9099999999999909,2,0.6766998725989771,0.0,0.9577999999999974,0.0,0.9577999999999974,0,-0.0,0.0,0.0,2,0.4060000000000059,0.44099999999991724,4,0.9344999999999857,2.335999999999899,0,0.0,0.0,0.4,0.29780000000000656,0.0,0,1,0,1,1,0,0,0,0,0,0.0,0.0,3,1.5963333333333292,3.3479999999999563,0,0.0,0.0,0.0,1.0,0.0,0,1,0,0,0,1,1,0,0,0.5,0.0,0.5,0.0,0.0,0.0,0.0,0.0,0.0,0.0,0.0,0.0,0.8181818181818182,0.0,0.8181818181818182,0.18181818181818182,0.6840384356390417,0.0,0.21722846441948218,0.9099999999999908,0.5851999999999862,0.0,0.9577999999999974,0.9577999999999974,0.16240000000000238,0.21020000000000894,0.6766998725989771
EX_08-EE_a,EX_08,EX,EX_UND,UND,1,1005.0,1006.0,1003.0,1008.0,5.0,0.14320000000000163,0.8175999999999931,0.0,0.9607999999999948,2,0.6074388756319095,0.0,1.0,0.0,1.0,0,-0.0,0.0,0.0,1,0.7160000000000082,0.7160000000000082,2,2.0439999999999827,3.7169999999999845,0,0.0,0.0,0.4,0.094399999999996,0.0,0,1,0,1,1,0,0,0,0,0,0.0,0.0,1,5.0,5.0,0,0.0,0.0,0.0,1.0,0.0,0,1,0,0,0,1,1,0,0,0.5,0.0,0.5,0.0,0.0,0.0,0.0,0.0,0.0,0.0,0.0,0.0,0.8541666666666666,0.0,0.8541666666666666,0.14583333333333334,0.5993142373098092,0.0,0.17514677103718546,0.9607999999999948,0.6743999999999915,0.0,1.0,1.0,0.14320000000000163,0.1824000000000069,0.6074388756319095
EX_08-EE_a,EX_08,EX,EX_UND,UND,1,1332.0,1333.0,1330.0,1335.0,5.0,0.04099999999998545,0.9000000000000454,0.0,0.9410000000000309,1,0.2584306106193491,0.0,0.9761999999999716,0.0,0.9761999999999716,0,-0.0,0.0,0.0,1,0.20499999999992724,0.20499999999992724,4,1.1250000000000568,2.32100000000014,0,0.0,0.0,0.2,0.0,0.04099999999998545,0,1,0,0,1,1,0,0,0,0,0.0,0.0,2,2.440499999999929,2.6079999999999472,0,0.0,0.0,0.0,1.0,0.0,0,1,0,0,0,1,1,0,0,1.0,0.0,0.0,0.0,0.0,0.0,0.0,0.0,0.0,0.0,0.0,0.0,0.9361702127659575,0.0,0.9361702127659575,0.06382978723404255,0.3424637724817959,0.0,0.04555555555553709,0.9410000000000309,0.8590000000000599,0.0,0.9761999999999716,0.9761999999999716,0.04099999999998545,0.07619999999992622,0.2584306106193491
EX_08-EE_b,EX_08,EE,EE_UND,NON_UND,0,91.0,92.0,89.0,94.0,5.0,0.6972000000000008,0.11699999999999874,0.046399999999999865,0.8605999999999995,4,0.8646319167639849,0.7551999999999992,0.0,0.0,0.7551999999999992,0,-0.0,0.4984000000000009,0.4984000000000009,3,1.1620000000000015,2.073999999999998,1,0.5849999999999937,0.5849999999999937,1,0.23199999999999932,0.23199999999999932,0.8,0.0,0.4906000000000006,1,0,0,0,0,1,1,0,0,5,0.7551999999999992,2.6559999999999917,0,0.0,0.0,0,0.0,0.0,0.0,0.0,1.0,1,0,0,1,1,0,0,0,0,0.25,0.25,0.25,0.0,0.25,0.0,0.0,0.0,0.0,0.0,0.0,0.0,0.0,0.7931034482758621,0.7931034482758621,0.20689655172413793,0.7355085815538398,0.0,5.95897435897443,0.8141999999999996,-0.580200000000002,37.75999999999996,0.7551999999999992,-0.7551999999999992,0.057999999999998386,0.11699999999999874,0.8646319167639849
EX_08-EE_b,EX_08,EE,EE_UND,NON_UND,0,107.0,108.0,105.0,110.0,5.0,0.6468000000000018,0.16599999999999965,0.0,0.8128000000000014,2,0.73031232834493,0.797399999999999,0.0,0.0,0.797399999999999,0,-0.0,0.4442000000000007,0.4442000000000007,3,1.078000000000003,2.25,1,0.8299999999999983,0.8299999999999983,0,0.0,0.0,0.4,0.0,0.7430000000000007,1,0,0,0,0,1,1,0,0,4,0.9967499999999987,1.8659999999999997,0,0.0,0.0,0,0.0,0.0,0.0,0.0,1.0,1,0,0,1,1,0,0,0,0,0.5,0.0,0.5,0.0,0.0,0.0,0.0,0.0,0.0,0.0,0.0,0.0,0.0,0.7333333333333333,0.7333333333333333,0.26666666666666666,0.8366407419411672,0.0,3.896385542168694,0.8128000000000015,-0.48080000000000217,39.86999999999995,0.797399999999999,-0.797399999999999,0.15059999999999718,0.16599999999999965,0.73031232834493
EX_08-EE_b,EX_08,EE,EE_UND,PART_UND,0,225.0,226.0,223.0,228.0,5.0,0.9800000000000011,0.0,0.0,0.9800000000000011,0,-0.0,0.8172000000000026,0.0,0.14180000000000065,0.9590000000000032,2,0.6044648969051215,0.8172000000000026,0.8172000000000026,2,2.450000000000003,3.7369999999999948,0,0.0,0.0,0,0.0,0.0,0.0,0.0,1.0,1,0,0,0,0,1,1,0,0,2,2.0430000000000064,3.109000000000009,0,0.0,0.0,1,0.7090000000000032,0.7090000000000032,0.4,0.0,1.0,1,0,0,1,1,0,0,0,0,0.0,0.0,0.0,0.0,0.0,0.0,0.0,0.5,0.0,0.0,0.5,0.0,0.0,0.8723404255319149,0.8723404255319149,0.0,0.5509844433017146,0.0,49.00000000000006,0.9800000000000011,-0.9800000000000011,40.86000000000013,0.8172000000000026,-0.8172000000000026,0.1627999999999985,0.0,0.6044648969051215
EX_08-EE_b,EX_08,EE,EE_UND,NON_UND,0,293.0,294.0,291.0,296.0,5.0,0.8716000000000008,0.10019999999999527,0.0,0.9717999999999961,2,0.47876986239532865,0.948199999999997,0.0,0.0,0.948199999999997,0,-0.0,0.8197999999999979,0.8197999999999979,2,2.179000000000002,3.5149999999999864,1,0.5009999999999764,0.5009999999999764,0,0.0,0.0,0.4,0.0,0.16860000000000355,1,0,0,0,0,1,1,0,0,3,1.5803333333333285,2.9540000000000077,0,0.0,0.0,0,0.0,0.0,0.0,0.0,1.0,1,0,0,1,1,0,0,0,0,0.5,0.0,0.5,0.0,0.0,0.0,0.0,0.0,0.0,0.0,0.0,0.0,0.0,0.8913043478260869,0.8913043478260869,0.10869565217391304,0.4959690720618337,0.0,8.698602794411597,0.9717999999999961,-0.7714000000000055,47.409999999999854,0.948199999999997,-0.948199999999997,0.07659999999999623,0.10019999999999527,0.47876986239532865
EX_08-EE_b,EX_08,EE,EE_UND,MISUND,0,342.0,343.0,340.0,345.0,5.0,0.9615999999999986,0.0,0.0,0.9615999999999986,0,-0.0,0.6498000000000047,0.0,0.0,0.6498000000000047,0,-0.0,0.6341999999999984,0.6341999999999984,3,1.6026666666666642,2.3389999999999986,0,0.0,0.0,0,0.0,0.0,0.0,0.0,1.0,1,0,0,0,0,1,1,0,0,3,1.083000000000008,2.3310000000000173,0,0.0,0.0,0,0.0,0.0,0.0,0.0,1.0,1,0,0,1,1,0,0,0,0,0.0,0.0,0.0,0.0,0.0,0.0,0.0,0.0,0.0,0.0,0.0,0.0,0.0,1.0,1.0,0.0,-0.0,0.0,48.07999999999993,0.9615999999999986,-0.9615999999999986,32.49000000000024,0.6498000000000047,-0.6498000000000047,0.31179999999999386,0.0,0.0
EX_08-EE_b,EX_08,EE,EE_UND,NON_UND,0,404.0,405.0,402.0,407.0,5.0,0.9553999999999974,0.0,0.0,0.9553999999999974,0,-0.0,0.8296000000000049,0.0,0.09359999999999218,0.9231999999999971,2,0.4733752923364677,0.7850000000000023,0.7850000000000023,3,1.592333333333329,2.497000000000014,0,0.0,0.0,0,0.0,0.0,0.0,0.0,1.0,1,0,0,0,0,1,1,0,0,3,1.382666666666675,2.009999999999991,0,0.0,0.0,2,0.23399999999998045,0.2999999999999545,0.4,0.0,1.0,1,0,0,1,1,0,0,0,0,0.0,0.0,0.0,0.0,0.0,0.0,0.0,0.5,0.0,0.0,0.5,0.0,0.0,0.9069767441860465,0.9069767441860465,0.0,0.44648134689680297,0.0,47.76999999999987,0.9553999999999974,-0.9553999999999974,41.480000000000246,0.8296000000000049,-0.8296000000000049,0.12579999999999247,0.0,0.4733752923364677
EX_08-EE_b,EX_08,EE,EE_UND,MISUND,0,451.0,452.0,449.0,454.0,5.0,0.7605999999999995,0.18999999999998635,0.0,0.9505999999999858,3,0.7216755509089756,0.2913999999999987,0.6452000000000112,0.0,0.9366000000000099,1,0.8944682101583596,0.2913999999999987,0.2913999999999987,2,1.9014999999999986,2.34699999999998,2,0.4749999999999659,0.94399999999996,0,0.0,0.0,0.6,0.03559999999999945,0.0,1,0,0,1,0,0,1,0,0,1,1.4569999999999936,1.4569999999999936,3,1.075333333333352,1.6170000000000186,0,0.0,0.0,0.2,0.7022000000000048,0.0,0,1,0,0,1,1,0,0,0,0.3333333333333333,0.0,0.6666666666666666,0.0,0.0,0.0,0.0,0.0,1.0,0.0,0.0,0.0,0.15555555555555556,0.3111111111111111,0.4666666666666667,0.5333333333333333,1.4253296878737318,0.2884299752006152,4.003157894737127,0.9505999999999859,-0.5706000000000131,0.45164290142590463,0.9366000000000099,0.3538000000000125,0.4692000000000008,0.45520000000002486,0.17279265924938403
EX_08-EE_b,EX_08,EE,EE_UND,NON_UND,0,487.0,488.0,485.0,490.0,5.0,0.0,1.0,0.0,1.0,0,-0.0,0.23079999999999928,0.7262000000000057,0.0,0.957000000000005,2,0.7969810764754871,0.0,0.0,0,0.0,0.0,1,5.0,5.0,0,0.0,0.0,0.0,1.0,0.0,0,1,0,1,1,0,0,0,0,1,1.1539999999999964,1.1539999999999964,2,1.8155000000000143,2.2180000000000177,0,0.0,0.0,0.4,0.30819999999999936,0.0,0,1,0,0,0,1,1,0,0,0.0,0.0,0.0,0.0,0.0,0.0,0.5,0.0,0.5,0.0,0.0,0.0,0.7708333333333334,0.0,0.7708333333333334,0.22916666666666666,0.77655578544446,0.0,0.0,1.0,1.0,0.3178187827044856,0.957000000000005,0.49540000000000645,0.23079999999999928,0.27379999999999427,0.7969810764754871
EX_08-EE_b,EX_08,EE,EE_UND,MISUND,0,497.0,498.0,495.0,500.0,5.0,0.09759999999999991,0.8538000000000011,0.0,0.951400000000001,2,0.4771387720118847,0.0,1.0,0.0,1.0,0,-0.0,0.0,0.0,1,0.48799999999999955,0.48799999999999955,3,1.4230000000000018,2.6410000000000196,0,0.0,0.0,0.4,0.794799999999998,0.0,0,1,0,1,1,0,0,0,0,0,0.0,0.0,1,5.0,5.0,0,0.0,0.0,0.0,1.0,0.0,0,1,0,0,0,1,1,0,0,0.5,0.0,0.5,0.0,0.0,0.0,0.0,0.0,0.0,0.0,0.0,0.0,0.8958333333333334,0.0,0.8958333333333334,0.10416666666666667,0.4820661480830931,0.0,0.11431248535956873,0.951400000000001,0.7562000000000012,0.0,1.0,1.0,0.09759999999999991,0.1461999999999989,0.4771387720118847
EX_08-EE_b,EX_08,EE,EE_UND,NON_UND,0,533.0,534.0,531.0,536.0,5.0,0.0,1.0,0.0,1.0,0,-0.0,0.0,0.9634000000000015,0.0,0.9634000000000015,0,-0.0,0.0,0.0,0,0.0,0.0,1,5.0,5.0,0,0.0,0.0,0.0,1.0,0.0,0,1,0,1,1,0,0,0,0,0,0.0,0.0,2,2.4085000000000036,3.9850000000000136,0,0.0,0.0,0.0,1.0,0.0,0,1,0,0,0,1,1,0,0,0.0,0.0,0.0,0.0,0.0,0.0,0.0,0.0,0.0,0.0,0.0,0.0,1.0,0.0,1.0,0.0,-0.0,0.0,0.0,1.0,1.0,0.0,0.9634000000000015,0.9634000000000015,0.0,0.03659999999999852,0.0
EX_08-EE_b,EX_08,EE,EE_UND,NON_UND,0,536.0,537.0,534.0,539.0,5.0,0.053600000000005824,0.9205999999999903,0.0,0.9741999999999962,1,0.3073483724485147,0.0,0.9634000000000015,0.0,0.9634000000000015,0,-0.0,0.0,0.0,1,0.2680000000000291,0.2680000000000291,1,4.602999999999952,4.602999999999952,0,0.0,0.0,0.2,0.9463999999999941,0.0,0,1,0,1,0,0,1,0,0,0,0.0,0.0,2,2.4085000000000036,3.8319999999999936,0,0.0,0.0,0.0,1.0,0.0,0,1,0,0,0,1,1,0,0,0.0,0.0,1.0,0.0,0.0,0.0,0.0,0.0,0.0,0.0,0.0,0.0,0.9574468085106383,0.0,0.9574468085106383,0.0425531914893617,0.25387844029816153,0.0,0.058222898109935244,0.9741999999999962,0.8669999999999844,0.0,0.9634000000000015,0.9634000000000015,0.053600000000005824,0.04280000000001116,0.3073483724485147
EX_08-EE_b,EX_08,EE,EE_UND,NON_UND,0,561.0,562.0,559.0,564.0,5.0,0.0,1.0,0.0,1.0,0,-0.0,0.0,0.9635999999999967,0.0,0.9635999999999967,0,-0.0,0.0,0.0,0,0.0,0.0,1,5.0,5.0,0,0.0,0.0,0.0,1.0,0.0,0,1,0,1,1,0,0,0,0,0,0.0,0.0,2,2.408999999999992,4.221000000000004,0,0.0,0.0,0.0,1.0,0.0,0,1,0,0,0,1,1,0,0,0.0,0.0,0.0,0.0,0.0,0.0,0.0,0.0,0.0,0.0,0.0,0.0,1.0,0.0,1.0,0.0,-0.0,0.0,0.0,1.0,1.0,0.0,0.9635999999999967,0.9635999999999967,0.0,0.03640000000000332,0.0
EX_08-EE_b,EX_08,EE,EE_UND,MISUND,0,610.0,611.0,608.0,613.0,5.0,0.1384000000000242,0.7607999999999947,0.0,0.8992000000000189,3,0.6195504846075064,0.11320000000000618,0.8157999999999902,0.0,0.9289999999999964,2,0.5346594978115755,0.0,0.0,2,0.3460000000000605,0.41200000000003456,3,1.2679999999999911,1.8339999999999463,0,0.0,0.0,0.6,0.0,0.1321999999999889,0,1,0,0,1,1,0,0,0,1,0.5660000000000309,0.5660000000000309,3,1.3596666666666504,2.0439999999999827,0,0.0,0.0,0.4,0.7119999999999891,0.0,0,1,0,0,0,1,1,0,0,0.6666666666666666,0.0,0.3333333333333333,0.0,0.0,0.0,0.5,0.0,0.5,0.0,0.0,0.0,0.7073170731707317,0.0,0.7073170731707317,0.2926829268292683,1.140931300747362,-0.16188893170327062,0.18191377497374495,0.8992000000000189,0.6223999999999705,0.1387594998774302,0.9289999999999964,0.702599999999984,0.025200000000018014,0.0549999999999955,0.08489098679593088
EX_08-EE_b,EX_08,EE,EE_UND,MISUND,0,617.0,618.0,615.0,620.0,5.0,0.575,0.3309999999999718,0.0,0.9059999999999718,2,0.9470284260214532,0.24760000000001128,0.6813999999999851,0.0,0.9289999999999964,1,0.8364312032120125,0.22660000000000763,0.22660000000000763,1,2.875,2.875,4,0.41374999999996476,0.79099999999994,0,0.0,0.0,0.4,0.40399999999999636,0.0,1,0,0,1,1,0,0,0,0,1,1.2380000000000564,1.2380000000000564,3,1.1356666666666417,1.4349999999999454,0,0.0,0.0,0.2,0.7523999999999887,0.0,0,1,0,0,1,1,0,0,0,0.5,0.0,0.5,0.0,0.0,0.0,0.0,0.0,1.0,0.0,0.0,0.0,0.375,0.275,0.65,0.35,1.5729262036887497,0.47705996153162095,1.7371601208460692,0.9059999999999717,-0.24400000000002814,0.36336953331379024,0.9289999999999964,0.4337999999999739,0.3273999999999887,0.3504000000000133,0.11059722280944073
EX_08-EE_b,EX_08,EE,EE_UND,PART_UND,0,623.0,624.0,621.0,626.0,5.0,0.8347999999999729,0.08700000000001182,0.0,0.9217999999999847,2,0.4509249534806856,0.4977999999999838,0.4127999999999929,0.0,0.9105999999999768,4,0.9937055246075168,0.49379999999998747,0.49379999999998747,4,1.0434999999999661,2.312999999999988,1,0.4350000000000591,0.4350000000000591,0,0.0,0.0,0.4,0.0,0.07139999999999418,1,0,0,0,0,1,1,0,0,3,0.8296666666666397,1.7619999999999436,2,1.0319999999999823,1.1509999999999536,0,0.0,0.0,0.8,0.0,0.037200000000007095,1,0,0,1,1,0,0,0,0,0.5,0.0,0.5,0.0,0.0,0.0,0.5,0.0,0.5,0.0,0.0,0.0,0.0975609756097561,0.5853658536585366,0.6829268292682927,0.3170731707317073,1.305239410639012,0.39067020803580715,9.59540229884896,0.9217999999999847,-0.747799999999961,1.20591085271316,0.9105999999999768,-0.08499999999999092,0.3369999999999891,0.3257999999999811,0.5427805711268312
EX_08-EE_b,EX_08,EE,EE_UND,NON_UND,0,639.0,640.0,637.0,642.0,5.0,0.694399999999996,0.26459999999999584,0.0,0.9589999999999919,3,0.8498212170746413,0.29900000000000093,0.6185999999999694,0.0,0.9175999999999703,3,0.9106300742214017,0.23620000000000801,0.23620000000000801,2,1.73599999999999,2.2169999999999845,2,0.6614999999999895,0.8930000000000291,0,0.0,0.0,0.6,0.0,0.2509999999999991,1,0,0,0,1,1,0,0,0,2,0.7475000000000023,1.26400000000001,3,1.030999999999949,1.5879999999999654,0,0.0,0.0,0.6,0.33820000000000616,0.0,0,1,0,0,1,1,0,0,0,0.6666666666666666,0.0,0.3333333333333333,0.0,0.0,0.0,0.3333333333333333,0.0,0.6666666666666666,0.0,0.0,0.0,0.19047619047619047,0.2857142857142857,0.47619047619047616,0.5238095238095238,1.690933805959686,0.158113883008419,2.6243386243386504,0.9589999999999919,-0.4298000000000002,0.483349498868438,0.9175999999999703,0.31959999999996846,0.3953999999999951,0.35399999999997356,0.06080885714676043
EX_08-EE_b,EX_08,EE,EE_UND,MISUND,0,655.0,656.0,653.0,658.0,5.0,0.24800000000000183,0.7021999999999935,0.0,0.9501999999999953,2,0.8282481635404245,0.0,0.9597999999999957,0.0,0.9597999999999957,0,-0.0,0.0,0.0,1,1.240000000000009,1.240000000000009,2,1.7554999999999836,2.5819999999999936,0,0.0,0.0,0.4,0.5327999999999975,0.0,0,1,0,1,1,0,0,0,0,0,0.0,0.0,2,2.399499999999989,3.4990000000000236,0,0.0,0.0,0.0,1.0,0.0,0,1,0,0,0,1,1,0,0,0.5,0.0,0.5,0.0,0.0,0.0,0.0,0.0,0.0,0.0,0.0,0.0,0.7608695652173914,0.0,0.7608695652173914,0.2391304347826087,0.7935912300117064,0.0,0.353175733409291,0.9501999999999953,0.45419999999999167,0.0,0.9597999999999957,0.9597999999999957,0.24800000000000183,0.25760000000000216,0.8282481635404245
EX_08-EE_b,EX_08,EE,EE_UND,MISUND,0,711.0,712.0,709.0,714.0,5.0,0.6402000000000043,0.2611999999999853,0.0,0.9013999999999897,1,0.8684258516430005,0.7708000000000084,0.2104000000000042,0.0,0.9812000000000125,1,0.7498680785047693,0.6402000000000043,0.6402000000000043,2,1.600500000000011,2.106999999999971,2,0.6529999999999632,1.2989999999999782,0,0.0,0.0,0.2,0.3461999999999989,0.0,1,0,0,1,0,0,1,0,0,1,3.854000000000042,3.854000000000042,1,1.052000000000021,1.052000000000021,0,0.0,0.0,0.2,0.22919999999999163,0.0,1,0,0,0,1,1,0,0,0,0.0,0.0,1.0,0.0,0.0,0.0,0.0,0.0,1.0,0.0,0.0,0.0,0.23255813953488372,0.7209302325581395,0.9534883720930233,0.046511627906976744,1.0355818111935688,0.8847758376155415,2.4509954058194503,0.9013999999999895,-0.37900000000001904,3.6634980988592822,0.9812000000000125,-0.5604000000000042,0.13060000000000405,0.05079999999998108,0.11855777313823113
EX_08-EE_b,EX_08,EE,EE_UND,NON_UND,0,744.0,745.0,742.0,747.0,5.0,0.6352000000000089,0.2577999999999975,0.0,0.8930000000000063,2,0.8670227675193959,0.9926000000000158,0.0,0.0,0.9926000000000158,0,-0.0,0.6278000000000248,0.6278000000000248,3,1.0586666666666815,1.6990000000000691,1,1.2889999999999873,1.2889999999999873,0,0.0,0.0,0.4,0.0,0.17719999999999345,1,0,0,0,0,1,1,0,0,2,2.4815000000000396,4.455000000000041,0,0.0,0.0,0,0.0,0.0,0.0,0.0,1.0,1,0,0,1,1,0,0,0,0,0.5,0.0,0.5,0.0,0.0,0.0,0.0,0.0,0.0,0.0,0.0,0.0,0.0,0.7045454545454546,0.7045454545454546,0.29545454545454547,0.8756633923230397,0.0,2.463925523661812,0.8930000000000063,-0.3774000000000114,49.63000000000079,0.9926000000000158,-0.9926000000000158,0.35740000000000693,0.2577999999999975,0.8670227675193959
EX_08-EE_b,EX_08,EE,EE_UND,NON_UND,0,761.0,762.0,759.0,764.0,5.0,0.8372000000000298,0.03780000000001564,0.0,0.8750000000000455,2,0.2567764375833106,0.9653999999999996,0.0,0.0,0.9653999999999996,0,-0.0,0.8026000000000295,0.8026000000000295,4,1.0465000000000373,2.288000000000011,1,0.18900000000007822,0.18900000000007822,0,0.0,0.0,0.4,0.0,0.2071999999999889,1,0,0,0,0,1,1,0,0,3,1.6089999999999993,2.4149999999999636,0,0.0,0.0,0,0.0,0.0,0.0,0.0,1.0,1,0,0,1,1,0,0,0,0,0.5,0.0,0.5,0.0,0.0,0.0,0.0,0.0,0.0,0.0,0.0,0.0,0.0,0.9523809523809523,0.9523809523809523,0.047619047619047616,0.2761954276479391,0.0,22.14814814813977,0.8750000000000454,-0.7994000000000142,48.26999999999998,0.9653999999999996,-0.9653999999999996,0.12819999999996978,0.03780000000001564,0.2567764375833106
EX_08-EE_b,EX_08,EE,EE_UND,NON_UND,0,774.0,775.0,772.0,777.0,5.0,0.8738000000000057,0.0,0.040200000000004364,0.91400000000001,2,0.26026287034419265,0.9371999999999844,0.0,0.0,0.9371999999999844,0,-0.0,0.81099999999999,0.81099999999999,3,1.4563333333333428,1.8050000000000637,0,0.0,0.0,1,0.20100000000002183,0.20100000000002183,0.4,0.0036000000000058208,1.0,1,0,0,0,0,1,1,0,0,3,1.5619999999999739,2.092999999999961,0,0.0,0.0,0,0.0,0.0,0.0,0.0,1.0,1,0,0,1,1,0,0,0,0,0.0,0.5,0.0,0.0,0.5,0.0,0.0,0.0,0.0,0.0,0.0,0.0,0.0,0.9523809523809523,0.9523809523809523,0.0,0.2761954276479391,0.0,43.69000000000028,0.8738000000000057,-0.8738000000000057,46.85999999999922,0.9371999999999844,-0.9371999999999844,0.0633999999999787,0.0,0.26026287034419265
EX_08-EE_b,EX_08,EE,EE_UND,PART_UND,0,787.0,788.0,785.0,790.0,5.0,0.8873999999999796,0.0,0.03440000000000509,0.9217999999999847,1,0.2298585619445981,0.33199999999999363,0.5085999999999785,0.0,0.8405999999999721,2,0.9679234562645502,0.24199999999998453,0.24199999999998453,2,2.218499999999949,3.4729999999999563,0,0.0,0.0,1,0.17200000000002547,0.17200000000002547,0.2,0.0900000000000091,1.0,1,0,0,0,0,0,1,1,0,2,0.8299999999999841,1.2519999999999527,4,0.6357499999999732,1.2280000000000655,0,0.0,0.0,0.4,0.0,0.27080000000000837,0,1,0,1,1,0,0,0,0,0.0,0.0,0.0,0.0,1.0,0.0,0.5,0.0,0.5,0.0,0.0,0.0,0.0,0.3157894736842105,0.3157894736842105,0.631578947368421,1.1674367232867007,-0.3086066999241838,44.36999999999898,0.8873999999999796,-0.8873999999999796,0.6527723161620285,0.8405999999999721,0.17659999999998488,0.555399999999986,0.5085999999999785,0.7380648943199521
EX_08-EE_b,EX_08,EE,EE_UND,PART_UND,0,818.0,819.0,816.0,821.0,5.0,0.0,1.0,0.0,1.0,0,-0.0,0.0,0.9824000000000069,0.0,0.9824000000000069,0,-0.0,0.0,0.0,0,0.0,0.0,1,5.0,5.0,0,0.0,0.0,0.0,1.0,0.0,0,1,0,1,1,0,0,0,0,0,0.0,0.0,2,2.4560000000000173,3.522000000000048,0,0.0,0.0,0.0,1.0,0.0,0,1,0,0,0,1,1,0,0,0.0,0.0,0.0,0.0,0.0,0.0,0.0,0.0,0.0,0.0,0.0,0.0,1.0,0.0,1.0,0.0,-0.0,0.0,0.0,1.0,1.0,0.0,0.9824000000000069,0.9824000000000069,0.0,0.017599999999993066,0.0
EX_08-EE_b,EX_08,EE,EE_UND,PART_UND,0,845.0,846.0,843.0,848.0,5.0,0.0,0.971199999999999,0.0,0.971199999999999,0,-0.0,0.0,0.9902000000000044,0.0,0.9902000000000044,0,-0.0,0.0,0.0,0,0.0,0.0,2,2.4279999999999973,4.2450000000000045,0,0.0,0.0,0.0,1.0,0.0,0,1,0,1,1,0,0,0,0,0,0.0,0.0,1,4.951000000000022,4.951000000000022,0,0.0,0.0,0.0,1.0,0.009799999999995635,0,1,0,0,0,1,1,0,0,0.0,0.0,0.0,0.0,0.0,0.0,0.0,0.0,0.0,0.0,0.0,0.0,1.0,0.0,1.0,0.0,-0.0,0.0,0.0,0.971199999999999,0.971199999999999,0.0,0.9902000000000044,0.9902000000000044,0.0,0.019000000000005457,0.0
EX_08-EE_b,EX_08,EE,EE_UND,PART_UND,0,862.0,863.0,860.0,865.0,5.0,0.08679999999999381,0.8382000000000062,0.0,0.925,1,0.44915191810197075,0.12279999999998381,0.8508000000000038,0.0,0.9735999999999876,3,0.5467278726680845,0.030999999999994542,0.030999999999994542,1,0.4339999999999691,0.4339999999999691,3,1.3970000000000102,3.3980000000000246,0,0.0,0.0,0.2,0.0,0.08679999999999381,0,1,0,0,1,1,0,0,0,2,0.3069999999999595,0.45899999999994634,2,2.1270000000000095,3.8880000000000337,0,0.0,0.0,0.6,0.0,0.042000000000007275,0,1,0,1,0,0,1,0,0,1.0,0.0,0.0,0.0,0.0,0.0,0.6666666666666666,0.0,0.3333333333333333,0.0,0.0,0.0,0.8181818181818182,0.045454545454545456,0.8636363636363636,0.13636363636363635,0.9567657083663144,0.3350831266333564,0.10355523741349698,0.9249999999999999,0.7514000000000124,0.1443347437705492,0.9735999999999876,0.72800000000002,0.03599999999999,0.012599999999997613,0.09757595456611379
EX_08-EE_b,EX_08,EE,EE_UND,NON_UND,0,876.0,877.0,874.0,879.0,5.0,0.0,0.9731999999999971,0.0,0.9731999999999971,0,-0.0,0.0,1.0,0.0,1.0,0,-0.0,0.0,0.0,0,0.0,0.0,2,2.4329999999999927,3.850999999999999,0,0.0,0.0,0.0,1.0,0.0,0,1,0,1,1,0,0,0,0,0,0.0,0.0,1,5.0,5.0,0,0.0,0.0,0.0,1.0,0.0,0,1,0,0,0,1,1,0,0,0.0,0.0,0.0,0.0,0.0,0.0,0.0,0.0,0.0,0.0,0.0,0.0,1.0,0.0,1.0,0.0,-0.0,0.0,0.0,0.9731999999999971,0.9731999999999971,0.0,1.0,1.0,0.0,0.026800000000002933,0.0
EX_08-EE_b,EX_08,EE,EE_UND,PART_UND,0,890.0,891.0,888.0,893.0,5.0,0.0,0.9763999999999896,0.0,0.9763999999999896,0,-0.0,0.0,0.9945999999999913,0.0,0.9945999999999913,0,-0.0,0.0,0.0,0,0.0,0.0,2,2.440999999999974,4.130999999999972,0,0.0,0.0,0.0,1.0,0.0,0,1,0,1,1,0,0,0,0,0,0.0,0.0,1,4.972999999999956,4.972999999999956,0,0.0,0.0,0.0,1.0,0.0,0,1,0,0,0,1,1,0,0,0.0,0.0,0.0,0.0,0.0,0.0,0.0,0.0,0.0,0.0,0.0,0.0,1.0,0.0,1.0,0.0,-0.0,0.0,0.0,0.9763999999999896,0.9763999999999896,0.0,0.9945999999999913,0.9945999999999913,0.0,0.01820000000000166,0.0
EX_08-EE_b,EX_08,EE,EE_UND,UND,1,915.0,916.0,913.0,918.0,5.0,0.3678000000000111,0.508400000000006,0.0,0.8762000000000171,2,0.9813453170595062,0.41860000000003766,0.502599999999984,0.0,0.9212000000000217,4,0.9939938151825004,0.06460000000001856,0.06460000000001856,1,1.8390000000000555,1.8390000000000555,3,0.8473333333333434,1.149000000000001,0,0.0,0.0,0.4,0.28279999999999744,0.0,0,1,0,1,1,0,0,0,0,2,1.0465000000000941,1.1590000000001055,4,0.62824999999998,1.1359999999999673,0,0.0,0.0,0.8,0.031199999999989812,0.0,0,1,0,0,0,1,1,0,0,0.5,0.0,0.5,0.0,0.0,0.0,0.5,0.0,0.5,0.0,0.0,0.0,0.3,0.075,0.375,0.625,1.8436492392715105,-0.31278285307603054,0.7234461054288096,0.8762000000000171,0.14059999999999484,0.8328690807800458,0.9212000000000216,0.08399999999994628,0.050800000000026546,0.00580000000002201,0.012648498122994178
EX_08-EE_b,EX_08,EE,EE_UND,UND,1,930.0,931.0,928.0,933.0,5.0,0.7551999999999908,0.2074000000000069,0.0,0.9625999999999977,2,0.751787040850898,0.15219999999999345,0.81099999999999,0.0,0.9631999999999834,2,0.6295394651576376,0.15219999999999345,0.15219999999999345,1,3.7759999999999536,3.7759999999999536,2,0.5185000000000173,0.8970000000000482,0,0.0,0.0,0.4,0.19860000000001038,0.0,1,0,0,1,1,0,0,0,0,1,0.7609999999999673,0.7609999999999673,3,1.35166666666665,1.8909999999999627,0,0.0,0.0,0.4,0.34339999999999693,0.0,0,1,0,0,0,1,1,0,0,0.5,0.0,0.5,0.0,0.0,0.0,0.5,0.0,0.5,0.0,0.0,0.0,0.21739130434782608,0.15217391304347827,0.3695652173913043,0.6304347826086957,1.3115572981879597,0.22328804235236116,3.6412729026034985,0.9625999999999977,-0.5477999999999839,0.18766954377311384,0.9631999999999834,0.6587999999999965,0.6029999999999973,0.603599999999983,0.12224757569326039
EX_08-EE_b,EX_08,EE,EE_UND,MISUND,0,971.0,972.0,969.0,974.0,5.0,0.21199999999998909,0.7152000000000271,0.0,0.9272000000000162,6,0.7756424191321689,0.0,0.9514000000000123,0.0,0.9514000000000123,0,-0.0,0.0,0.0,3,0.3533333333333151,0.4499999999999318,5,0.7152000000000271,1.9580000000000837,0,0.0,0.0,1.2,0.14300000000000637,0.0,0,1,0,1,1,0,0,0,0,0,0.0,0.0,3,1.5856666666666872,3.147000000000048,0,0.0,0.0,0.0,1.0,0.0,0,1,0,0,0,1,1,0,0,0.5,0.0,0.5,0.0,0.0,0.0,0.0,0.0,0.0,0.0,0.0,0.0,0.7674418604651163,0.0,0.7674418604651163,0.23255813953488372,0.782444129406689,0.0,0.2964205816554545,0.9272000000000162,0.5032000000000381,0.0,0.9514000000000123,0.9514000000000123,0.21199999999998909,0.2361999999999852,0.7756424191321689
EX_08-EE_b,EX_08,EE,EE_UND,UND,1,1015.0,1016.0,1013.0,1018.0,5.0,0.0,0.9827999999999975,0.0,0.9827999999999975,0,-0.0,0.0,1.0,0.0,1.0,0,-0.0,0.0,0.0,0,0.0,0.0,2,2.4569999999999936,3.4529999999999745,0,0.0,0.0,0.0,1.0,0.0,0,1,0,1,1,0,0,0,0,0,0.0,0.0,1,5.0,5.0,0,0.0,0.0,0.0,1.0,0.0,0,1,0,0,0,1,1,0,0,0.0,0.0,0.0,0.0,0.0,0.0,0.0,0.0,0.0,0.0,0.0,0.0,1.0,0.0,1.0,0.0,-0.0,0.0,0.0,0.9827999999999975,0.9827999999999975,0.0,1.0,1.0,0.0,0.017200000000002547,0.0
EX_08-EE_b,EX_08,EE,EE_UND,UND,1,1062.0,1063.0,1060.0,1065.0,5.0,0.0,0.9606000000000222,0.0,0.9606000000000222,0,-0.0,0.0,0.92199999999998,0.0,0.92199999999998,0,-0.0,0.0,0.0,0,0.0,0.0,3,1.601000000000037,2.5830000000000837,0,0.0,0.0,0.0,1.0,0.0,0,1,0,1,1,0,0,0,0,0,0.0,0.0,5,0.92199999999998,1.8969999999999345,0,0.0,0.0,0.0,1.0,0.0,0,1,0,0,0,1,1,0,0,0.0,0.0,0.0,0.0,0.0,0.0,0.0,0.0,0.0,0.0,0.0,0.0,1.0,0.0,1.0,0.0,-0.0,0.0,0.0,0.9606000000000222,0.9606000000000222,0.0,0.92199999999998,0.92199999999998,0.0,0.03860000000004227,0.0
EX_08-EE_b,EX_08,EX,EX_UND,NON_UND,0,231.0,232.0,229.0,234.0,5.0,0.5488,0.4067999999999984,0.0,0.9555999999999983,2,0.9840125740226038,0.945799999999997,0.0,0.0,0.945799999999997,0,-0.0,0.5133999999999957,0.5133999999999957,2,1.3719999999999999,1.9989999999999952,1,2.033999999999992,2.033999999999992,0,0.0,0.0,0.4,0.0,0.17540000000000192,1,0,0,0,0,1,1,0,0,4,1.1822499999999962,1.7690000000000055,0,0.0,0.0,0,0.0,0.0,0.0,0.0,1.0,1,0,0,1,1,0,0,0,0,0.5,0.0,0.5,0.0,0.0,0.0,0.0,0.0,0.0,0.0,0.0,0.0,0.0,0.5652173913043478,0.5652173913043478,0.43478260869565216,0.9876925088958034,0.0,1.3490658800393367,0.9555999999999983,-0.14200000000000157,47.28999999999985,0.945799999999997,-0.945799999999997,0.396999999999997,0.4067999999999984,0.9840125740226038
EX_08-EE_b,EX_08,EX,EX_UND,NON_UND,0,353.0,354.0,351.0,356.0,5.0,0.7052000000000135,0.212600000000009,0.0,0.9178000000000225,2,0.7808607779604329,0.9328000000000088,0.0,0.0,0.9328000000000088,0,-0.0,0.65300000000002,0.65300000000002,3,1.1753333333333558,1.761000000000024,1,1.063000000000045,1.063000000000045,0,0.0,0.0,0.4,0.0,0.42179999999999607,1,0,0,0,0,1,1,0,0,5,0.9328000000000088,1.7930000000000064,0,0.0,0.0,0,0.0,0.0,0.0,0.0,1.0,1,0,0,1,1,0,0,0,0,0.5,0.0,0.5,0.0,0.0,0.0,0.0,0.0,0.0,0.0,0.0,0.0,0.0,0.7804878048780488,0.7804878048780488,0.21951219512195122,0.7592757847892833,0.0,3.3170272812793207,0.9178000000000225,-0.4926000000000045,46.64000000000044,0.9328000000000088,-0.9328000000000088,0.22759999999999536,0.212600000000009,0.7808607779604329
EX_08-EE_b,EX_08,EX,EX_UND,MISUND,0,460.0,461.0,458.0,463.0,5.0,0.0,0.7419999999999959,0.0,0.7419999999999959,0,-0.0,0.0,0.9836000000000013,0.0,0.9836000000000013,0,-0.0,0.0,0.0,0,0.0,0.0,1,3.7099999999999795,3.7099999999999795,0,0.0,0.0,0.0,1.0,0.2580000000000041,0,1,0,1,1,0,0,0,0,0,0.0,0.0,2,2.459000000000003,4.016999999999996,0,0.0,0.0,0.0,1.0,0.0,0,1,0,0,0,1,1,0,0,0.0,0.0,0.0,0.0,0.0,0.0,0.0,0.0,0.0,0.0,0.0,0.0,1.0,0.0,1.0,0.0,-0.0,0.0,0.0,0.7419999999999959,0.7419999999999959,0.0,0.9836000000000013,0.9836000000000013,0.0,0.24160000000000537,0.0
EX_08-EE_b,EX_08,EX,EX_UND,NON_UND,0,708.0,709.0,706.0,711.0,5.0,0.18019999999999073,0.7123999999999796,0.0,0.8925999999999703,2,0.7256764454862272,0.17080000000000836,0.7555999999999813,0.0,0.9263999999999897,1,0.6895433755775247,0.05380000000000109,0.05380000000000109,2,0.4504999999999768,0.6319999999999482,2,1.780999999999949,2.26299999999992,0,0.0,0.0,0.4,0.0,0.14880000000000565,0,1,0,0,0,1,1,0,0,1,0.8540000000000418,0.8540000000000418,3,1.259333333333302,3.2549999999999955,0,0.0,0.0,0.2,0.8291999999999916,0.0,0,1,0,0,1,1,0,0,0,0.5,0.0,0.5,0.0,0.0,0.0,0.0,0.0,1.0,0.0,0.0,0.0,0.7804878048780488,0.04878048780487805,0.8292682926829268,0.17073170731707318,1.0743900418269419,0.28772289644275145,0.25294778214485664,0.8925999999999703,0.5321999999999889,0.2260455267337382,0.9263999999999897,0.5847999999999729,0.009399999999982367,0.04320000000000168,0.036133069908702575
EX_08-EE_b,EX_08,EX,EX_UND,NON_UND,0,783.0,784.0,781.0,786.0,5.0,0.8945999999999913,0.0,0.03700000000001182,0.9316000000000031,2,0.24099137471434015,0.8566000000000031,0.09700000000000272,0.0,0.9536000000000058,2,0.474423640164253,0.7511999999999943,0.7511999999999943,2,2.236499999999978,3.923000000000002,0,0.0,0.0,1,0.18500000000005912,0.18500000000005912,0.4,0.012799999999992906,1.0,1,0,0,0,0,1,1,0,0,2,2.1415000000000077,2.375,1,0.48500000000001364,0.48500000000001364,0,0.0,0.0,0.4,0.0,0.40779999999999744,1,0,0,1,1,0,0,0,0,0.0,0.5,0.0,0.0,0.5,0.0,0.5,0.0,0.5,0.0,0.0,0.0,0.0,0.8409090909090909,0.8409090909090909,0.11363636363636363,0.7694449140302984,-0.07813453848974923,44.72999999999956,0.8945999999999913,-0.8945999999999913,8.83092783505133,0.9536000000000059,-0.7596000000000004,0.037999999999988154,0.09700000000000272,0.23343226544991283
EX_08-EE_b,EX_08,EX,EX_UND,UND,1,904.0,905.0,902.0,907.0,5.0,0.7026000000000068,0.2326000000000022,0.0,0.9352000000000089,2,0.8092380414932596,0.11420000000000527,0.8032000000000152,0.0,0.9174000000000205,3,0.5421091156140199,0.11420000000000527,0.11420000000000527,3,1.1710000000000111,2.0819999999999936,1,1.163000000000011,1.163000000000011,0,0.0,0.0,0.4,0.0,0.255600000000004,1,0,0,0,0,1,1,0,0,2,0.2855000000000132,0.5629999999999882,3,1.3386666666666922,1.6760000000000446,0,0.0,0.0,0.6,0.6332000000000108,0.0,0,1,0,0,1,1,0,0,0,0.5,0.0,0.5,0.0,0.0,0.0,0.3333333333333333,0.0,0.6666666666666666,0.0,0.0,0.0,0.2558139534883721,0.13953488372093023,0.3953488372093023,0.6046511627906976,1.3384750923531303,0.23610007040075873,3.0206362854686164,0.9352000000000089,-0.4700000000000046,0.14218127490040228,0.9174000000000205,0.6890000000000099,0.5884000000000015,0.5706000000000131,0.26712892587923975
EX_08-EE_b,EX_08,EX,EX_UND,UND,1,940.0,941.0,938.0,943.0,5.0,0.18360000000000126,0.7559999999999946,0.0,0.9395999999999958,3,0.7126368350739809,0.0,0.955399999999986,0.0,0.955399999999986,0,-0.0,0.0,0.0,2,0.4590000000000032,0.7649999999999864,2,1.8899999999999864,2.048999999999978,0,0.0,0.0,0.6,0.4316000000000031,0.0,0,1,0,1,0,0,1,0,0,0,0.0,0.0,3,1.59233333333331,2.491999999999962,0,0.0,0.0,0.0,1.0,0.0,0,1,0,0,0,1,1,0,0,0.3333333333333333,0.0,0.6666666666666666,0.0,0.0,0.0,0.0,0.0,0.0,0.0,0.0,0.0,0.8260869565217391,0.0,0.8260869565217391,0.17391304347826086,0.6665783579949205,0.0,0.24285714285714627,0.9395999999999958,0.5723999999999934,0.0,0.955399999999986,0.955399999999986,0.18360000000000126,0.19939999999999147,0.7126368350739809
EX_08-EE_b,EX_08,EX,EX_UND,NON_UND,0,1106.0,1107.0,1104.0,1109.0,5.0,0.742599999999993,0.20979999999999563,0.0,0.9523999999999887,4,0.7606886469746135,0.1420000000000073,0.8390000000000327,0.0,0.9810000000000401,1,0.5965453666487261,0.1420000000000073,0.1420000000000073,4,0.9282499999999914,1.70900000000006,2,0.5244999999999891,0.5449999999998454,0,0.0,0.0,0.8,0.0,0.3900000000000091,1,0,0,0,0,1,1,0,0,1,0.7100000000000364,0.7100000000000364,2,2.097500000000082,2.803000000000111,0,0.0,0.0,0.2,0.0,0.1420000000000073,0,1,0,1,0,0,1,0,0,0.5,0.0,0.5,0.0,0.0,0.0,1.0,0.0,0.0,0.0,0.0,0.0,0.20833333333333334,0.16666666666666666,0.375,0.625,1.3260875253642983,0.2294157338705618,3.539561487130641,0.9523999999999887,-0.5327999999999974,0.16924910607866717,0.9810000000000401,0.6970000000000254,0.6005999999999858,0.6292000000000371,0.16414328032588732
EX_08-EE_b,EX_08,EX,EX_UND,NON_UND,0,1143.0,1144.0,1141.0,1146.0,5.0,0.0,0.9523999999999887,0.0,0.9523999999999887,0,-0.0,0.1543999999999869,0.8014000000000123,0.0,0.9557999999999993,1,0.6379811966165603,0.0,0.0,0,0.0,0.0,3,1.5873333333333146,3.0239999999998872,0,0.0,0.0,0.0,1.0,0.0,0,1,0,1,1,0,0,0,0,1,0.7719999999999345,0.7719999999999345,2,2.003500000000031,3.0570000000000164,0,0.0,0.0,0.2,0.030799999999999272,0.18519999999998618,0,1,0,1,0,0,1,0,0,0.0,0.0,0.0,0.0,0.0,0.0,1.0,0.0,0.0,0.0,0.0,0.0,0.8222222222222222,0.0,0.8222222222222222,0.17777777777777778,0.6751914401458716,0.0,0.0,0.9523999999999887,0.9523999999999887,0.19266284002992828,0.9557999999999992,0.6470000000000254,0.1543999999999869,0.15099999999997638,0.6379811966165603
EX_08-EE_b,EX_08,EX,EX_UND,UND,1,1741.0,1742.0,1739.0,1744.0,5.0,0.0,0.9827999999999975,0.0,0.9827999999999975,0,-0.0,0.0,0.96599999999994,0.0,0.96599999999994,0,-0.0,0.0,0.0,0,0.0,0.0,1,4.913999999999987,4.913999999999987,0,0.0,0.0,0.0,1.0,0.017200000000002547,0,1,0,1,1,0,0,0,0,0,0.0,0.0,3,1.6099999999999,2.741999999999962,0,0.0,0.0,0.0,1.0,0.0,0,1,0,0,0,1,1,0,0,0.0,0.0,0.0,0.0,0.0,0.0,0.0,0.0,0.0,0.0,0.0,0.0,1.0,0.0,1.0,0.0,-0.0,0.0,0.0,0.9827999999999975,0.9827999999999975,0.0,0.96599999999994,0.96599999999994,0.0,0.016800000000057436,0.0
EX_08-EE_b,EX_08,EX,EX_UND,MISUND,0,1815.0,1816.0,1813.0,1818.0,5.0,0.0,0.9476000000000567,0.0,0.9476000000000567,0,-0.0,0.0,0.9802000000000135,0.0,0.9802000000000135,0,-0.0,0.0,0.0,0,0.0,0.0,3,1.5793333333334278,2.1770000000001346,0,0.0,0.0,0.0,1.0,0.0,0,1,0,1,1,0,0,0,0,0,0.0,0.0,2,2.4505000000000337,4.678000000000111,0,0.0,0.0,0.0,1.0,0.0,0,1,0,0,0,1,1,0,0,0.0,0.0,0.0,0.0,0.0,0.0,0.0,0.0,0.0,0.0,0.0,0.0,1.0,0.0,1.0,0.0,-0.0,0.0,0.0,0.9476000000000567,0.9476000000000567,0.0,0.9802000000000135,0.9802000000000135,0.0,0.032599999999956775,0.0
EX_08-EE_c,EX_08,EE,EE_UND,PART_UND,0,258.0,259.0,256.0,261.0,5.0,0.9360000000000014,0.0,0.0,0.9360000000000014,0,-0.0,0.6225999999999999,0.126400000000001,0.187600000000009,0.9366000000000099,5,1.2462150273454773,0.5586000000000013,0.5586000000000013,2,2.3400000000000034,3.1370000000000005,0,0.0,0.0,0,0.0,0.0,0.0,0.0,1.0,1,0,0,0,0,1,1,0,0,5,0.6225999999999999,1.511000000000024,1,0.632000000000005,0.632000000000005,2,0.4690000000000225,0.7010000000000218,1.0,0.0,0.5605999999999994,1,0,0,1,1,0,0,0,0,0.0,0.0,0.0,0.0,0.0,0.0,0.0,0.4,0.2,0.0,0.2,0.2,0.0,0.6590909090909091,0.6590909090909091,0.13636363636363635,1.2566918714553124,0.0,46.80000000000007,0.9360000000000014,-0.9360000000000014,4.925632911392365,0.749000000000001,-0.4961999999999989,0.31340000000000146,0.126400000000001,1.2462150273454773
EX_08-EE_c,EX_08,EE,EE_UND,UND,1,319.0,320.0,317.0,322.0,5.0,0.9449999999999932,0.0,0.0,0.9449999999999932,0,-0.0,0.47199999999999137,0.22480000000000472,0.2769999999999982,0.9737999999999942,5,1.5105955737773362,0.4335999999999899,0.4335999999999899,2,2.362499999999983,2.8689999999999714,0,0.0,0.0,0,0.0,0.0,0.0,0.0,1.0,1,0,0,0,0,1,1,0,0,3,0.7866666666666523,1.5480000000000018,3,0.37466666666667453,0.5419999999999732,2,0.6924999999999955,1.224999999999966,1.0,0.032000000000005004,0.20879999999999654,1,0,0,0,1,0,0,1,0,0.0,0.0,0.0,0.0,0.0,0.0,0.2,0.0,0.2,0.2,0.2,0.2,0.0,0.4782608695652174,0.4782608695652174,0.2391304347826087,1.5177584832121214,0.0,47.24999999999966,0.9449999999999932,-0.9449999999999932,2.0996441281137965,0.6967999999999961,-0.24719999999998665,0.4730000000000018,0.22480000000000472,1.5105955737773362
EX_08-EE_c,EX_08,EE,EE_UND,PART_UND,0,464.0,465.0,462.0,467.0,5.0,0.0,1.0,0.0,1.0,0,-0.0,0.0,1.0,0.0,1.0,0,-0.0,0.0,0.0,0,0.0,0.0,1,5.0,5.0,0,0.0,0.0,0.0,1.0,0.0,0,1,0,1,1,0,0,0,0,0,0.0,0.0,1,5.0,5.0,0,0.0,0.0,0.0,1.0,0.0,0,1,0,0,0,1,1,0,0,0.0,0.0,0.0,0.0,0.0,0.0,0.0,0.0,0.0,0.0,0.0,0.0,1.0,0.0,1.0,0.0,-0.0,0.0,0.0,1.0,1.0,0.0,1.0,1.0,0.0,0.0,0.0
EX_08-EE_c,EX_08,EE,EE_UND,MISUND,0,504.0,505.0,502.0,507.0,5.0,0.6964000000000056,0.22040000000000645,0.0,0.916800000000012,3,0.7957071502127251,0.0,0.9676000000000045,0.0,0.9676000000000045,0,-0.0,0.0,0.0,2,1.7410000000000139,2.0300000000000296,2,0.5510000000000161,0.9300000000000068,0,0.0,0.0,0.6,0.06499999999999773,0.0,1,0,0,1,0,0,1,0,0,0,0.0,0.0,2,2.419000000000011,2.600999999999999,0,0.0,0.0,0.0,1.0,0.012199999999995725,0,1,0,0,0,1,1,0,0,0.3333333333333333,0.0,0.6666666666666666,0.0,0.0,0.0,0.0,0.0,0.0,0.0,0.0,0.0,0.25,0.0,0.25,0.75,0.8112781244591328,0.0,3.159709618874706,0.916800000000012,-0.4759999999999991,0.0,0.9676000000000045,0.9676000000000045,0.6964000000000056,0.747199999999998,0.7957071502127251
EX_08-EE_c,EX_08,EE,EE_UND,MISUND,0,564.0,565.0,562.0,567.0,5.0,0.17319999999999708,0.7895999999999959,0.0,0.9627999999999929,2,0.6798406849898231,0.369399999999996,0.5793999999999869,0.0,0.9487999999999829,1,0.9643683422186611,0.0,0.0,1,0.8659999999999854,0.8659999999999854,3,1.315999999999993,1.808999999999969,0,0.0,0.0,0.4,0.7172000000000025,0.0,0,1,0,1,1,0,0,0,0,1,1.84699999999998,1.84699999999998,3,0.9656666666666448,2.240000000000009,0,0.0,0.0,0.2,0.0,0.3816000000000031,0,1,0,1,0,0,1,0,0,0.5,0.0,0.5,0.0,0.0,0.0,1.0,0.0,0.0,0.0,0.0,0.0,0.391304347826087,0.0,0.391304347826087,0.6086956521739131,1.5170706996576528,-0.4137283784938752,0.21935157041539766,0.962799999999993,0.6163999999999987,0.6375560925095001,0.948799999999983,0.20999999999999092,0.19619999999999893,0.21020000000000894,0.284527657228838
EX_08-EE_c,EX_08,EE,EE_UND,PART_UND,0,632.0,633.0,630.0,635.0,5.0,0.0,1.0,0.0,1.0,0,-0.0,0.37519999999999526,0.5515999999999849,0.0,0.9267999999999802,1,0.9737080715980122,0.0,0.0,0,0.0,0.0,1,5.0,5.0,0,0.0,0.0,0.0,1.0,0.0,0,1,0,1,1,0,0,0,0,2,0.9379999999999882,1.024000000000001,2,1.3789999999999623,2.08299999999997,0,0.0,0.0,0.2,0.0,0.4086000000000013,0,1,0,1,0,0,1,0,0,0.0,0.0,0.0,0.0,0.0,0.0,1.0,0.0,0.0,0.0,0.0,0.0,0.5869565217391305,0.0,0.5869565217391305,0.41304347826086957,0.978070970973496,0.0,0.0,1.0,1.0,0.6802030456852892,0.9267999999999801,0.17639999999998962,0.37519999999999526,0.4484000000000151,0.9737080715980122
EX_08-EE_c,EX_08,EE,EE_UND,PART_UND,0,823.0,824.0,821.0,826.0,5.0,0.0,1.0,0.0,1.0,0,-0.0,0.0,0.9801999999999907,0.0,0.9801999999999907,0,-0.0,0.0,0.0,0,0.0,0.0,1,5.0,5.0,0,0.0,0.0,0.0,1.0,0.0,0,1,0,1,1,0,0,0,0,0,0.0,0.0,2,2.450499999999977,2.822999999999979,0,0.0,0.0,0.0,1.0,0.0,0,1,0,0,0,1,1,0,0,0.0,0.0,0.0,0.0,0.0,0.0,0.0,0.0,0.0,0.0,0.0,0.0,1.0,0.0,1.0,0.0,-0.0,0.0,0.0,1.0,1.0,0.0,0.9801999999999907,0.9801999999999907,0.0,0.019800000000009255,0.0
EX_08-EE_c,EX_08,EE,EE_UND,MISUND,0,843.0,844.0,841.0,846.0,5.0,0.588000000000011,0.352800000000002,0.0,0.940800000000013,4,0.9544340029249627,0.14420000000000072,0.8557999999999992,0.0,1.0,2,0.5951334184999426,0.05219999999999345,0.05219999999999345,4,0.7350000000000136,1.2180000000000746,2,0.882000000000005,1.2060000000000173,0,0.0,0.0,0.8,0.0,0.05019999999999527,1,0,0,0,0,1,1,0,0,1,0.7210000000000036,0.7210000000000036,2,2.139499999999998,3.033999999999992,0,0.0,0.0,0.4,0.24900000000000092,0.0,0,1,0,0,0,1,1,0,0,0.5,0.0,0.5,0.0,0.0,0.0,0.5,0.0,0.5,0.0,0.0,0.0,0.3191489361702128,0.06382978723404255,0.3829787234042553,0.6170212765957447,1.5051299876324649,-0.0920897162534512,1.6666666666666883,0.940800000000013,-0.23520000000000896,0.16849731245618235,1.0,0.7115999999999985,0.44380000000001024,0.5029999999999972,0.3593005844250201
EX_08-EE_c,EX_08,EE,EE_UND,PART_UND,0,932.0,933.0,930.0,935.0,5.0,0.2577999999999975,0.7223999999999933,0.0,0.9801999999999907,1,0.8312509770332969,0.0,1.0,0.0,1.0,0,-0.0,0.0,0.0,1,1.2889999999999873,1.2889999999999873,1,3.6119999999999663,3.6119999999999663,0,0.0,0.0,0.2,0.7422000000000025,0.0,0,1,0,1,0,0,1,0,0,0,0.0,0.0,1,5.0,5.0,0,0.0,0.0,0.0,1.0,0.0,0,1,0,0,0,1,1,0,0,0.0,0.0,1.0,0.0,0.0,0.0,0.0,0.0,0.0,0.0,0.0,0.0,0.7551020408163265,0.0,0.7551020408163265,0.24489795918367346,0.8030909760146978,0.0,0.3568660022148393,0.9801999999999907,0.4645999999999958,0.0,1.0,1.0,0.2577999999999975,0.27760000000000673,0.8312509770332969
EX_08-EE_c,EX_08,EE,EE_UND,PART_UND,0,1041.0,1042.0,1039.0,1044.0,5.0,0.06419999999998253,0.9358000000000175,0.0,1.0,1,0.3438964988735511,0.0,0.9552000000000135,0.0,0.9552000000000135,0,-0.0,0.0,0.0,1,0.3209999999999127,0.3209999999999127,1,4.679000000000087,4.679000000000087,0,0.0,0.0,0.2,0.0,0.06419999999998253,0,1,0,0,1,1,0,0,0,0,0.0,0.0,3,1.5920000000000225,3.201999999999998,0,0.0,0.0,0.0,1.0,0.0,0,1,0,0,0,1,1,0,0,1.0,0.0,0.0,0.0,0.0,0.0,0.0,0.0,0.0,0.0,0.0,0.0,0.9166666666666666,0.0,0.9166666666666666,0.08333333333333333,0.41381685030363374,0.0,0.06860440265011897,1.0,0.871600000000035,0.0,0.9552000000000135,0.9552000000000135,0.06419999999998253,0.019399999999995976,0.3438964988735511
EX_08-EE_c,EX_08,EE,EE_UND,MISUND,0,1105.0,1106.0,1103.0,1108.0,5.0,0.09099999999998545,0.8304000000000542,0.0,0.9214000000000396,2,0.4650612968420289,0.0,0.9761999999999716,0.0,0.9761999999999716,0,-0.0,0.0,0.0,1,0.45499999999992724,0.45499999999992724,3,1.3840000000000903,2.0260000000000673,0,0.0,0.0,0.4,0.4304000000000087,0.0,0,1,0,1,1,0,0,0,0,0,0.0,0.0,2,2.440499999999929,2.4559999999999036,0,0.0,0.0,0.0,1.0,0.0,0,1,0,0,0,1,1,0,0,0.5,0.0,0.5,0.0,0.0,0.0,0.0,0.0,0.0,0.0,0.0,0.0,0.9130434782608695,0.0,0.9130434782608695,0.08695652173913043,0.4262286569981449,0.0,0.10958574181115066,0.9214000000000396,0.7394000000000688,0.0,0.9761999999999716,0.9761999999999716,0.09099999999998545,0.14579999999991744,0.4650612968420289
EX_08-EE_c,EX_08,EE,EE_UND,MISUND,0,1182.0,1183.0,1180.0,1185.0,5.0,0.266800000000012,0.7099999999999909,0.0,0.9768000000000029,3,0.8459297853923887,0.111200000000008,0.8585999999999785,0.0,0.9697999999999866,2,0.5138221652765862,0.0,0.0,2,0.66700000000003,1.2889999999999873,2,1.7749999999999773,2.0,0,0.0,0.0,0.6,0.0,0.009000000000014552,0,1,0,0,1,1,0,0,0,1,0.55600000000004,0.55600000000004,3,1.4309999999999643,2.897999999999911,0,0.0,0.0,0.4,0.8063999999999851,0.0,0,1,0,0,0,1,1,0,0,0.6666666666666666,0.0,0.3333333333333333,0.0,0.0,0.0,0.5,0.0,0.5,0.0,0.0,0.0,0.6382978723404256,0.0,0.6382978723404256,0.3617021276595745,1.2602078229255897,-0.20203050891044214,0.3757746478873457,0.9768000000000029,0.44319999999997883,0.1295131609597144,0.9697999999999865,0.7473999999999705,0.155600000000004,0.14859999999998763,0.3321076201158025
EX_08-EE_c,EX_08,EE,EE_UND,NON_UND,0,1258.0,1259.0,1256.0,1261.0,5.0,0.058199999999988,0.9175999999999931,0.0,0.9757999999999811,1,0.32602759978765206,0.0,0.975,0.0,0.975,0,-0.0,0.0,0.0,1,0.29099999999994,0.29099999999994,2,2.2939999999999827,3.213999999999942,0,0.0,0.0,0.2,0.0,0.058199999999988,0,1,0,0,1,1,0,0,0,0,0.0,0.0,2,2.4375,4.786000000000058,0,0.0,0.0,0.0,1.0,0.00340000000001055,0,1,0,0,0,1,1,0,0,1.0,0.0,0.0,0.0,0.0,0.0,0.0,0.0,0.0,0.0,0.0,0.0,0.9574468085106383,0.0,0.9574468085106383,0.0425531914893617,0.25387844029816153,0.0,0.06342632955534921,0.9757999999999811,0.859400000000005,0.0,0.975,0.975,0.058199999999988,0.05740000000000689,0.32602759978765206
EX_08-EE_c,EX_08,EE,EE_UND,PART_UND,0,1561.0,1562.0,1559.0,1564.0,5.0,0.0,1.0,0.0,1.0,0,-0.0,0.0,0.9783999999999651,0.0,0.9783999999999651,0,-0.0,0.0,0.0,0,0.0,0.0,1,5.0,5.0,0,0.0,0.0,0.0,1.0,0.0,0,1,0,1,1,0,0,0,0,0,0.0,0.0,2,2.4459999999999127,3.2349999999999,0,0.0,0.0,0.0,1.0,0.0,0,1,0,0,0,1,1,0,0,0.0,0.0,0.0,0.0,0.0,0.0,0.0,0.0,0.0,0.0,0.0,0.0,1.0,0.0,1.0,0.0,-0.0,0.0,0.0,1.0,1.0,0.0,0.9783999999999651,0.9783999999999651,0.0,0.021600000000034925,0.0
EX_08-EE_c,EX_08,EE,EE_UND,NON_UND,0,1607.0,1608.0,1605.0,1610.0,5.0,0.0,0.9725999999999658,0.0,0.9725999999999658,0,-0.0,0.1031999999999698,0.8442000000000007,0.0,0.9473999999999705,2,0.49667915273629853,0.0,0.0,0,0.0,0.0,3,1.620999999999943,2.0629999999998745,0,0.0,0.0,0.0,1.0,0.0,0,1,0,1,1,0,0,0,0,1,0.515999999999849,0.515999999999849,4,1.055250000000001,3.1269999999999527,0,0.0,0.0,0.4,0.8266000000000077,0.0,0,1,0,0,0,1,1,0,0,0.0,0.0,0.0,0.0,0.0,0.0,0.5,0.0,0.5,0.0,0.0,0.0,0.8913043478260869,0.0,0.8913043478260869,0.10869565217391304,0.4959690720618337,0.0,0.0,0.9725999999999658,0.9725999999999658,0.12224591329065353,0.9473999999999705,0.741000000000031,0.1031999999999698,0.1283999999999651,0.49667915273629853
EX_08-EE_c,EX_08,EE,EE_UND,UND,1,1786.0,1787.0,1784.0,1789.0,5.0,0.13760000000002037,0.630600000000004,0.0,0.7682000000000244,2,0.678148190251601,0.10099999999997636,0.6751999999999952,0.0,0.7761999999999716,2,0.5577702164240711,0.10099999999997636,0.10099999999997636,1,0.6880000000001019,0.6880000000001019,3,1.0510000000000066,2.393000000000029,0,0.0,0.0,0.4,0.5641999999999825,0.0,0,1,0,1,1,0,0,0,0,1,0.5049999999998818,0.5049999999998818,4,0.8439999999999941,1.5470000000000255,0,0.0,0.0,0.4,0.5914000000000215,0.0,0,1,0,0,0,1,1,0,0,0.5,0.0,0.5,0.0,0.0,0.0,0.5,0.0,0.5,0.0,0.0,0.0,0.8157894736842105,0.13157894736842105,0.9473684210526315,0.05263157894736842,0.848197879327008,0.8191432542575634,0.21820488423726528,0.7682000000000244,0.4929999999999837,0.1495853080568381,0.7761999999999716,0.5742000000000189,0.036600000000044014,0.0445999999999912,0.1203779738275299
EX_08-EE_c,EX_08,EX,EX_UND,NON_UND,0,264.0,265.0,262.0,267.0,5.0,0.9041999999999917,0.0,0.0,0.9041999999999917,0,-0.0,0.8011999999999944,0.003999999999996362,0.14840000000000372,0.9535999999999945,3,0.6618683118136354,0.7191999999999894,0.7191999999999894,4,1.1302499999999895,2.1709999999999923,0,0.0,0.0,0,0.0,0.0,0.0,0.0,1.0,1,0,0,0,0,1,1,0,0,3,1.335333333333324,1.8689999999999714,1,0.01999999999998181,0.01999999999998181,1,0.7420000000000186,0.7420000000000186,0.6,0.0,0.9960000000000037,1,0,0,1,0,0,1,0,0,0.0,0.0,0.0,0.0,0.0,0.0,0.3333333333333333,0.3333333333333333,0.0,0.0,0.3333333333333333,0.0,0.0,0.8372093023255814,0.8372093023255814,0.0,0.6409441847875287,0.0,45.20999999999958,0.9041999999999917,-0.9041999999999917,40.05999999999972,0.8051999999999907,-0.797199999999998,0.10299999999999732,0.003999999999996362,0.6618683118136354
EX_08-EE_c,EX_08,EX,EX_UND,UND,1,324.0,325.0,322.0,327.0,5.0,0.9022000000000048,0.0,0.04819999999999709,0.9504000000000019,2,0.2894285598692663,0.6519999999999981,0.16620000000000346,0.16900000000000545,0.9872000000000071,4,1.2639128797064532,0.554200000000003,0.554200000000003,2,2.255500000000012,3.494000000000028,0,0.0,0.0,1,0.24099999999998545,0.24099999999998545,0.4,0.015200000000004366,1.0,1,0,0,0,0,1,1,0,0,3,1.0866666666666636,1.6329999999999814,1,0.8310000000000173,0.8310000000000173,2,0.42250000000001364,0.6050000000000182,0.8,0.0,0.038400000000001454,1,0,0,1,1,0,0,0,0,0.0,0.5,0.0,0.0,0.5,0.0,0.25,0.25,0.25,0.0,0.25,0.0,0.0,0.5652173913043478,0.5652173913043478,0.1956521739130435,1.621482712865433,-0.20223292405880924,45.11000000000024,0.9022000000000048,-0.9022000000000048,3.9229843561972597,0.8182000000000016,-0.4857999999999947,0.25020000000000664,0.16620000000000346,0.9744843198371869
EX_08-EE_c,EX_08,EX,EX_UND,NON_UND,0,371.0,372.0,369.0,374.0,5.0,0.0,0.9451999999999885,0.0,0.9451999999999885,0,-0.0,0.0,0.9841999999999984,0.0,0.9841999999999984,0,-0.0,0.0,0.0,0,0.0,0.0,4,1.1814999999999856,1.8279999999999745,0,0.0,0.0,0.0,1.0,0.0,0,1,0,1,1,0,0,0,0,0,0.0,0.0,2,2.460499999999996,4.339999999999975,0,0.0,0.0,0.0,1.0,0.0,0,1,0,0,0,1,1,0,0,0.0,0.0,0.0,0.0,0.0,0.0,0.0,0.0,0.0,0.0,0.0,0.0,1.0,0.0,1.0,0.0,-0.0,0.0,0.0,0.9451999999999885,0.9451999999999885,0.0,0.9841999999999984,0.9841999999999984,0.0,0.039000000000009916,0.0
EX_08-EE_c,EX_08,EX,EX_UND,PART_UND,0,586.0,587.0,584.0,589.0,5.0,0.5526000000000068,0.4046000000000049,0.0,0.9572000000000116,3,0.9826856469032458,0.0,0.903800000000001,0.0,0.903800000000001,0,-0.0,0.0,0.0,2,1.3815000000000168,2.5130000000000337,2,1.0115000000000123,1.620999999999981,0,0.0,0.0,0.6,0.3453999999999951,0.0,1,0,0,1,0,0,1,0,0,0,0.0,0.0,6,0.7531666666666675,2.312000000000012,0,0.0,0.0,0.0,1.0,0.0049999999999954525,0,1,0,0,0,1,1,0,0,0.3333333333333333,0.0,0.6666666666666666,0.0,0.0,0.0,0.0,0.0,0.0,0.0,0.0,0.0,0.42857142857142855,0.0,0.42857142857142855,0.5714285714285714,0.9852281360342515,0.0,1.365793376173999,0.9572000000000116,-0.14800000000000185,0.0,0.903800000000001,0.903800000000001,0.5526000000000068,0.49919999999999615,0.9826856469032458
EX_08-EE_c,EX_08,EX,EX_UND,MISUND,0,639.0,640.0,637.0,642.0,5.0,0.3079999999999927,0.6663999999999988,0.0,0.9743999999999915,2,0.9000808632194038,0.14919999999999617,0.7948000000000093,0.0,0.9440000000000055,1,0.6296261046685568,0.0,0.0,1,1.5399999999999636,1.5399999999999636,2,1.6659999999999968,2.769999999999982,0,0.0,0.0,0.4,0.5796000000000049,0.0,0,1,0,1,1,0,0,0,0,1,0.7459999999999809,0.7459999999999809,3,1.3246666666666822,1.6689999999999827,0,0.0,0.0,0.2,0.0,0.1683999999999969,0,1,0,1,0,0,1,0,0,0.5,0.0,0.5,0.0,0.0,0.0,1.0,0.0,0.0,0.0,0.0,0.0,0.5106382978723404,0.0,0.5106382978723404,0.48936170212765956,1.4558131293066687,-0.3100868364730211,0.46218487394956975,0.9743999999999915,0.35840000000000605,0.18772018117764774,0.9440000000000055,0.645600000000013,0.15879999999999656,0.1284000000000105,0.270454758550847
EX_08-EE_c,EX_08,EX,EX_UND,NON_UND,0,861.0,862.0,859.0,864.0,5.0,0.0,1.0,0.0,1.0,0,-0.0,0.12360000000001037,0.8215999999999894,0.0,0.9451999999999998,2,0.5595351397715813,0.0,0.0,0,0.0,0.0,1,5.0,5.0,0,0.0,0.0,0.0,1.0,0.0,0,1,0,1,1,0,0,0,0,1,0.6180000000000518,0.6180000000000518,5,0.8215999999999894,1.9650000000000318,0,0.0,0.0,0.4,0.019200000000000727,0.0,0,1,0,0,0,1,1,0,0,0.0,0.0,0.0,0.0,0.0,0.0,0.5,0.0,0.5,0.0,0.0,0.0,0.851063829787234,0.0,0.851063829787234,0.14893617021276595,0.6071716548713029,0.0,0.0,1.0,1.0,0.15043816942552574,0.9451999999999998,0.6979999999999791,0.12360000000001037,0.17840000000001055,0.5595351397715813
EX_08-EE_c,EX_08,EX,EX_UND,NON_UND,0,1017.0,1018.0,1015.0,1020.0,5.0,0.09939999999999145,0.8448000000000093,0.0,0.9442000000000007,3,0.4854951800533266,0.0,0.9882000000000062,0.0,0.9882000000000062,0,-0.0,0.0,0.0,2,0.24849999999997863,0.48099999999999454,2,2.112000000000023,2.6100000000000136,0,0.0,0.0,0.6,0.0,0.03160000000000309,0,1,0,0,1,1,0,0,0,0,0.0,0.0,2,2.4705000000000155,4.796000000000049,0,0.0,0.0,0.0,1.0,0.0,0,1,0,0,0,1,1,0,0,0.6666666666666666,0.0,0.3333333333333333,0.0,0.0,0.0,0.0,0.0,0.0,0.0,0.0,0.0,0.8723404255319149,0.0,0.8723404255319149,0.1276595744680851,0.5509844433017146,0.0,0.11766098484847344,0.9442000000000008,0.7454000000000178,0.0,0.9882000000000062,0.9882000000000062,0.09939999999999145,0.14339999999999686,0.4854951800533266
EX_08-EE_c,EX_08,EX,EX_UND,NON_UND,0,1069.0,1070.0,1067.0,1072.0,5.0,0.6230000000000473,0.321599999999944,0.0,0.9445999999999912,4,0.9252597120286365,0.0,0.9824000000000069,0.0,0.9824000000000069,0,-0.0,0.0,0.0,2,1.5575000000001182,2.0920000000000982,3,0.5359999999999067,0.9849999999999,0,0.0,0.0,0.8,0.044399999999996,0.0,1,0,0,1,1,0,0,0,0,0,0.0,0.0,2,2.4560000000000173,4.708000000000084,0,0.0,0.0,0.0,1.0,0.0,0,1,0,0,0,1,1,0,0,0.5,0.0,0.5,0.0,0.0,0.0,0.0,0.0,0.0,0.0,0.0,0.0,0.3191489361702128,0.0,0.3191489361702128,0.6808510638297872,0.9034535552068337,0.0,1.9371890547268527,0.9445999999999912,-0.3014000000001033,0.0,0.9824000000000069,0.9824000000000069,0.6230000000000473,0.6608000000000629,0.9252597120286365
EX_09-EE_a,EX_09,EE,EE_UND,UND,1,116.0,117.0,114.0,119.0,5.0,0.7153999999999996,0.24860000000000185,0.0,0.9640000000000015,5,0.8235362046106541,0.9607999999999975,0.0,0.0,0.9607999999999975,0,-0.0,0.7067999999999983,0.7067999999999983,3,1.1923333333333328,2.3670000000000044,3,0.4143333333333364,0.5480000000000018,0,0.0,0.0,1.0,0.0,0.03959999999999866,1,0,0,0,1,1,0,0,0,3,1.6013333333333293,2.464999999999989,0,0.0,0.0,0,0.0,0.0,0.0,0.0,1.0,1,0,0,1,1,0,0,0,0,0.6,0.0,0.4,0.0,0.0,0.0,0.0,0.0,0.0,0.0,0.0,0.0,0.0,0.7446808510638298,0.7446808510638298,0.2553191489361702,0.8196004346196011,0.0,2.8777152051488106,0.9640000000000014,-0.4667999999999978,48.03999999999988,0.9607999999999975,-0.9607999999999975,0.24539999999999795,0.24860000000000185,0.8235362046106541
EX_09-EE_a,EX_09,EE,EE_UND,UND,1,162.013,163.0,160.013,165.0,4.986999999999995,0.3069981953078018,0.6123922197714067,0.0,0.9193904150792085,1,0.9188763430277261,0.914176859835573,0.0,0.0,0.914176859835573,0,-0.0,0.25947463404852866,0.25947463404852866,2,0.765500000000003,0.8760000000000048,1,3.054000000000002,3.054000000000002,0,0.0,0.0,0.20052135552436356,0.0,0.3854020453178262,0,1,0,0,1,1,0,0,0,3,1.5196666666666658,2.188999999999993,0,0.0,0.0,0,0.0,0.0,0.0,0.047523561259273116,1.0,1,0,0,1,1,0,0,0,0,1.0,0.0,0.0,0.0,0.0,0.0,0.0,0.0,0.0,0.0,0.0,0.0,0.0,0.3,0.3,0.7,0.8812908992306927,0.0,0.5013097576948281,0.9193904150792085,0.30539402446360486,45.708842991778646,0.914176859835573,-0.914176859835573,0.6071786645277711,0.6123922197714067,0.9188763430277261
EX_09-EE_a,EX_09,EE,EE_UND,MISUND,0,238.524,239.524,236.524,241.524,5.0,1.0,0.0,0.0,1.0,0,-0.0,0.8423999999999978,0.0,0.03720000000000141,0.8795999999999993,2,0.25270377520640497,0.8423999999999978,0.8423999999999978,1,5.0,5.0,0,0.0,0.0,0,0.0,0.0,0.0,0.0,1.0,1,0,0,0,0,1,1,0,0,3,1.4039999999999964,2.608000000000004,0,0.0,0.0,1,0.18600000000000705,0.18600000000000705,0.4,0.0,1.0,1,0,0,1,1,0,0,0,0,0.0,0.0,0.0,0.0,0.0,0.0,0.0,0.5,0.0,0.0,0.5,0.0,0.0,0.9767441860465116,0.9767441860465116,0.0,0.15935006268563445,0.0,50.0,1.0,-1.0,42.11999999999989,0.8423999999999978,-0.8423999999999978,0.15760000000000218,0.0,0.25270377520640497
EX_09-EE_a,EX_09,EE,EE_UND,UND,1,245.0,246.0,243.0,248.0,5.0,0.879200000000003,0.06920000000000073,0.0,0.9484000000000037,2,0.3768922595328053,0.17740000000000009,0.17019999999999982,0.4253999999999962,0.7729999999999961,3,1.4422179215542181,0.17740000000000009,0.17740000000000009,3,1.4653333333333383,3.187000000000012,1,0.34600000000000364,0.34600000000000364,0,0.0,0.0,0.4,0.0,0.7199999999999989,1,0,0,0,0,1,1,0,0,1,0.8870000000000005,0.8870000000000005,1,0.8509999999999991,0.8509999999999991,2,1.0634999999999906,1.2709999999999866,0.6,0.8225999999999999,0.4146000000000015,0,0,1,0,1,0,0,1,0,0.5,0.0,0.5,0.0,0.0,0.0,0.0,0.0,0.0,0.3333333333333333,0.3333333333333333,0.3333333333333333,0.0,0.21621621621621623,0.21621621621621623,0.24324324324324326,1.8437959328456848,0.18286012835299775,12.705202312138637,0.9484000000000037,-0.8100000000000023,1.042303172737957,0.3475999999999999,-0.007200000000000262,0.7018000000000029,0.10099999999999909,1.0653256620214129
EX_09-EE_a,EX_09,EE,EE_UND,PART_UND,0,324.0,325.0,322.0,327.0,5.0,0.765199999999993,0.20400000000000773,0.0,0.9692000000000007,2,0.7424047196972836,0.4215999999999781,0.06939999999999599,0.4230000000000132,0.9139999999999873,6,1.311741473023898,0.2899999999999864,0.2899999999999864,4,0.9564999999999912,1.7309999999999945,1,1.0200000000000387,1.0200000000000387,0,0.0,0.0,0.4,0.0,0.7049999999999954,1,0,0,0,0,1,1,0,0,4,0.5269999999999726,0.9609999999999559,1,0.34699999999998,0.34699999999998,4,0.5287500000000165,1.2460000000000377,1.2,0.0,0.5724000000000047,0,0,1,1,1,0,0,0,0,0.5,0.0,0.5,0.0,0.0,0.0,0.0,0.3333333333333333,0.0,0.16666666666666666,0.3333333333333333,0.16666666666666666,0.0,0.3333333333333333,0.3333333333333333,0.2,2.0318560361114444,-0.11180339887498947,3.7509803921566864,0.9692000000000007,-0.5611999999999853,6.074927953890525,0.4909999999999741,-0.3521999999999821,0.3436000000000149,0.13460000000001174,0.5693367533266145
EX_09-EE_a,EX_09,EE,EE_UND,PART_UND,0,429.0,430.0,427.0,432.0,5.0,0.5829999999999927,0.35040000000000193,0.0,0.9333999999999947,3,0.9547295873193289,0.8687999999999988,0.0,0.051400000000001,0.9201999999999998,2,0.3107760476094495,0.46399999999999864,0.46399999999999864,2,1.4574999999999818,1.7339999999999804,2,0.8760000000000048,1.086999999999989,0,0.0,0.0,0.6,0.0,0.3740000000000009,1,0,0,0,1,1,0,0,0,3,1.447999999999998,2.3319999999999936,0,0.0,0.0,1,0.257000000000005,0.257000000000005,0.4,0.0,1.0,1,0,0,1,1,0,0,0,0,0.6666666666666666,0.0,0.3333333333333333,0.0,0.0,0.0,0.0,0.5,0.0,0.0,0.5,0.0,0.0,0.5581395348837209,0.5581395348837209,0.37209302325581395,1.2682650449469532,-0.21081851067789195,1.663812785388098,0.9333999999999947,-0.23259999999999081,43.43999999999994,0.8687999999999988,-0.8687999999999988,0.28580000000000605,0.35040000000000193,0.6439535397098795
EX_09-EE_a,EX_09,EE,EE_UND,UND,1,446.0,447.0,444.0,449.0,5.0,0.26760000000000445,0.7035999999999945,0.0,0.971199999999999,1,0.8492959529557232,0.8347999999999957,0.0,0.077800000000002,0.9125999999999976,2,0.42041616508235197,0.15059999999999718,0.15059999999999718,1,1.3380000000000223,1.3380000000000223,1,3.5179999999999723,3.5179999999999723,0,0.0,0.0,0.2,0.0,0.29640000000000555,0,1,0,0,1,1,0,0,0,3,1.391333333333326,2.34699999999998,0,0.0,0.0,1,0.38900000000001,0.38900000000001,0.4,0.0,1.0,1,0,0,1,1,0,0,0,0,1.0,0.0,0.0,0.0,0.0,0.0,0.0,0.5,0.0,0.0,0.5,0.0,0.0,0.18181818181818182,0.18181818181818182,0.7727272727272727,0.9373012413074896,-0.4023739080814782,0.38032973280273813,0.971199999999999,0.43599999999999,41.73999999999978,0.8347999999999957,-0.8347999999999957,0.5671999999999913,0.7035999999999945,0.4288797878733713
EX_09-EE_a,EX_09,EE,EE_UND,PART_UND,0,510.0,511.0,508.0,513.0,5.0,0.7630000000000109,0.18439999999999374,0.0,0.9474000000000047,2,0.7110735023392685,0.0,0.0,0.5741999999999962,0.5741999999999962,0,-0.0,0.0,0.0,4,0.9537500000000136,1.288000000000011,1,0.9219999999999686,0.9219999999999686,0,0.0,0.0,0.4,0.0,0.7004000000000019,1,0,0,0,0,1,1,0,0,0,0.0,0.0,0,0.0,0.0,2,1.4354999999999905,2.507000000000005,0.0,1.0,1.0,0,0,1,0,0,0,0,1,1,0.5,0.0,0.5,0.0,0.0,0.0,0.0,0.0,0.0,0.0,0.0,0.0,0.0,0.0,0.0,0.0,-0.0,0.0,4.137744034707358,0.9474000000000047,-0.5786000000000171,0.0,0.0,0.0,0.7630000000000109,0.18439999999999374,0.7110735023392685
EX_09-EE_a,EX_09,EE,EE_UND,UND,1,572.0,573.0,570.0,575.0,5.0,0.6346000000000004,0.3198000000000093,0.0,0.9544000000000097,2,0.9200322414584959,0.9809999999999945,0.0,0.0,0.9809999999999945,0,-0.0,0.6346000000000004,0.6346000000000004,2,1.586500000000001,1.8759999999999764,1,1.5990000000000464,1.5990000000000464,0,0.0,0.0,0.4,0.009400000000005094,0.40480000000000016,1,0,0,0,0,1,1,0,0,2,2.4524999999999864,2.875,0,0.0,0.0,0,0.0,0.0,0.0,0.0,1.0,1,0,0,1,1,0,0,0,0,0.5,0.0,0.5,0.0,0.0,0.0,0.0,0.0,0.0,0.0,0.0,0.0,0.0,0.6739130434782609,0.6739130434782609,0.32608695652173914,0.9108783787500366,0.0,1.9843652282676107,0.9544000000000097,-0.3147999999999911,49.04999999999973,0.9809999999999945,-0.9809999999999945,0.34639999999999416,0.3198000000000093,0.9200322414584959
EX_09-EE_a,EX_09,EE,EE_UND,MISUND,0,670.0,671.0,668.0,673.0,5.0,0.9187999999999874,0.03440000000000509,0.0,0.9531999999999925,1,0.22406345077297846,0.9596000000000003,0.0,0.0,0.9596000000000003,0,-0.0,0.8783999999999879,0.8783999999999879,3,1.5313333333333123,3.1019999999999754,1,0.17200000000002547,0.17200000000002547,0,0.0,0.0,0.2,0.03440000000000509,0.0,1,0,0,1,0,0,1,0,0,3,1.599333333333334,2.1399999999999864,0,0.0,0.0,0,0.0,0.0,0.0,0.0,1.0,1,0,0,1,1,0,0,0,0,0.0,0.0,1.0,0.0,0.0,0.0,0.0,0.0,0.0,0.0,0.0,0.0,0.0,0.9555555555555556,0.9555555555555556,0.044444444444444446,0.2623112196143366,0.0,26.709302325577074,0.9531999999999925,-0.8843999999999823,47.98000000000002,0.9596000000000003,-0.9596000000000003,0.04080000000001294,0.03440000000000509,0.22406345077297846
EX_09-EE_a,EX_09,EE,EE_UND,UND,1,690.0,691.0,688.0,693.0,5.0,0.07139999999999418,0.9286000000000059,0.0,1.0,1,0.37112659091254807,0.6115999999999758,0.38840000000002417,0.0,1.0,4,0.9637592461763828,0.07139999999999418,0.07139999999999418,1,0.3569999999999709,0.3569999999999709,1,4.643000000000029,4.643000000000029,0,0.0,0.0,0.2,0.9286000000000059,0.0,0,1,0,1,0,0,1,0,0,3,1.019333333333293,2.4669999999999845,2,0.9710000000000605,1.58400000000006,0,0.0,0.0,0.8,0.0,0.02139999999999418,1,0,0,1,1,0,0,0,0,0.0,0.0,1.0,0.0,0.0,0.0,0.5,0.0,0.5,0.0,0.0,0.0,0.38,0.06,0.44,0.56,1.2424272282706346,0.19779151270538411,0.07688994184793638,1.0,0.8572000000000117,1.5746652935116832,1.0,-0.22319999999995166,0.5401999999999817,0.5401999999999817,0.5926326552638347
EX_09-EE_a,EX_09,EE,EE_UND,PART_UND,0,763.0,764.0,761.0,766.0,5.0,0.9829999999999928,0.0,0.0,0.9829999999999928,0,-0.0,0.13460000000000036,0.0,0.7598000000000183,0.8944000000000187,1,0.6110700415365724,0.13460000000000036,0.13460000000000036,2,2.457499999999982,3.0009999999999764,0,0.0,0.0,0,0.0,0.0,0.0,0.0,1.0,1,0,0,0,0,1,1,0,0,1,0.6730000000000018,0.6730000000000018,0,0.0,0.0,3,1.266333333333364,1.94500000000005,0.2,0.0,1.0,0,0,1,1,0,0,0,0,1,0.0,0.0,0.0,0.0,0.0,0.0,0.0,1.0,0.0,0.0,0.0,0.0,0.0,0.15555555555555556,0.15555555555555556,0.0,0.6235702082127974,0.0,49.149999999999636,0.9829999999999928,-0.9829999999999928,6.730000000000018,0.13460000000000036,-0.13460000000000036,0.8483999999999924,0.0,0.6110700415365724
EX_09-EE_a,EX_09,EE,EE_UND,UND,1,765.0,766.0,763.0,768.0,5.0,0.9798000000000002,0.0,0.0,0.9798000000000002,0,-0.0,0.018000000000006365,0.0,0.8908000000000129,0.9088000000000193,1,0.14035180206491144,0.018000000000006365,0.018000000000006365,2,2.4495000000000005,4.30600000000004,0,0.0,0.0,0,0.0,0.0,0.0,0.0,1.0,1,0,0,0,0,1,1,0,0,1,0.09000000000003183,0.09000000000003183,0,0.0,0.0,2,2.2270000000000323,3.7240000000000464,0.2,0.9819999999999937,1.0,0,0,1,0,1,0,0,1,0,0.0,0.0,0.0,0.0,0.0,0.0,0.0,0.0,0.0,0.0,1.0,0.0,0.0,0.0,0.0,0.0,-0.0,0.0,48.99000000000001,0.9798000000000002,-0.9798000000000002,0.9000000000003182,0.018000000000006365,-0.018000000000006365,0.9617999999999939,0.0,0.14035180206491144
EX_09-EE_a,EX_09,EE,EE_UND,MISUND,0,1025.0,1026.0,1023.0,1028.0,5.0,0.18479999999999563,0.8152000000000044,0.0,1.0,2,0.6904658250533812,0.0,1.0,0.0,1.0,0,-0.0,0.0,0.0,1,0.9239999999999782,0.9239999999999782,2,2.038000000000011,2.5190000000000055,0,0.0,0.0,0.4,0.3114000000000033,0.0,0,1,0,1,1,0,0,0,0,0,0.0,0.0,1,5.0,5.0,0,0.0,0.0,0.0,1.0,0.0,0,1,0,0,0,1,1,0,0,0.5,0.0,0.5,0.0,0.0,0.0,0.0,0.0,0.0,0.0,0.0,0.0,0.82,0.0,0.82,0.18,0.6800770457282799,0.0,0.22669283611383054,1.0,0.6304000000000087,0.0,1.0,1.0,0.18479999999999563,0.18479999999999563,0.6904658250533812
EX_09-EE_a,EX_09,EE,EE_UND,PART_UND,0,1149.0,1150.0,1147.0,1152.0,5.0,0.0,0.9777999999999792,0.0,0.9777999999999792,0,-0.0,0.0,0.9684000000000197,0.0,0.9684000000000197,0,-0.0,0.0,0.0,0,0.0,0.0,2,2.444499999999948,4.696999999999889,0,0.0,0.0,0.0,1.0,0.0,0,1,0,1,1,0,0,0,0,0,0.0,0.0,3,1.6140000000000327,2.2660000000000764,0,0.0,0.0,0.0,1.0,0.0,0,1,0,0,0,1,1,0,0,0.0,0.0,0.0,0.0,0.0,0.0,0.0,0.0,0.0,0.0,0.0,0.0,1.0,0.0,1.0,0.0,-0.0,0.0,0.0,0.9777999999999792,0.9777999999999792,0.0,0.9684000000000197,0.9684000000000197,0.0,0.009399999999959552,0.0
EX_09-EE_a,EX_09,EE,EE_UND,UND,1,1293.0,1294.0,1291.0,1296.0,5.0,0.18099999999999455,0.8190000000000055,0.0,1.0,4,0.6822597925960289,0.0,1.0,0.0,1.0,0,-0.0,0.0,0.0,2,0.45249999999998636,0.6089999999999236,3,1.365000000000009,2.477000000000089,0,0.0,0.0,0.8,0.4954000000000178,0.0,0,1,0,1,1,0,0,0,0,0,0.0,0.0,1,5.0,5.0,0,0.0,0.0,0.0,1.0,0.0,0,1,0,0,0,1,1,0,0,0.5,0.0,0.5,0.0,0.0,0.0,0.0,0.0,0.0,0.0,0.0,0.0,0.82,0.0,0.82,0.18,0.6800770457282799,0.0,0.22100122100121286,1.0,0.638000000000011,0.0,1.0,1.0,0.18099999999999455,0.1809999999999945,0.6822597925960289
EX_09-EE_a,EX_09,EE,EE_UND,PART_UND,0,1375.0,1376.0,1373.0,1378.0,5.0,0.0,1.0,0.0,1.0,0,-0.0,0.0,1.0,0.0,1.0,0,-0.0,0.0,0.0,0,0.0,0.0,1,5.0,5.0,0,0.0,0.0,0.0,1.0,0.0,0,1,0,1,1,0,0,0,0,0,0.0,0.0,1,5.0,5.0,0,0.0,0.0,0.0,1.0,0.0,0,1,0,0,0,1,1,0,0,0.0,0.0,0.0,0.0,0.0,0.0,0.0,0.0,0.0,0.0,0.0,0.0,1.0,0.0,1.0,0.0,-0.0,0.0,0.0,1.0,1.0,0.0,1.0,1.0,0.0,0.0,0.0
EX_09-EE_a,EX_09,EE,EE_UND,MISUND,0,1922.0,1923.0,1920.0,1925.0,5.0,0.0,0.9766000000000077,0.0,0.9766000000000077,0,-0.0,0.0,0.9407999999999447,0.0,0.9407999999999447,0,-0.0,0.0,0.0,0,0.0,0.0,2,2.441500000000019,2.469000000000051,0,0.0,0.0,0.0,1.0,0.0,0,1,0,1,1,0,0,0,0,0,0.0,0.0,4,1.1759999999999309,3.647999999999911,0,0.0,0.0,0.0,1.0,0.0,0,1,0,0,0,1,1,0,0,0.0,0.0,0.0,0.0,0.0,0.0,0.0,0.0,0.0,0.0,0.0,0.0,1.0,0.0,1.0,0.0,-0.0,0.0,0.0,0.9766000000000077,0.9766000000000077,0.0,0.9407999999999447,0.9407999999999447,0.0,0.035800000000063004,0.0
EX_09-EE_a,EX_09,EX,EX_UND,UND,1,54.8,55.8,52.8,57.8,5.0,0.16980000000000076,0.7912000000000006,0.0,0.9610000000000014,1,0.6727842996279044,0.935799999999999,0.0,0.0,0.935799999999999,0,-0.0,0.13740000000000094,0.13740000000000094,1,0.8490000000000038,0.8490000000000038,1,3.956000000000003,3.956000000000003,0,0.0,0.0,0.2,0.0,0.20480000000000018,0,1,0,0,1,1,0,0,0,3,1.559666666666665,3.8219999999999956,0,0.0,0.0,0,0.0,0.0,0.0,0.0,1.0,1,0,0,1,1,0,0,0,0,1.0,0.0,0.0,0.0,0.0,0.0,0.0,0.0,0.0,0.0,0.0,0.0,0.0,0.15555555555555556,0.15555555555555556,0.8444444444444444,0.6235702082127974,0.0,0.2146107178968663,0.9610000000000013,0.6213999999999998,46.78999999999995,0.935799999999999,-0.935799999999999,0.7659999999999982,0.7912000000000006,0.6727842996279044
EX_09-EE_a,EX_09,EX,EX_UND,PART_UND,0,64.0,65.0,62.0,67.0,5.0,0.7075999999999993,0.2136000000000024,0.0,0.9212000000000018,2,0.7812594608599033,0.9272000000000006,0.0,0.0,0.9272000000000006,0,-0.0,0.6504000000000005,0.6504000000000005,3,1.1793333333333322,1.6310000000000002,1,1.068000000000012,1.068000000000012,0,0.0,0.0,0.4,0.0,0.4389999999999986,1,0,0,0,0,1,1,0,0,2,2.3180000000000014,3.7959999999999994,0,0.0,0.0,0,0.0,0.0,0.0,0.0,1.0,1,0,0,1,1,0,0,0,0,0.5,0.0,0.5,0.0,0.0,0.0,0.0,0.0,0.0,0.0,0.0,0.0,0.0,0.7441860465116279,0.7441860465116279,0.2558139534883721,0.8203636429576731,0.0,3.3127340823969633,0.9212000000000018,-0.49399999999999694,46.36000000000003,0.9272000000000006,-0.9272000000000006,0.21960000000000124,0.2136000000000024,0.7812594608599033
EX_09-EE_a,EX_09,EX,EX_UND,UND,1,94.0,95.0,92.0,97.0,5.0,0.5768000000000001,0.40020000000000094,0.0,0.977000000000001,1,0.9763011836266957,0.5293999999999983,0.41000000000000225,0.0,0.9394000000000006,2,0.988315033946616,0.19039999999999963,0.19039999999999963,2,1.4420000000000002,1.6310000000000002,1,2.0010000000000048,2.0010000000000048,0,0.0,0.0,0.2,0.40020000000000094,0.0,1,0,0,1,0,0,1,0,0,3,0.8823333333333304,1.2909999999999968,1,2.0500000000000114,2.0500000000000114,0,0.0,0.0,0.4,0.0,0.3663999999999987,1,0,0,1,1,0,0,0,0,0.0,0.0,1.0,0.0,0.0,0.0,0.5,0.0,0.5,0.0,0.0,0.0,0.043478260869565216,0.1956521739130435,0.2391304347826087,0.7608695652173914,1.7175871008353127,-0.5576120282858582,1.4412793603198368,0.977000000000001,-0.17659999999999915,1.2912195121951107,0.9394000000000006,-0.11939999999999606,0.047400000000001774,0.009800000000001308,0.012013850319920305
EX_09-EE_a,EX_09,EX,EX_UND,UND,1,96.374,97.374,94.374,99.374,5.0,0.6224000000000018,0.33419999999999844,0.0,0.9566000000000002,1,0.9334972677535474,0.28400000000000036,0.6670000000000016,0.0,0.951000000000002,2,0.8796134862975264,0.28400000000000036,0.28400000000000036,2,1.5560000000000045,1.8539999999999992,1,1.6709999999999923,1.6709999999999923,0,0.0,0.0,0.2,0.0,0.6658000000000015,1,0,0,0,1,1,0,0,0,1,1.4200000000000017,1.4200000000000017,2,1.667500000000004,1.8269999999999982,0,0.0,0.0,0.4,0.3348000000000013,0.0,0,1,0,0,0,1,1,0,0,1.0,0.0,0.0,0.0,0.0,0.0,0.5,0.0,0.5,0.0,0.0,0.0,0.34782608695652173,0.30434782608695654,0.6521739130434783,0.34782608695652173,1.5821930667351334,0.48304589153964805,1.8623578695392122,0.9566000000000003,-0.2882000000000034,0.42578710644677614,0.951000000000002,0.38300000000000123,0.3384000000000015,0.33280000000000315,0.05388378145602091
EX_09-EE_a,EX_09,EX,EX_UND,PART_UND,0,106.0,107.0,104.0,109.0,5.0,0.3553999999999974,0.5861999999999995,0.0,0.9415999999999969,3,0.9562158048544993,0.9695999999999998,0.0,0.0,0.9695999999999998,0,-0.0,0.3553999999999974,0.3553999999999974,2,0.8884999999999934,1.2129999999999939,3,0.9769999999999991,2.4339999999999975,0,0.0,0.0,0.6,0.0,0.13880000000000053,0,1,0,0,1,1,0,0,0,3,1.6159999999999997,2.0700000000000074,0,0.0,0.0,0,0.0,0.0,0.0,0.0,1.0,1,0,0,1,1,0,0,0,0,0.6666666666666666,0.0,0.3333333333333333,0.0,0.0,0.0,0.0,0.0,0.0,0.0,0.0,0.0,0.0,0.3829787234042553,0.3829787234042553,0.6170212765957447,0.9601186626422924,0.0,0.6062777209143597,0.9415999999999969,0.23080000000000211,48.47999999999999,0.9695999999999998,-0.9695999999999998,0.6142000000000024,0.5861999999999995,0.9562158048544993
EX_09-EE_a,EX_09,EX,EX_UND,UND,1,207.0,208.0,205.0,210.0,5.0,0.3169999999999959,0.6099999999999965,0.0,0.9269999999999925,2,0.9266850902772619,0.7685999999999922,0.11779999999999972,0.0,0.8863999999999919,4,0.5653303279398739,0.23399999999999183,0.23399999999999183,2,0.7924999999999898,0.9199999999999875,2,1.5249999999999915,1.664999999999992,0,0.0,0.0,0.4,0.0,0.2108000000000004,0,1,0,0,0,1,1,0,0,4,0.9607499999999902,1.3810000000000002,2,0.2944999999999993,0.3689999999999998,0,0.0,0.0,0.8,0.0,0.45760000000000217,1,0,0,1,1,0,0,0,0,0.5,0.0,0.5,0.0,0.0,0.0,0.5,0.0,0.5,0.0,0.0,0.0,0.1,0.275,0.375,0.625,1.2681742811529026,0.20529392068381327,0.5196721311475372,0.9269999999999925,0.29300000000000065,6.524617996604363,0.8863999999999919,-0.6507999999999925,0.4515999999999963,0.4921999999999968,0.36135476233738795
EX_09-EE_a,EX_09,EX,EX_UND,NON_UND,0,227.0,228.0,225.0,230.0,5.0,0.6455999999999961,0.2893999999999949,0.0,0.934999999999991,2,0.8926171180020205,0.43520000000000325,0.13979999999999676,0.36800000000000066,0.9430000000000007,4,1.4528881341593103,0.2137999999999977,0.2137999999999977,2,1.61399999999999,2.931999999999988,1,1.4469999999999743,1.4469999999999743,0,0.0,0.0,0.4,0.0,0.6232000000000028,1,0,0,0,0,1,1,0,0,3,0.7253333333333387,1.5620000000000118,1,0.6989999999999839,0.6989999999999839,2,0.9200000000000017,1.288000000000011,0.8,0.43179999999999835,0.27060000000000173,1,0,0,0,1,0,0,1,0,0.5,0.0,0.5,0.0,0.0,0.0,0.0,0.25,0.25,0.0,0.25,0.25,0.0,0.23255813953488372,0.23255813953488372,0.3488372093023256,2.2498433078754037,-0.26257545381445874,2.230822391154138,0.934999999999991,-0.3562000000000012,3.1130185979972342,0.575,-0.2954000000000065,0.21039999999999281,0.14959999999999812,0.5602710161572898
EX_09-EE_a,EX_09,EX,EX_UND,NON_UND,0,232.0,233.0,230.0,235.0,5.0,0.9187999999999988,0.0660000000000025,0.0,0.9848000000000013,1,0.3546981557063794,0.7152000000000044,0.0,0.23039999999999736,0.9456000000000018,2,0.801065476393033,0.6340000000000032,0.6340000000000032,1,4.593999999999994,4.593999999999994,1,0.3300000000000125,0.3300000000000125,0,0.0,0.0,0.2,0.0,0.9339999999999975,1,0,0,0,1,1,0,0,0,4,0.8940000000000055,1.7160000000000082,0,0.0,0.0,1,1.1519999999999868,1.1519999999999868,0.4,0.0,1.0,1,0,0,1,1,0,0,0,0,1.0,0.0,0.0,0.0,0.0,0.0,0.0,0.5,0.0,0.0,0.5,0.0,0.0,0.6956521739130435,0.6956521739130435,0.06521739130434782,1.1146785798141057,-0.1480773794304968,13.921212121211576,0.9848000000000013,-0.8527999999999963,35.76000000000022,0.7152000000000044,-0.7152000000000044,0.20359999999999445,0.0660000000000025,0.44636732068665363
EX_09-EE_a,EX_09,EX,EX_UND,MISUND,0,238.524,239.524,236.524,241.524,5.0,1.0,0.0,0.0,1.0,0,-0.0,0.8423999999999978,0.0,0.03720000000000141,0.8795999999999993,2,0.25270377520640497,0.8423999999999978,0.8423999999999978,1,5.0,5.0,0,0.0,0.0,0,0.0,0.0,0.0,0.0,1.0,1,0,0,0,0,1,1,0,0,3,1.4039999999999964,2.608000000000004,0,0.0,0.0,1,0.18600000000000705,0.18600000000000705,0.4,0.0,1.0,1,0,0,1,1,0,0,0,0,0.0,0.0,0.0,0.0,0.0,0.0,0.0,0.5,0.0,0.0,0.5,0.0,0.0,0.9767441860465116,0.9767441860465116,0.0,0.15935006268563445,0.0,50.0,1.0,-1.0,42.11999999999989,0.8423999999999978,-0.8423999999999978,0.15760000000000218,0.0,0.25270377520640497
EX_09-EE_a,EX_09,EX,EX_UND,UND,1,246.0,247.0,244.0,249.0,5.0,0.879200000000003,0.06920000000000073,0.0,0.9484000000000037,2,0.3768922595328053,0.26979999999999793,0.17019999999999982,0.22539999999999621,0.665399999999994,3,1.5602131128918657,0.26979999999999793,0.26979999999999793,3,1.4653333333333383,2.187000000000012,1,0.34600000000000364,0.34600000000000364,0,0.0,0.0,0.4,0.0,0.5199999999999989,1,0,0,0,0,1,1,0,0,1,1.3489999999999895,1.3489999999999895,1,0.8509999999999991,0.8509999999999991,2,0.5634999999999906,0.8559999999999945,0.6,0.6225999999999999,0.2146000000000015,1,0,0,0,1,0,0,1,0,0.5,0.0,0.5,0.0,0.0,0.0,0.0,0.0,0.0,0.3333333333333333,0.3333333333333333,0.3333333333333333,0.0,0.40625,0.40625,0.28125,1.8704744889643141,0.31264094565852313,12.705202312138637,0.9484000000000037,-0.8100000000000023,1.585193889541705,0.4399999999999977,-0.0995999999999981,0.609400000000005,0.10099999999999909,1.1833208533590605
EX_09-EE_a,EX_09,EX,EX_UND,NON_UND,0,263.0,264.0,261.0,266.0,5.0,0.5798000000000002,0.3324000000000069,0.0,0.9122000000000071,3,0.9462700152760215,0.9615999999999986,0.0,0.0,0.9615999999999986,0,-0.0,0.5672000000000026,0.5672000000000026,2,1.4495000000000005,2.1850000000000023,2,0.8310000000000173,0.9960000000000377,0,0.0,0.0,0.6,0.15439999999999826,0.0,1,0,0,1,0,0,1,0,0,3,1.6026666666666642,2.367999999999995,0,0.0,0.0,0,0.0,0.0,0.0,0.0,1.0,1,0,0,1,1,0,0,0,0,0.3333333333333333,0.0,0.6666666666666666,0.0,0.0,0.0,0.0,0.0,0.0,0.0,0.0,0.0,0.0,0.6511627906976745,0.6511627906976745,0.3488372093023256,0.9330252953592911,0.0,1.7442839951864866,0.9122000000000071,-0.2473999999999933,48.07999999999993,0.9615999999999986,-0.9615999999999986,0.38179999999999836,0.3324000000000069,0.9462700152760215
EX_09-EE_a,EX_09,EX,EX_UND,UND,1,307.299,308.299,305.299,310.299,5.0,0.969399999999996,0.0,0.0,0.969399999999996,0,-0.0,0.4638000000000034,0.10380000000000109,0.41099999999999,0.9785999999999945,5,1.3795261531368626,0.4447999999999979,0.4447999999999979,3,1.61566666666666,1.9080000000000155,0,0.0,0.0,0,0.0,0.0,0.0,0.0,1.0,1,0,0,0,0,1,1,0,0,1,2.319000000000017,2.319000000000017,2,0.25950000000000273,0.29300000000000637,3,0.6849999999999833,1.420000000000016,1.0,0.0,0.7690000000000055,1,0,0,1,0,0,0,0,1,0.0,0.0,0.0,0.0,0.0,0.0,0.0,0.2,0.0,0.4,0.0,0.4,0.0,0.4791666666666667,0.4791666666666667,0.125,1.4128307767822736,0.0,48.4699999999998,0.969399999999996,-0.969399999999996,4.4682080924855345,0.5676000000000044,-0.3600000000000023,0.5055999999999927,0.10380000000000109,1.3795261531368626
EX_09-EE_a,EX_09,EX,EX_UND,PART_UND,0,311.0,312.0,309.0,314.0,5.0,0.7377999999999929,0.0,0.22279999999999517,0.9605999999999881,2,0.7813750471876526,0.6593999999999938,0.10380000000000109,0.1745999999999867,0.9377999999999815,5,1.1602871746179073,0.4157999999999902,0.4157999999999902,4,0.9222499999999911,1.5949999999999704,0,0.0,0.0,1,1.113999999999976,1.113999999999976,0.4,0.0,1.0,1,0,0,0,0,1,1,0,0,1,3.2969999999999686,3.2969999999999686,2,0.25950000000000273,0.29300000000000637,3,0.2909999999999779,0.45999999999997954,1.0,0.2970000000000027,0.028800000000001092,1,0,0,0,1,0,0,1,0,0.0,0.5,0.0,0.0,0.5,0.0,0.0,0.0,0.0,0.4,0.2,0.4,0.0,0.45652173913043476,0.45652173913043476,0.13043478260869565,1.8322100280637263,-0.3708099243547831,36.889999999999645,0.7377999999999929,-0.7377999999999929,6.3526011560692375,0.7631999999999949,-0.5555999999999927,0.07839999999999914,0.10380000000000109,0.3789121274302547
EX_09-EE_a,EX_09,EX,EX_UND,UND,1,326.0,327.0,324.0,329.0,5.0,0.6569999999999936,0.3116000000000099,0.0,0.9686000000000036,3,0.9062221064114795,0.4275999999999954,0.23179999999999837,0.2922000000000139,0.9516000000000077,6,1.53794682399159,0.3110000000000014,0.3110000000000014,3,1.0949999999999893,1.8389999999999986,2,0.7790000000000248,1.0200000000000387,0,0.0,0.0,0.6,0.0,0.30499999999999544,1,0,0,0,1,1,0,0,0,2,1.0689999999999884,1.88900000000001,2,0.5794999999999959,0.8120000000000118,3,0.4870000000000232,0.8620000000000232,1.2,0.3258000000000038,0.17240000000000463,1,0,0,0,0,0,1,1,0,0.6666666666666666,0.0,0.3333333333333333,0.0,0.0,0.0,0.16666666666666666,0.16666666666666666,0.0,0.16666666666666666,0.3333333333333333,0.16666666666666666,0.10869565217391304,0.32608695652173914,0.43478260869565216,0.2391304347826087,2.406471462745304,0.10359274127059312,2.1084724005133912,0.9686000000000035,-0.34539999999998366,1.8446937014667748,0.6593999999999938,-0.195799999999997,0.22939999999999822,0.07980000000001156,0.6317247175801106
EX_09-EE_a,EX_09,EX,EX_UND,UND,1,426.0,427.0,424.0,429.0,5.0,0.9313999999999851,0.02599999999999909,0.0,0.9573999999999842,1,0.17992695189044133,0.7581999999999993,0.0,0.051400000000001,0.8096000000000003,2,0.3411386683403774,0.7073999999999956,0.7073999999999956,2,2.3284999999999627,3.388999999999953,1,0.12999999999999545,0.12999999999999545,0,0.0,0.0,0.2,0.0,0.9740000000000009,1,0,0,0,1,1,0,0,0,3,1.2636666666666656,2.6129999999999995,0,0.0,0.0,1,0.257000000000005,0.257000000000005,0.4,0.0,1.0,1,0,0,1,1,0,0,0,0,1.0,0.0,0.0,0.0,0.0,0.0,0.0,0.5,0.0,0.0,0.5,0.0,0.0,0.9,0.9,0.025,0.5501234060351945,-0.04559607525875532,35.82307692307761,0.9573999999999843,-0.905399999999986,37.90999999999997,0.7581999999999993,-0.7581999999999993,0.1731999999999858,0.02599999999999909,0.1612117164499361
EX_09-EE_a,EX_09,EX,EX_UND,UND,1,444.0,445.0,442.0,447.0,5.0,0.6498000000000047,0.30359999999999443,0.0,0.9533999999999991,1,0.9026761398739132,0.8166000000000053,0.0,0.077800000000002,0.8944000000000074,2,0.4263275929606104,0.5146000000000072,0.5146000000000072,2,1.6245000000000118,2.372000000000014,1,1.5179999999999723,1.5179999999999723,0,0.0,0.0,0.2,0.0,0.6964000000000056,1,0,0,0,1,1,0,0,0,4,1.0207500000000067,1.38900000000001,0,0.0,0.0,1,0.38900000000001,0.38900000000001,0.4,0.0,1.0,1,0,0,1,1,0,0,0,0,1.0,0.0,0.0,0.0,0.0,0.0,0.0,0.5,0.0,0.0,0.5,0.0,0.0,0.6190476190476191,0.6190476190476191,0.3333333333333333,1.1657840518150733,-0.158113883008419,2.1403162055336518,0.9533999999999991,-0.3462000000000103,40.83000000000027,0.8166000000000053,-0.8166000000000053,0.16680000000000061,0.30359999999999443,0.47634854691330275
EX_09-EE_a,EX_09,EX,EX_UND,UND,1,447.0,448.0,445.0,450.0,5.0,0.17720000000000483,0.793999999999994,0.0,0.971199999999999,2,0.6854176591757679,0.873599999999999,0.0,0.077800000000002,0.951400000000001,1,0.4084001443670139,0.0990000000000009,0.0990000000000009,2,0.44300000000001205,0.5480000000000018,1,3.9699999999999704,3.9699999999999704,0,0.0,0.0,0.4,0.0,0.09640000000000555,0,1,0,0,0,1,1,0,0,3,1.4559999999999984,3.2029999999999745,0,0.0,0.0,1,0.38900000000001,0.38900000000001,0.2,0.0981999999999971,1.0,1,0,0,0,1,0,0,1,0,0.5,0.0,0.5,0.0,0.0,0.0,0.0,0.0,0.0,0.0,1.0,0.0,0.0,0.08888888888888889,0.08888888888888889,0.8666666666666667,0.688948951093504,-0.5498414147691577,0.2231738035264561,0.9711999999999988,0.6167999999999892,43.67999999999995,0.873599999999999,-0.873599999999999,0.6963999999999942,0.793999999999994,0.27701751480875403
EX_09-EE_a,EX_09,EX,EX_UND,UND,1,500.0,501.0,498.0,503.0,5.0,0.9251999999999952,0.0,0.0,0.9251999999999952,0,-0.0,0.7144000000000006,0.0,0.23020000000001345,0.944600000000014,2,0.8011409930950659,0.6395999999999958,0.6395999999999958,3,1.541999999999992,2.6829999999999927,0,0.0,0.0,0,0.0,0.0,0.0,0.0,1.0,1,0,0,0,0,1,1,0,0,3,1.1906666666666677,1.4039999999999964,0,0.0,0.0,2,0.5755000000000337,0.8840000000000146,0.4,0.0,1.0,1,0,0,1,1,0,0,0,0,0.0,0.0,0.0,0.0,0.0,0.0,0.0,0.5,0.0,0.0,0.5,0.0,0.0,0.7619047619047619,0.7619047619047619,0.0,0.7918583525674836,0.0,46.25999999999976,0.9251999999999952,-0.9251999999999952,35.72000000000003,0.7144000000000006,-0.7144000000000006,0.21079999999999466,0.0,0.8011409930950659
EX_09-EE_a,EX_09,EX,EX_UND,UND,1,527.0,528.0,525.0,530.0,5.0,0.32380000000000564,0.6380000000000109,0.0,0.9618000000000165,1,0.9215870559119959,0.9548000000000002,0.0,0.0,0.9548000000000002,0,-0.0,0.32380000000000564,0.32380000000000564,1,1.6190000000000282,1.6190000000000282,1,3.1900000000000546,3.1900000000000546,0,0.0,0.0,0.2,0.6761999999999944,0.008999999999991815,0,1,0,1,0,0,1,0,0,4,1.1935000000000002,2.562000000000012,0,0.0,0.0,0,0.0,0.0,0.0,0.0,1.0,1,0,0,1,1,0,0,0,0,0.0,0.0,1.0,0.0,0.0,0.0,0.0,0.0,0.0,0.0,0.0,0.0,0.0,0.3404255319148936,0.3404255319148936,0.6595744680851063,0.9252253278054431,0.0,0.507523510971787,0.9618000000000165,0.31420000000000525,47.74000000000001,0.9548000000000002,-0.9548000000000002,0.6309999999999946,0.6380000000000109,0.9215870559119959
EX_09-EE_a,EX_09,EX,EX_UND,UND,1,533.686,534.686,531.686,536.686,5.0,0.5672000000000252,0.3660000000000082,0.0,0.9332000000000334,2,0.9662039157315301,0.9873999999999796,0.0,0.0,0.9873999999999796,0,-0.0,0.565800000000013,0.565800000000013,3,0.9453333333333754,1.34699999999998,1,1.830000000000041,1.830000000000041,0,0.0,0.0,0.4,0.0,0.29379999999998746,1,0,0,0,0,1,1,0,0,2,2.468499999999949,3.59699999999998,0,0.0,0.0,0,0.0,0.0,0.0,0.0,1.0,1,0,0,1,1,0,0,0,0,0.5,0.0,0.5,0.0,0.0,0.0,0.0,0.0,0.0,0.0,0.0,0.0,0.0,0.6170212765957447,0.6170212765957447,0.3829787234042553,0.9601186626422924,0.0,1.5497267759563185,0.9332000000000334,-0.20120000000001703,49.36999999999898,0.9873999999999796,-0.9873999999999796,0.4201999999999544,0.3660000000000082,0.9662039157315301
EX_09-EE_a,EX_09,EX,EX_UND,PART_UND,0,542.983,543.983,540.983,545.983,5.0,0.9769999999999982,0.0,0.0,0.9769999999999982,0,-0.0,0.06000000000001364,0.2526000000000067,0.6651999999999816,0.977800000000002,3,1.1296013444312052,0.06000000000001364,0.06000000000001364,2,2.4424999999999955,3.350999999999999,0,0.0,0.0,0,0.0,0.0,0.0,0.0,1.0,1,0,0,0,0,1,1,0,0,1,0.3000000000000682,0.3000000000000682,1,1.2630000000000337,1.2630000000000337,2,1.662999999999954,2.1359999999999673,0.6,0.0,0.3201999999999998,0,0,1,1,0,0,0,0,1,0.0,0.0,0.0,0.0,0.0,0.0,0.0,0.3333333333333333,0.0,0.3333333333333333,0.0,0.3333333333333333,0.0,0.0851063829787234,0.0851063829787234,0.2553191489361702,1.2014051148553606,0.0,48.84999999999991,0.9769999999999982,-0.9769999999999982,0.23752969121144912,0.31260000000002036,0.19259999999999305,0.9169999999999846,0.2526000000000067,1.1296013444312052
EX_09-EE_a,EX_09,EX,EX_UND,UND,1,570.0,571.0,568.0,573.0,5.0,0.7653999999999996,0.19519999999999982,0.0,0.9605999999999995,1,0.7282945887579814,0.7480000000000018,0.0,0.0,0.7480000000000018,0,-0.0,0.5324000000000069,0.5324000000000069,2,1.913499999999999,1.9510000000000218,1,0.9759999999999991,0.9759999999999991,0,0.0,0.0,0.2,0.0,0.8048000000000002,1,0,0,0,1,1,0,0,0,2,1.8700000000000045,2.865000000000009,0,0.0,0.0,0,0.0,0.0,0.0,0.2329999999999927,1.0,1,0,0,1,1,0,0,0,0,1.0,0.0,0.0,0.0,0.0,0.0,0.0,0.0,0.0,0.0,0.0,0.0,0.0,0.7714285714285715,0.7714285714285715,0.22857142857142856,0.7755126581331477,0.0,3.921106557377051,0.9605999999999995,-0.5701999999999998,37.40000000000009,0.7480000000000018,-0.7480000000000018,0.01739999999999786,0.19519999999999982,0.7282945887579814
EX_09-EE_a,EX_09,EX,EX_UND,UND,1,571.0,572.0,569.0,574.0,5.0,0.6248000000000047,0.3198000000000093,0.0,0.944600000000014,2,0.9234301912493219,0.9480000000000018,0.0,0.0,0.9480000000000018,0,-0.0,0.591800000000012,0.591800000000012,3,1.0413333333333412,1.8759999999999764,1,1.5990000000000464,1.5990000000000464,0,0.0,0.0,0.4,0.0,0.6048000000000002,1,0,0,0,0,1,1,0,0,2,2.3700000000000045,2.865000000000009,0,0.0,0.0,0,0.0,0.0,0.0,0.03299999999999272,1.0,1,0,0,1,1,0,0,0,0,0.5,0.0,0.5,0.0,0.0,0.0,0.0,0.0,0.0,0.0,0.0,0.0,0.0,0.6590909090909091,0.6590909090909091,0.3409090909090909,0.9256859869821299,0.0,1.953721075672253,0.944600000000014,-0.3049999999999954,47.40000000000009,0.9480000000000018,-0.9480000000000018,0.32319999999999716,0.3198000000000093,0.9234301912493219
EX_09-EE_a,EX_09,EX,EX_UND,UND,1,620.0,621.0,618.0,623.0,5.0,0.0,1.0,0.0,1.0,0,-0.0,0.6599999999999909,0.33279999999999743,0.0,0.9927999999999884,2,0.9201645735537534,0.0,0.0,0,0.0,0.0,1,5.0,5.0,0,0.0,0.0,0.0,1.0,0.0,0,1,0,1,1,0,0,0,0,2,1.6499999999999773,2.725999999999999,1,1.6639999999999873,1.6639999999999873,0,0.0,0.0,0.4,0.0,0.5451999999999998,1,0,0,1,1,0,0,0,0,0.0,0.0,0.0,0.0,0.0,0.0,0.5,0.0,0.5,0.0,0.0,0.0,0.32653061224489793,0.0,0.32653061224489793,0.673469387755102,0.9113423759758417,0.0,0.0,1.0,1.0,1.9831730769230649,0.9927999999999884,-0.3271999999999935,0.6599999999999909,0.6672000000000026,0.9201645735537534
EX_09-EE_a,EX_09,EX,EX_UND,UND,1,656.404,657.407,654.404,659.407,5.003000000000043,0.8125124925045013,0.11872876274234102,0.0,0.9312412552468423,3,0.5505284438253619,0.2764341395162955,0.07775334799120662,0.27243653807716267,0.6266240255846648,3,1.4168679048803843,0.23166100339795762,0.23166100339795762,2,2.0325000000000273,2.8220000000000027,2,0.2969999999999686,0.37400000000002365,0,0.0,0.0,0.5996402158704726,0.0,0.2744353387967291,1,0,0,0,1,1,0,0,0,2,0.6915000000000191,1.1589999999999918,1,0.38900000000001,0.38900000000001,1,1.3630000000000564,1.3630000000000564,0.5996402158704726,0.0,0.8774735158904555,1,0,0,1,1,0,0,0,0,0.6666666666666666,0.0,0.3333333333333333,0.0,0.0,0.0,0.0,0.3333333333333333,0.3333333333333333,0.0,0.0,0.3333333333333333,0.03333333333333333,0.4,0.43333333333333335,0.1,1.6294732983598408,-0.13363062095621214,6.843434343435159,0.9312412552468423,-0.6937837297621603,3.5552699228791838,0.35418748750750206,-0.19868079152508886,0.5360783529882058,0.040975414751134406,0.8663394610550224
EX_09-EE_a,EX_09,EX,EX_UND,PART_UND,0,662.0,663.0,660.0,665.0,5.0,0.522199999999998,0.4445999999999913,0.0,0.9667999999999892,3,0.9953477614482815,0.9498000000000048,0.029999999999995454,0.0,0.9798000000000002,1,0.19748415239823394,0.5079999999999927,0.5079999999999927,2,1.305499999999995,1.6019999999999754,2,1.1114999999999782,1.1369999999999436,0,0.0,0.0,0.6,0.24139999999999873,0.0,1,0,0,1,0,0,1,0,0,2,2.374500000000012,3.72199999999998,1,0.14999999999997726,0.14999999999997726,0,0.0,0.0,0.2,0.029999999999995454,0.0,1,0,0,0,1,1,0,0,0,0.3333333333333333,0.0,0.6666666666666666,0.0,0.0,0.0,0.0,0.0,1.0,0.0,0.0,0.0,0.041666666666666664,0.5416666666666666,0.5833333333333334,0.4166666666666667,1.1964209471916636,0.2266790665445007,1.1745389113810352,0.9667999999999892,-0.07760000000000672,31.660000000004956,0.9798000000000002,-0.9198000000000093,0.42760000000000675,0.4145999999999958,0.7978636090500476
EX_09-EE_a,EX_09,EX,EX_UND,UND,1,688.0,689.0,686.0,691.0,5.0,0.2372000000000071,0.725,0.0,0.962200000000007,1,0.8057131321867672,0.31779999999998837,0.4674000000000206,0.07259999999998853,0.8577999999999975,7,1.3095535422902782,0.077800000000002,0.077800000000002,1,1.1860000000000355,1.1860000000000355,1,3.625,3.625,0,0.0,0.0,0.2,0.0,0.275,0,1,0,0,1,1,0,0,0,4,0.39724999999998545,0.4839999999999236,3,0.7790000000000342,1.58400000000006,1,0.3629999999999427,0.3629999999999427,1.4,0.0,0.2925999999999931,0,1,0,1,1,0,0,0,0,1.0,0.0,0.0,0.0,0.0,0.0,0.2857142857142857,0.14285714285714285,0.42857142857142855,0.0,0.0,0.14285714285714285,0.5348837209302325,0.09302325581395349,0.627906976744186,0.27906976744186046,1.6341374291680242,0.12651201921276486,0.32717241379311324,0.962200000000007,0.4877999999999929,0.679931536157412,0.785200000000009,0.1496000000000322,0.08059999999998127,0.2575999999999794,0.503840410103511
EX_09-EE_a,EX_09,EX,EX_UND,UND,1,699.0,700.0,697.0,702.0,5.0,0.5763999999999896,0.21399999999998726,0.12880000000000108,0.919199999999978,6,1.3090372728488657,0.3051999999999907,0.06800000000000636,0.5216000000000122,0.8948000000000093,2,1.2657159167428633,0.11759999999999309,0.11759999999999309,3,0.9606666666666493,2.201999999999998,2,0.5349999999999682,0.7740000000000009,2,0.32200000000000273,0.47299999999995634,1.2,0.0,0.08420000000000982,1,0,0,0,1,1,0,0,0,2,0.7629999999999768,0.8949999999999818,1,0.34000000000003183,0.34000000000003183,2,1.3040000000000305,2.4640000000000555,0.4,0.6682000000000017,0.5788000000000011,0,0,1,0,1,0,0,1,0,0.3333333333333333,0.16666666666666666,0.0,0.16666666666666666,0.3333333333333333,0.0,0.0,0.0,0.5,0.0,0.0,0.5,0.0,0.13953488372093023,0.2558139534883721,0.23255813953488372,2.4757776317600064,-0.28653412753062635,2.6934579439253454,0.7903999999999769,-0.36240000000000233,4.48823529411709,0.3731999999999971,-0.23719999999998434,0.2711999999999989,0.1459999999999809,0.04332135610600241
EX_09-EE_a,EX_09,EX,EX_UND,PART_UND,0,705.0,706.0,703.0,708.0,5.0,0.21080000000001747,0.7346000000000004,0.0,0.9454000000000178,2,0.7655616036313636,0.9657999999999902,0.03420000000000982,0.0,1.0,1,0.21503587455524834,0.21080000000001747,0.21080000000001747,1,1.0540000000000873,1.0540000000000873,2,1.836500000000001,2.328999999999951,0,0.0,0.0,0.4,0.288799999999992,0.0,0,1,0,1,1,0,0,0,0,1,4.828999999999951,4.828999999999951,1,0.1710000000000491,0.1710000000000491,0,0.0,0.0,0.2,0.0,0.9657999999999902,1,0,0,1,0,0,1,0,0,0.5,0.0,0.5,0.0,0.0,0.0,1.0,0.0,0.0,0.0,0.0,0.0,0.02127659574468085,0.2127659574468085,0.23404255319148937,0.7659574468085106,0.887853085703236,0.07665142306604197,0.2869588891914203,0.9454000000000178,0.523799999999983,28.23976608186295,1.0,-0.9315999999999804,0.7549999999999728,0.7003999999999906,0.5505257290761153
EX_09-EE_a,EX_09,EX,EX_UND,UND,1,724.0,725.0,722.0,727.0,5.0,0.5692000000000007,0.04459999999999127,0.308199999999988,0.92199999999998,3,1.169400045668968,0.8159999999999854,0.03679999999999382,0.06240000000000236,0.9151999999999816,3,0.598170525024957,0.508199999999988,0.508199999999988,4,0.7115000000000009,1.7479999999999336,1,0.22299999999995634,0.22299999999995634,2,0.77049999999997,0.9959999999999809,0.6,0.0,0.4768000000000029,1,0,0,0,0,1,0,0,1,3,1.3599999999999757,1.7549999999999955,1,0.18399999999996908,0.18399999999996908,1,0.3120000000000118,0.3120000000000118,0.6,0.0,0.6385999999999967,1,0,0,1,1,0,0,0,0,0.3333333333333333,0.3333333333333333,0.3333333333333333,0.0,0.0,0.0,0.3333333333333333,0.0,0.0,0.3333333333333333,0.3333333333333333,0.0,0.0,0.5813953488372093,0.6744186046511628,0.11627906976744186,1.71973877192274,0.24541168179250733,12.762331838567535,0.613799999999992,-0.5246000000000094,22.17391304348159,0.8527999999999792,-0.7791999999999916,0.2467999999999847,0.007799999999997455,0.5712295206440109
EX_09-EE_a,EX_09,EX,EX_UND,UND,1,746.0,747.0,744.0,749.0,5.0,0.41959999999999126,0.5804000000000087,0.0,1.0,4,0.9812671557716853,0.9301999999999907,0.0,0.0,0.9301999999999907,0,-0.0,0.39999999999997726,0.39999999999997726,3,0.6993333333333188,1.488999999999919,2,1.4510000000000218,2.119000000000028,0,0.0,0.0,0.8,0.0,0.04500000000000455,0,1,0,0,0,1,1,0,0,5,0.9301999999999907,2.947999999999979,0,0.0,0.0,0,0.0,0.0,0.0,0.0,1.0,1,0,0,1,1,0,0,0,0,0.5,0.0,0.5,0.0,0.0,0.0,0.0,0.0,0.0,0.0,0.0,0.0,0.0,0.4222222222222222,0.4222222222222222,0.5777777777777777,0.9824740868386409,0.0,0.72294968986903,1.0,0.16080000000001743,46.509999999999536,0.9301999999999907,-0.9301999999999907,0.5105999999999995,0.5804000000000087,0.9812671557716853
EX_09-EE_a,EX_09,EX,EX_UND,UND,1,779.0,780.0,777.0,782.0,5.0,0.6501999999999952,0.12160000000001218,0.15760000000000218,0.9294000000000097,4,1.1785862079721978,0.6539999999999964,0.08540000000000418,0.0,0.7394000000000005,2,0.5162831246388814,0.44980000000000475,0.44980000000000475,5,0.6501999999999952,1.711999999999989,1,0.6080000000000609,0.6080000000000609,1,0.7880000000000109,0.7880000000000109,0.8,0.0,0.5645999999999958,1,0,0,0,0,1,1,0,0,3,1.0899999999999939,1.6059999999999945,1,0.4270000000000209,0.4270000000000209,0,0.0,0.0,0.4,0.0,0.5933999999999969,1,0,0,1,1,0,0,0,0,0.25,0.25,0.25,0.0,0.25,0.0,0.5,0.0,0.5,0.0,0.0,0.0,0.11428571428571428,0.6285714285714286,0.7428571428571429,0.02857142857142857,1.4119259995158082,0.46729250248469845,5.347039473683635,0.7718000000000074,-0.5285999999999831,7.658079625292323,0.7394000000000005,-0.5685999999999922,0.003800000000001136,0.036200000000008004,0.6623030833333164
EX_09-EE_a,EX_09,EX,EX_UND,UND,1,782.0,783.0,780.0,785.0,5.0,0.7327999999999975,0.086200000000008,0.15760000000000218,0.9766000000000077,3,1.0446773948541122,0.7079999999999927,0.07880000000000109,0.2130000000000109,0.9998000000000047,5,1.1167183332565682,0.5195999999999913,0.5195999999999913,2,1.8319999999999936,3.129000000000019,1,0.43100000000004,0.43100000000004,1,0.7880000000000109,0.7880000000000109,0.6,0.086200000000008,0.0,1,0,0,1,0,0,1,0,0,3,1.179999999999988,2.3640000000000327,1,0.39400000000000546,0.39400000000000546,2,0.5325000000000273,0.761000000000081,1.0,0.07880000000000109,0.0,1,0,0,0,1,1,0,0,0,0.0,0.3333333333333333,0.3333333333333333,0.0,0.3333333333333333,0.0,0.0,0.4,0.2,0.0,0.4,0.0,0.08163265306122448,0.5102040816326531,0.5918367346938775,0.02040816326530612,1.8157271390258534,0.002046878128287817,8.501160092806606,0.8190000000000055,-0.6465999999999894,8.984771573603844,0.7867999999999938,-0.6291999999999917,0.024800000000004707,0.007400000000006915,0.07204093840245607
EX_09-EE_a,EX_09,EX,EX_UND,UND,1,818.0,819.0,816.0,821.0,5.0,0.061199999999985266,0.9388000000000147,0.0,1.0,2,0.33219016719664884,0.0,1.0,0.0,1.0,0,-0.0,0.0,0.0,1,0.30599999999992633,0.30599999999992633,2,2.347000000000037,4.123000000000047,0,0.0,0.0,0.4,0.11420000000000527,0.0,0,1,0,1,1,0,0,0,0,0,0.0,0.0,1,5.0,5.0,0,0.0,0.0,0.0,1.0,0.0,0,1,0,0,0,1,1,0,0,0.5,0.0,0.5,0.0,0.0,0.0,0.0,0.0,0.0,0.0,0.0,0.0,0.94,0.0,0.94,0.06,0.32744491915447627,0.0,0.0651896037494507,1.0,0.8776000000000295,0.0,1.0,1.0,0.061199999999985266,0.061199999999985266,0.33219016719664884
EX_09-EE_a,EX_09,EX,EX_UND,UND,1,841.0,842.0,839.0,844.0,5.0,0.0,1.0,0.0,1.0,0,-0.0,0.0,1.0,0.0,1.0,0,-0.0,0.0,0.0,0,0.0,0.0,1,5.0,5.0,0,0.0,0.0,0.0,1.0,0.0,0,1,0,1,1,0,0,0,0,0,0.0,0.0,1,5.0,5.0,0,0.0,0.0,0.0,1.0,0.0,0,1,0,0,0,1,1,0,0,0.0,0.0,0.0,0.0,0.0,0.0,0.0,0.0,0.0,0.0,0.0,0.0,1.0,0.0,1.0,0.0,-0.0,0.0,0.0,1.0,1.0,0.0,1.0,1.0,0.0,0.0,0.0
EX_09-EE_a,EX_09,EX,EX_UND,UND,1,938.0,939.0,936.0,941.0,5.0,0.10639999999998509,0.8748000000000047,0.0,0.9811999999999899,2,0.49518840751659043,0.16320000000000617,0.8367999999999938,0.0,1.0,2,0.6419103041282754,0.07880000000000109,0.07880000000000109,1,0.5319999999999254,0.5319999999999254,2,2.187000000000012,3.8740000000000236,0,0.0,0.0,0.4,0.7748000000000047,0.0,0,1,0,1,1,0,0,0,0,1,0.8160000000000309,0.8160000000000309,2,2.0919999999999845,4.011999999999944,0,0.0,0.0,0.4,0.8023999999999887,0.0,0,1,0,0,0,1,1,0,0,0.5,0.0,0.5,0.0,0.0,0.0,0.5,0.0,0.5,0.0,0.0,0.0,0.8,0.08,0.88,0.12,1.0263137138648348,0.5103545438827409,0.12162780064012862,0.9811999999999897,0.7684000000000196,0.19502868068834536,1.0,0.6735999999999875,0.056800000000021084,0.038000000000010914,0.146721896611685
EX_09-EE_a,EX_09,EX,EX_UND,UND,1,953.0,954.0,951.0,956.0,5.0,0.0,1.0,0.0,1.0,0,-0.0,0.0,1.0,0.0,1.0,0,-0.0,0.0,0.0,0,0.0,0.0,1,5.0,5.0,0,0.0,0.0,0.0,1.0,0.0,0,1,0,1,1,0,0,0,0,0,0.0,0.0,1,5.0,5.0,0,0.0,0.0,0.0,1.0,0.0,0,1,0,0,0,1,1,0,0,0.0,0.0,0.0,0.0,0.0,0.0,0.0,0.0,0.0,0.0,0.0,0.0,1.0,0.0,1.0,0.0,-0.0,0.0,0.0,1.0,1.0,0.0,1.0,1.0,0.0,0.0,0.0
EX_09-EE_a,EX_09,EX,EX_UND,PART_UND,0,989.0,990.0,987.0,992.0,5.0,1.0,0.0,0.0,1.0,0,-0.0,0.44479999999998654,0.22699999999999818,0.23639999999998054,0.9081999999999653,3,1.509785998817137,0.44479999999998654,0.44479999999998654,1,5.0,5.0,0,0.0,0.0,0,0.0,0.0,0.0,0.0,1.0,1,0,0,0,0,1,1,0,0,1,2.2239999999999327,2.2239999999999327,2,0.5674999999999955,0.9099999999999682,3,0.39399999999996754,0.6509999999999536,0.6,0.20540000000000874,0.0,1,0,0,0,0,1,0,0,1,0.0,0.0,0.0,0.0,0.0,0.0,0.3333333333333333,0.0,0.3333333333333333,0.3333333333333333,0.0,0.0,0.0,0.4782608695652174,0.4782608695652174,0.2608695652173913,1.5203750945933545,0.0,50.0,1.0,-1.0,1.959471365638723,0.6717999999999847,-0.21779999999998836,0.5552000000000135,0.22699999999999818,1.509785998817137
EX_09-EE_a,EX_09,EX,EX_UND,UND,1,996.0,997.0,994.0,999.0,5.0,0.9860000000000128,0.0,0.0,0.9860000000000128,0,-0.0,0.0,0.0,0.9587999999999965,0.9587999999999965,0,-0.0,0.0,0.0,2,2.465000000000032,4.538000000000011,0,0.0,0.0,0,0.0,0.0,0.0,0.0,1.0,1,0,0,0,0,1,1,0,0,0,0.0,0.0,0,0.0,0.0,3,1.5979999999999943,3.961999999999989,0.0,1.0,1.0,0,0,1,0,0,0,0,1,1,0.0,0.0,0.0,0.0,0.0,0.0,0.0,0.0,0.0,0.0,0.0,0.0,0.0,0.0,0.0,0.0,-0.0,0.0,49.30000000000064,0.9860000000000128,-0.9860000000000128,0.0,0.0,0.0,0.9860000000000128,0.0,0.0
EX_09-EE_a,EX_09,EX,EX_UND,UND,1,1033.0,1034.0,1031.0,1036.0,5.0,0.16519999999995888,0.8001999999999952,0.0,0.9653999999999542,3,0.6602622358099239,0.0,1.0,0.0,1.0,0,-0.0,0.0,0.0,2,0.4129999999998972,0.48299999999994725,2,2.000499999999988,3.005000000000109,0,0.0,0.0,0.6,0.0068000000000211,0.10340000000001055,0,1,0,0,1,1,0,0,0,0,0.0,0.0,1,5.0,5.0,0,0.0,0.0,0.0,1.0,0.0,0,1,0,0,0,1,1,0,0,0.6666666666666666,0.0,0.3333333333333333,0.0,0.0,0.0,0.0,0.0,0.0,0.0,0.0,0.0,0.8333333333333334,0.0,0.8333333333333334,0.16666666666666666,0.6500224216483541,0.0,0.2064483879029741,0.9653999999999541,0.6350000000000364,0.0,1.0,1.0,0.16519999999995888,0.19980000000000475,0.6602622358099239
EX_09-EE_a,EX_09,EX,EX_UND,UND,1,1122.0,1123.0,1120.0,1125.0,5.0,0.0,0.9832000000000335,0.0,0.9832000000000335,0,-0.0,0.0,1.0,0.0,1.0,0,-0.0,0.0,0.0,0,0.0,0.0,2,2.4580000000000837,2.553000000000111,0,0.0,0.0,0.0,1.0,0.0,0,1,0,1,1,0,0,0,0,0,0.0,0.0,1,5.0,5.0,0,0.0,0.0,0.0,1.0,0.0,0,1,0,0,0,1,1,0,0,0.0,0.0,0.0,0.0,0.0,0.0,0.0,0.0,0.0,0.0,0.0,0.0,1.0,0.0,1.0,0.0,-0.0,0.0,0.0,0.9832000000000335,0.9832000000000335,0.0,1.0,1.0,0.0,0.01679999999996651,0.0
EX_09-EE_a,EX_09,EX,EX_UND,PART_UND,0,1177.0,1178.0,1175.0,1180.0,5.0,0.0,1.0,0.0,1.0,0,-0.0,0.11059999999997672,0.8684000000000196,0.0,0.9789999999999963,2,0.5088170832589654,0.0,0.0,0,0.0,0.0,1,5.0,5.0,0,0.0,0.0,0.0,1.0,0.0,0,1,0,1,1,0,0,0,0,1,0.5529999999998836,0.5529999999998836,2,2.171000000000049,3.130000000000109,0,0.0,0.0,0.4,0.26340000000000147,0.0,0,1,0,0,0,1,1,0,0,0.0,0.0,0.0,0.0,0.0,0.0,0.5,0.0,0.5,0.0,0.0,0.0,0.8979591836734694,0.0,0.8979591836734694,0.10204081632653061,0.47543164626872064,0.0,0.0,1.0,1.0,0.12736066328877732,0.9789999999999963,0.7578000000000429,0.11059999999997672,0.1315999999999804,0.5088170832589654
EX_09-EE_a,EX_09,EX,EX_UND,UND,1,1212.0,1213.0,1210.0,1215.0,5.0,0.0,1.0,0.0,1.0,0,-0.0,0.0,1.0,0.0,1.0,0,-0.0,0.0,0.0,0,0.0,0.0,1,5.0,5.0,0,0.0,0.0,0.0,1.0,0.0,0,1,0,1,1,0,0,0,0,0,0.0,0.0,1,5.0,5.0,0,0.0,0.0,0.0,1.0,0.0,0,1,0,0,0,1,1,0,0,0.0,0.0,0.0,0.0,0.0,0.0,0.0,0.0,0.0,0.0,0.0,0.0,1.0,0.0,1.0,0.0,-0.0,0.0,0.0,1.0,1.0,0.0,1.0,1.0,0.0,0.0,0.0
EX_09-EE_a,EX_09,EX,EX_UND,UND,1,1262.0,1263.0,1260.0,1265.0,5.0,0.5327999999999975,0.46720000000000256,0.0,1.0,4,0.9968935516651374,0.3273999999999887,0.6726000000000113,0.0,1.0,2,0.9122478812618201,0.24859999999998764,0.24859999999998764,2,1.3319999999999936,2.31899999999996,3,0.778666666666671,1.2290000000000418,0,0.0,0.0,0.8,0.021199999999998907,0.0,1,0,0,1,1,0,0,0,0,1,1.6369999999999436,1.6369999999999436,2,1.6815000000000282,2.7560000000000855,0,0.0,0.0,0.4,0.5512000000000171,0.0,0,1,0,0,0,1,1,0,0,0.5,0.0,0.5,0.0,0.0,0.0,0.5,0.0,0.5,0.0,0.0,0.0,0.4,0.24,0.64,0.36,1.8286345734705731,0.31581014591912654,1.140410958904098,1.0,-0.06559999999999494,0.4867677668747892,1.0,0.3452000000000226,0.2054000000000088,0.20540000000000874,0.08464567040331727
EX_09-EE_a,EX_09,EX,EX_UND,UND,1,1374.0,1375.0,1372.0,1377.0,5.0,0.0,1.0,0.0,1.0,0,-0.0,0.0,0.9794000000000324,0.0,0.9794000000000324,0,-0.0,0.0,0.0,0,0.0,0.0,1,5.0,5.0,0,0.0,0.0,0.0,1.0,0.0,0,1,0,1,1,0,0,0,0,0,0.0,0.0,2,2.448500000000081,4.727000000000089,0,0.0,0.0,0.0,1.0,0.0,0,1,0,0,0,1,1,0,0,0.0,0.0,0.0,0.0,0.0,0.0,0.0,0.0,0.0,0.0,0.0,0.0,1.0,0.0,1.0,0.0,-0.0,0.0,0.0,1.0,1.0,0.0,0.9794000000000324,0.9794000000000324,0.0,0.020599999999967644,0.0
EX_09-EE_a,EX_09,EX,EX_UND,UND,1,1430.0,1431.0,1428.0,1433.0,5.0,0.0,1.0,0.0,1.0,0,-0.0,0.0,0.9744000000000141,0.0,0.9744000000000141,0,-0.0,0.0,0.0,0,0.0,0.0,1,5.0,5.0,0,0.0,0.0,0.0,1.0,0.0,0,1,0,1,1,0,0,0,0,0,0.0,0.0,2,2.4360000000000355,2.4809999999999945,0,0.0,0.0,0.0,1.0,0.0,0,1,0,0,0,1,1,0,0,0.0,0.0,0.0,0.0,0.0,0.0,0.0,0.0,0.0,0.0,0.0,0.0,1.0,0.0,1.0,0.0,-0.0,0.0,0.0,1.0,1.0,0.0,0.9744000000000141,0.9744000000000141,0.0,0.025599999999985856,0.0
EX_09-EE_a,EX_09,EX,EX_UND,PART_UND,0,1540.0,1541.0,1538.0,1543.0,5.0,0.1869999999999891,0.8130000000000109,0.0,1.0,1,0.6951533369560783,0.08859999999999672,0.8885999999999967,0.0,0.9771999999999934,1,0.4386929729925193,0.08859999999999672,0.08859999999999672,1,0.9349999999999454,0.9349999999999454,1,4.065000000000055,4.065000000000055,0,0.0,0.0,0.2,0.0,0.1869999999999891,0,1,0,0,1,1,0,0,0,1,0.44299999999998363,0.44299999999998363,1,4.442999999999984,4.442999999999984,0,0.0,0.0,0.2,0.0,0.11140000000000327,0,1,0,1,0,0,1,0,0,1.0,0.0,0.0,0.0,0.0,0.0,1.0,0.0,0.0,0.0,0.0,0.0,0.8163265306122449,0.10204081632653061,0.9183673469387755,0.08163265306122448,0.8700820018717121,0.7106690545187014,0.2300123001229847,1.0,0.6260000000000219,0.09970740490659133,0.9771999999999934,0.8,0.09839999999999237,0.07559999999998579,0.256460363963559
EX_09-EE_a,EX_09,EX,EX_UND,UND,1,1667.0,1668.0,1665.0,1670.0,5.0,0.10260000000002947,0.8811999999999898,0.0,0.9838000000000193,2,0.4824473156598837,0.15200000000004366,0.8479999999999563,0.0,1.0,2,0.6148227571491773,0.0848000000000411,0.0848000000000411,1,0.5130000000001473,0.5130000000001473,2,2.2029999999999745,3.0329999999999018,0,0.0,0.0,0.4,0.2907999999999902,0.0,0,1,0,1,1,0,0,0,0,1,0.7600000000002183,0.7600000000002183,2,2.119999999999891,2.696999999999889,0,0.0,0.0,0.4,0.30859999999997856,0.0,0,1,0,0,0,1,1,0,0,0.5,0.0,0.5,0.0,0.0,0.0,0.5,0.0,0.5,0.0,0.0,0.0,0.8163265306122449,0.08163265306122448,0.8979591836734694,0.10204081632653061,0.9437481340030757,0.5807327735918862,0.11643213799367982,0.9838000000000192,0.7785999999999603,0.17924528301892864,1.0,0.6959999999999127,0.04940000000001418,0.033200000000033425,0.13237544148929364
EX_09-EE_a,EX_09,EX,EX_UND,PART_UND,0,1929.0,1930.0,1927.0,1932.0,5.0,0.11920000000000072,0.8346000000000003,0.0,0.9538000000000011,2,0.5434908552409524,0.0,1.0,0.0,1.0,0,-0.0,0.0,0.0,1,0.5960000000000036,0.5960000000000036,2,2.086500000000001,3.2819999999999254,0,0.0,0.0,0.4,0.1782000000000153,0.0,0,1,0,1,1,0,0,0,0,0,0.0,0.0,1,5.0,5.0,0,0.0,0.0,0.0,1.0,0.0,0,1,0,0,0,1,1,0,0,0.5,0.0,0.5,0.0,0.0,0.0,0.0,0.0,0.0,0.0,0.0,0.0,0.8723404255319149,0.0,0.8723404255319149,0.1276595744680851,0.5509844433017146,0.0,0.14282290917805018,0.9538000000000011,0.7153999999999996,0.0,1.0,1.0,0.11920000000000072,0.16539999999999966,0.5434908552409524
EX_09-EE_a,EX_09,EX,EX_UND,UND,1,1945.0,1946.0,1943.0,1948.0,5.0,0.07460000000000946,0.9253999999999906,0.0,1.0,2,0.3828600814071183,0.0,0.9822000000000116,0.0,0.9822000000000116,0,-0.0,0.0,0.0,1,0.3730000000000473,0.3730000000000473,2,2.3134999999999764,3.8789999999999054,0,0.0,0.0,0.4,0.14960000000000945,0.0,0,1,0,1,1,0,0,0,0,0,0.0,0.0,2,2.455500000000029,2.6749999999999545,0,0.0,0.0,0.0,1.0,0.0,0,1,0,0,0,1,1,0,0,0.5,0.0,0.5,0.0,0.0,0.0,0.0,0.0,0.0,0.0,0.0,0.0,0.9183673469387755,0.0,0.9183673469387755,0.08163265306122448,0.40790598013897633,0.0,0.080613788631954,1.0,0.8507999999999811,0.0,0.9822000000000116,0.9822000000000116,0.07460000000000946,0.056800000000021056,0.3828600814071183
EX_09-EE_a,EX_09,EX,EX_UND,UND,1,1991.0,1992.0,1989.0,1994.0,5.0,0.1423999999999978,0.8576000000000021,0.0,1.0,2,0.5904898492432431,0.0,0.9659999999999854,0.0,0.9659999999999854,0,-0.0,0.0,0.0,1,0.7119999999999891,0.7119999999999891,2,2.1440000000000055,2.576999999999998,0,0.0,0.0,0.4,0.34220000000000256,0.0,0,1,0,1,1,0,0,0,0,0,0.0,0.0,3,1.6099999999999757,2.3360000000000127,0,0.0,0.0,0.0,1.0,0.0,0,1,0,0,0,1,1,0,0,0.5,0.0,0.5,0.0,0.0,0.0,0.0,0.0,0.0,0.0,0.0,0.0,0.875,0.0,0.875,0.125,0.5435644431995964,0.0,0.16604477611940002,1.0,0.7152000000000043,0.0,0.9659999999999854,0.9659999999999854,0.1423999999999978,0.10839999999998329,0.5904898492432431
EX_09-EE_a,EX_09,EX,EX_UND,UND,1,2036.0,2037.0,2034.0,2039.0,5.0,0.0,1.0,0.0,1.0,0,-0.0,0.0,1.0,0.0,1.0,0,-0.0,0.0,0.0,0,0.0,0.0,1,5.0,5.0,0,0.0,0.0,0.0,1.0,0.0,0,1,0,1,1,0,0,0,0,0,0.0,0.0,1,5.0,5.0,0,0.0,0.0,0.0,1.0,0.0,0,1,0,0,0,1,1,0,0,0.0,0.0,0.0,0.0,0.0,0.0,0.0,0.0,0.0,0.0,0.0,0.0,1.0,0.0,1.0,0.0,-0.0,0.0,0.0,1.0,1.0,0.0,1.0,1.0,0.0,0.0,0.0
EX_09-EE_a,EX_09,EX,EX_UND,PART_UND,0,2249.0,2250.0,2247.0,2252.0,5.0,0.17319999999999708,0.8268000000000029,0.0,1.0,3,0.6649729323706142,0.0,0.9410000000000764,0.0,0.9410000000000764,0,-0.0,0.0,0.0,2,0.4329999999999927,0.6700000000000728,2,2.0670000000000073,2.849999999999909,0,0.0,0.0,0.6,0.0,0.03919999999998254,0,1,0,0,1,1,0,0,0,0,0.0,0.0,5,0.9410000000000764,1.9659999999998945,0,0.0,0.0,0.0,1.0,0.0,0,1,0,0,0,1,1,0,0,0.6666666666666666,0.0,0.3333333333333333,0.0,0.0,0.0,0.0,0.0,0.0,0.0,0.0,0.0,0.8260869565217391,0.0,0.8260869565217391,0.17391304347826086,0.6665783579949205,0.0,0.209482341557809,1.0,0.6536000000000057,0.0,0.9410000000000764,0.9410000000000764,0.17319999999999708,0.11420000000007358,0.6649729323706142
EX_09-EE_a,EX_09,EX,EX_UND,UND,1,2307.0,2308.0,2305.0,2310.0,5.0,0.04179999999996653,0.9582000000000335,0.0,1.0,2,0.2504851135978623,0.0,0.980199999999968,0.0,0.980199999999968,0,-0.0,0.0,0.0,1,0.20899999999983265,0.20899999999983265,2,2.3955000000000837,4.268000000000029,0,0.0,0.0,0.4,0.8536000000000058,0.0,0,1,0,1,1,0,0,0,0,0,0.0,0.0,2,2.45049999999992,4.710999999999785,0,0.0,0.0,0.0,1.0,0.0,0,1,0,0,0,1,1,0,0,0.5,0.0,0.5,0.0,0.0,0.0,0.0,0.0,0.0,0.0,0.0,0.0,0.9591836734693877,0.0,0.9591836734693877,0.04081632653061224,0.2460225782203316,0.0,0.04362346065535908,1.0,0.9164000000000669,0.0,0.980199999999968,0.980199999999968,0.04179999999996653,0.021999999999934516,0.2504851135978623
EX_09-EE_b,EX_09,EE,EE_UND,UND,1,40.0,41.0,38.0,43.0,5.0,0.39819999999999994,0.547199999999998,0.0,0.9453999999999979,3,0.9820072253862917,0.17639999999999958,0.48519999999999897,0.10060000000000002,0.7621999999999985,4,1.2890252293494893,0.17639999999999958,0.17639999999999958,2,0.9954999999999998,1.0589999999999975,3,0.9119999999999967,2.050999999999995,0,0.0,0.0,0.6,0.009799999999999897,0.0,0,1,0,1,0,0,1,0,0,1,0.8819999999999979,0.8819999999999979,3,0.808666666666665,1.7389999999999972,2,0.25150000000000006,0.42199999999999704,0.8,0.028600000000000136,0.3456000000000003,0,1,0,0,0,0,1,1,0,0.3333333333333333,0.0,0.6666666666666666,0.0,0.0,0.0,0.25,0.0,0.0,0.25,0.25,0.25,0.3783783783783784,0.24324324324324326,0.6216216216216216,0.24324324324324326,1.9129328410558446,0.5824823725107174,0.7277046783625756,0.945399999999998,0.14899999999999808,0.3635614179719702,0.6615999999999985,0.3087999999999994,0.22180000000000036,0.061999999999999056,0.30701800396319756
EX_09-EE_b,EX_09,EE,EE_UND,UND,1,59.0,60.0,57.0,62.0,5.0,0.20699999999999932,0.6537999999999997,0.0,0.860799999999999,1,0.795827599652949,0.15420000000000017,0.739200000000001,0.0,0.8934000000000012,1,0.6636159316116866,0.14099999999999965,0.14099999999999965,3,0.34499999999999886,0.5959999999999965,1,3.2689999999999984,3.2689999999999984,0,0.0,0.0,0.2,0.0,0.34620000000000034,0,1,0,0,1,1,0,0,0,1,0.7710000000000008,0.7710000000000008,3,1.2320000000000018,2.2620000000000005,0,0.0,0.0,0.2,0.0,0.23419999999999988,0,1,0,1,0,0,1,0,0,1.0,0.0,0.0,0.0,0.0,0.0,1.0,0.0,0.0,0.0,0.0,0.0,0.8108108108108109,0.1891891891891892,1.0,0.0,0.6997722217733069,1.0,0.31661058427653627,0.860799999999999,0.4468000000000004,0.20860389610389607,0.8934000000000011,0.5850000000000009,0.05279999999999915,0.08540000000000125,0.1322116680412624
EX_09-EE_b,EX_09,EE,EE_UND,UND,1,87.0,88.0,85.0,90.0,5.0,0.9849999999999994,0.0,0.0,0.9849999999999994,0,-0.0,0.7087999999999965,0.0,0.060799999999997564,0.7695999999999941,2,0.39865315624252906,0.693799999999996,0.693799999999996,2,2.4624999999999986,2.4839999999999947,0,0.0,0.0,0,0.0,0.0,0.0,0.0,1.0,1,0,0,0,0,1,1,0,0,5,0.7087999999999965,1.0109999999999957,0,0.0,0.0,2,0.15199999999999392,0.21399999999999864,0.4,0.0,1.0,1,0,0,1,1,0,0,0,0,0.0,0.0,0.0,0.0,0.0,0.0,0.0,0.5,0.0,0.0,0.5,0.0,0.0,0.918918918918919,0.918918918918919,0.0,0.4059770384755711,0.0,49.24999999999997,0.9849999999999994,-0.9849999999999994,35.43999999999983,0.7087999999999965,-0.7087999999999965,0.2762000000000029,0.0,0.39865315624252906
EX_09-EE_b,EX_09,EE,EE_UND,PART_UND,0,89.0,90.0,87.0,92.0,5.0,0.8037999999999983,0.10060000000000002,0.0,0.9043999999999983,1,0.5036267930526627,0.4789999999999992,0.049600000000000935,0.1431999999999988,0.671799999999999,5,1.1008754463284167,0.38019999999999926,0.38019999999999926,3,1.3396666666666637,2.777000000000001,1,0.5030000000000001,0.5030000000000001,0,0.0,0.0,0.2,0.0,0.8994,1,0,0,0,1,1,0,0,0,3,0.798333333333332,0.9419999999999931,1,0.24800000000000466,0.24800000000000466,4,0.1789999999999985,0.26600000000000534,1.0,0.0032000000000010687,0.950399999999999,1,0,0,1,0,0,1,0,0,1.0,0.0,0.0,0.0,0.0,0.0,0.2,0.4,0.0,0.0,0.4,0.0,0.06896551724137931,0.6206896551724138,0.6896551724137931,0.06896551724137931,1.454183254425336,0.16397831834998464,7.990059642147099,0.9043999999999983,-0.7031999999999983,9.657258064515931,0.5286000000000002,-0.4293999999999983,0.3247999999999991,0.05099999999999909,0.597248653275754
EX_09-EE_b,EX_09,EE,EE_UND,PART_UND,0,113.0,114.0,111.0,116.0,5.0,0.5794000000000011,0.34699999999999986,0.0,0.926400000000001,2,0.9541152228274885,0.6621999999999986,0.1961999999999989,0.0,0.8583999999999975,2,0.7755009758356126,0.4828000000000003,0.4828000000000003,3,0.9656666666666686,1.855000000000004,1,1.7349999999999994,1.7349999999999994,0,0.0,0.0,0.4,0.0,0.2819999999999993,1,0,0,0,0,1,1,0,0,3,1.1036666666666644,1.9309999999999974,2,0.49049999999999727,0.6430000000000007,0,0.0,0.0,0.4,0.0,0.25420000000000015,1,0,0,1,1,0,0,0,0,0.5,0.0,0.5,0.0,0.0,0.0,0.5,0.0,0.5,0.0,0.0,0.0,0.20512820512820512,0.6153846153846154,0.8205128205128205,0.1794871794871795,1.34461800163889,0.6425754631219991,1.6697406340057677,0.926400000000001,-0.23240000000000127,3.375127420998992,0.8583999999999975,-0.46599999999999964,0.08279999999999743,0.15080000000000096,0.1786142469918759
EX_09-EE_b,EX_09,EE,EE_UND,NON_UND,0,123.0,124.0,121.0,126.0,5.0,0.3626000000000005,0.5629999999999995,0.0,0.9256,3,0.9659169980962695,0.6592000000000013,0.2566000000000003,0.0,0.9158000000000015,1,0.8557125394582268,0.33100000000000024,0.33100000000000024,2,0.9065000000000012,1.6550000000000011,2,1.4074999999999989,1.7800000000000011,0,0.0,0.0,0.6,0.26980000000000076,0.0,0,1,0,1,0,0,1,0,0,3,1.098666666666669,2.01100000000001,2,0.6415000000000006,0.7019999999999982,0,0.0,0.0,0.2,0.01560000000000059,0.7241999999999991,1,0,0,1,0,0,1,0,0,0.3333333333333333,0.0,0.6666666666666666,0.0,0.0,0.0,1.0,0.0,0.0,0.0,0.0,0.0,0.26666666666666666,0.37777777777777777,0.6444444444444445,0.35555555555555557,1.689413602017732,0.4203364037383536,0.6440497335701613,0.9256,0.20039999999999902,2.5689789555728786,0.9158000000000016,-0.40260000000000107,0.29660000000000086,0.30639999999999923,0.11020445863804273
EX_09-EE_b,EX_09,EE,EE_UND,PART_UND,0,149.0,150.0,147.0,152.0,5.0,0.7079999999999984,0.23100000000000023,0.0,0.9389999999999986,3,0.8048868236645621,0.6391999999999995,0.1812000000000012,0.07179999999999609,0.8921999999999969,2,1.1042985965883654,0.5209999999999979,0.5209999999999979,5,0.7079999999999984,1.5949999999999989,2,0.5775000000000006,0.7719999999999914,0,0.0,0.0,0.6,0.15439999999999826,0.0,1,0,0,1,0,0,1,0,0,2,1.597999999999999,1.6299999999999955,2,0.45300000000000296,0.5490000000000066,1,0.35899999999998045,0.35899999999998045,0.4,0.275,0.0,1,0,0,0,1,1,0,0,0,0.3333333333333333,0.0,0.6666666666666666,0.0,0.0,0.0,0.0,0.0,0.0,0.5,0.5,0.0,0.1590909090909091,0.6136363636363636,0.7727272727272727,0.13636363636363635,1.6859441865278226,0.4313979814072881,3.064935064935055,0.9389999999999986,-0.4769999999999982,3.5275938189845215,0.8204000000000007,-0.45799999999999835,0.06879999999999886,0.04979999999999904,0.2994117729238033
EX_09-EE_b,EX_09,EE,EE_UND,UND,1,188.0,189.0,186.0,191.0,5.0,0.642999999999995,0.29460000000000264,0.0,0.9375999999999977,1,0.8979695970267685,0.3478000000000009,0.24680000000000177,0.22940000000000396,0.8240000000000066,7,1.5597689336344929,0.3269999999999982,0.3269999999999982,3,1.0716666666666583,1.1970000000000027,1,1.4730000000000132,1.4730000000000132,0,0.0,0.0,0.2,0.0,0.7053999999999974,1,0,0,0,1,1,0,0,0,2,0.8695000000000022,1.2680000000000007,4,0.3085000000000022,0.5130000000000052,4,0.28675000000000495,0.4720000000000084,1.4,0.054599999999999226,0.0,1,0,0,0,0,1,1,0,0,1.0,0.0,0.0,0.0,0.0,0.0,0.0,0.2857142857142857,0.14285714285714285,0.14285714285714285,0.14285714285714285,0.2857142857142857,0.20512820512820512,0.4358974358974359,0.6410256410256411,0.07692307692307693,2.071013211626787,0.6215815605080611,2.1826205023760665,0.9375999999999977,-0.3483999999999924,1.409238249594807,0.5946000000000027,-0.10099999999999912,0.29519999999999413,0.04780000000000087,0.6617993366077244
EX_09-EE_b,EX_09,EE,EE_UND,PART_UND,0,218.0,219.0,216.0,221.0,5.0,0.7090000000000088,0.0,0.2407999999999902,0.9497999999999991,3,0.8168206689256062,0.6408000000000016,0.14619999999999891,0.0,0.7870000000000005,1,0.692535597630236,0.366800000000012,0.366800000000012,3,1.1816666666666815,1.7050000000000125,0,0.0,0.0,3,0.40133333333331694,0.5679999999999836,0.6,0.0,1.0,1,0,0,0,0,1,0,0,1,4,0.8010000000000019,2.040999999999997,1,0.7309999999999945,0.7309999999999945,0,0.0,0.0,0.2,0.28919999999999957,0.0,1,0,0,0,1,1,0,0,0,0.0,0.6666666666666666,0.0,0.0,0.3333333333333333,0.0,0.0,0.0,1.0,0.0,0.0,0.0,0.0,0.5128205128205128,0.5128205128205128,0.20512820512820512,1.4779070982787224,-0.3184061690345567,35.45000000000044,0.7090000000000088,-0.7090000000000088,4.383036935704558,0.7870000000000005,-0.4946000000000027,0.06820000000000725,0.14619999999999891,0.12428507129537025
EX_09-EE_b,EX_09,EE,EE_UND,UND,1,226.0,227.0,224.0,229.0,5.0,0.7418000000000007,0.17280000000000087,0.0,0.9146000000000015,4,0.6992383511712991,0.2656000000000006,0.21900000000000547,0.14619999999999891,0.6308000000000049,3,1.544181170651354,0.20240000000000008,0.20240000000000008,4,0.9272500000000008,2.6440000000000055,3,0.2880000000000014,0.3230000000000075,0,0.0,0.0,0.8,0.0,0.6942000000000007,1,0,0,0,0,1,1,0,0,2,0.6640000000000015,0.8940000000000055,3,0.3650000000000091,0.5740000000000123,3,0.24366666666666484,0.28300000000001546,0.6,0.2877999999999986,0.6425999999999987,1,0,0,0,1,0,0,1,0,0.5,0.0,0.5,0.0,0.0,0.0,0.3333333333333333,0.0,0.3333333333333333,0.0,0.3333333333333333,0.0,0.17857142857142858,0.35714285714285715,0.5357142857142857,0.21428571428571427,2.1473404264249734,0.16666666666666666,4.292824074074057,0.9146000000000015,-0.5689999999999998,1.2127853881278263,0.4846000000000061,-0.046599999999995145,0.47620000000000007,0.0462000000000046,0.8449428194800549
EX_09-EE_b,EX_09,EE,EE_UND,UND,1,247.0,248.0,245.0,250.0,5.0,0.548599999999999,0.3830000000000041,0.0,0.9316000000000031,4,0.9770851694705465,0.39599999999999796,0.09639999999999986,0.37280000000000085,0.8651999999999986,2,1.3921791683315987,0.20439999999999828,0.20439999999999828,2,1.3714999999999975,1.877999999999986,3,0.6383333333333402,0.9579999999999984,0,0.0,0.0,0.8,0.10980000000000131,0.0,1,0,0,1,1,0,0,0,0,1,1.9799999999999898,1.9799999999999898,1,0.4819999999999993,0.4819999999999993,2,0.9320000000000022,1.8019999999999925,0.4,0.4136000000000024,0.8896000000000015,1,0,0,0,0,0,1,1,0,0.5,0.0,0.5,0.0,0.0,0.0,0.5,0.0,0.0,0.0,0.5,0.0,0.11627906976744186,0.2558139534883721,0.37209302325581395,0.20930232558139536,2.1821791221152527,-0.05934424260562081,1.4323759791122535,0.9316000000000031,-0.16559999999999486,4.10788381742737,0.49239999999999784,-0.2995999999999981,0.152600000000001,0.28660000000000424,0.41509399886105225
EX_09-EE_b,EX_09,EE,EE_UND,UND,1,272.0,273.0,270.0,275.0,5.0,0.3357999999999947,0.6118000000000052,0.0,0.9475999999999999,1,0.9379094751448667,0.47240000000000465,0.4545999999999822,0.0,0.9269999999999868,1,0.9997340182919531,0.0,0.0,1,1.6789999999999736,1.6789999999999736,1,3.059000000000026,3.059000000000026,0,0.0,0.0,0.2,0.0,0.3881999999999948,0,1,0,0,1,1,0,0,0,2,1.1810000000000116,1.245999999999981,3,0.757666666666637,1.2449999999999477,0,0.0,0.0,0.2,0.5039999999999963,0.0,1,0,0,0,1,1,0,0,0,1.0,0.0,0.0,0.0,0.0,0.0,0.0,0.0,1.0,0.0,0.0,0.0,0.11363636363636363,0.0,0.11363636363636363,0.8863636363636364,1.376441494461204,-0.7911070345636262,0.5488721804511145,0.9476,0.2760000000000105,1.0391553013638872,0.9269999999999868,-0.017800000000022465,0.13660000000000994,0.15720000000002304,0.06182454314708641
EX_09-EE_b,EX_09,EE,EE_UND,UND,1,291.0,292.0,289.0,294.0,5.0,0.6001999999999953,0.28840000000000143,0.0,0.8885999999999967,3,0.9092667500694871,0.20360000000000583,0.6258000000000038,0.0,0.8294000000000097,3,0.8040330033055578,0.06839999999999691,0.06839999999999691,3,1.0003333333333255,1.8829999999999814,2,0.7210000000000036,0.882000000000005,0,0.0,0.0,0.6,0.0,0.2580000000000041,1,0,0,0,1,1,0,0,0,2,0.5090000000000146,0.9420000000000073,4,0.7822500000000048,1.813000000000045,0,0.0,0.0,0.6,0.34039999999999965,0.014800000000002455,0,1,0,0,1,1,0,0,0,0.6666666666666666,0.0,0.3333333333333333,0.0,0.0,0.0,0.3333333333333333,0.0,0.6666666666666666,0.0,0.0,0.0,0.22857142857142856,0.08571428571428572,0.3142857142857143,0.6857142857142857,1.6094701769475175,-0.2407717061715384,2.0811373092926226,0.8885999999999967,-0.31179999999999386,0.32534356024289646,0.8294000000000097,0.42219999999999797,0.39659999999998946,0.33740000000000236,0.10523374676392927
EX_09-EE_b,EX_09,EE,EE_UND,MISUND,0,317.0,318.0,315.0,320.0,5.0,0.4186000000000035,0.5614000000000032,0.0,0.9800000000000069,3,0.98462921241282,0.41440000000000055,0.43880000000000335,0.09500000000000455,0.9482000000000085,4,1.3688763047798014,0.12860000000000582,0.12860000000000582,2,1.0465000000000089,1.4499999999999886,2,1.4035000000000082,2.511000000000024,0,0.0,0.0,0.6,0.522199999999998,0.0,0,1,0,1,0,0,1,0,0,2,1.0360000000000014,1.117999999999995,2,1.0970000000000084,1.3670000000000186,1,0.47500000000002274,0.47500000000002274,0.8,0.09500000000000455,0.33640000000000325,0,1,0,0,0,0,1,1,0,0.3333333333333333,0.0,0.6666666666666666,0.0,0.0,0.0,0.5,0.0,0.25,0.0,0.25,0.0,0.19148936170212766,0.1276595744680851,0.3191489361702128,0.574468085106383,2.2129414955843347,-0.18284091232618835,0.7456359102244409,0.9800000000000068,0.1427999999999997,0.9443938012762019,0.853200000000004,0.02440000000000281,0.004200000000002979,0.12259999999999988,0.3842470923669814
EX_09-EE_b,EX_09,EE,EE_UND,MISUND,0,346.0,347.0,344.0,349.0,5.0,0.5135999999999967,0.42580000000000384,0.0,0.9394000000000006,4,0.9936894601017298,0.49940000000001417,0.22100000000000364,0.0,0.7204000000000178,4,0.8894144488377518,0.28500000000000225,0.28500000000000225,3,0.8559999999999945,1.6100000000000136,3,0.709666666666673,1.0509999999999877,0,0.0,0.0,0.8,0.22939999999999827,0.0,1,0,0,1,1,0,0,0,0,3,0.832333333333357,1.5830000000000268,3,0.3683333333333394,0.6490000000000009,0,0.0,0.0,0.8,0.012599999999997636,0.08840000000000145,1,0,0,1,1,0,0,0,0,0.5,0.0,0.5,0.0,0.0,0.0,0.5,0.0,0.5,0.0,0.0,0.0,0.22857142857142856,0.4,0.6285714285714286,0.37142857142857144,1.8356505209494363,0.2885035594625118,1.2062000939407986,0.9394000000000006,-0.08779999999999288,2.2597285067873574,0.7204000000000178,-0.27840000000001053,0.01419999999998256,0.2048000000000002,0.10427501126397798
EX_09-EE_b,EX_09,EE,EE_UND,PART_UND,0,378.0,379.0,376.0,381.0,5.0,0.48019999999999075,0.4662000000000148,0.0,0.9464000000000056,3,0.9998421418561421,0.4652000000000044,0.2213999999999828,0.0,0.6865999999999872,4,0.9070349659263932,0.21459999999999582,0.21459999999999582,2,1.2004999999999768,1.683999999999969,2,1.165500000000037,2.0510000000000446,0,0.0,0.0,0.6,0.0,0.14339999999999692,1,0,0,0,1,1,0,0,0,4,0.5815000000000055,0.6909999999999741,3,0.36899999999997135,0.5129999999999768,0,0.0,0.0,0.8,0.0,0.40960000000000035,1,0,0,1,1,0,0,0,0,0.6666666666666666,0.0,0.3333333333333333,0.0,0.0,0.0,0.5,0.0,0.5,0.0,0.0,0.0,0.2727272727272727,0.3333333333333333,0.6060606060606061,0.3939393939393939,1.8129753126008368,0.3069703067574602,1.0300300300299774,0.9464000000000056,-0.01399999999997592,2.1011743450769673,0.6865999999999872,-0.24380000000002158,0.014999999999986358,0.24480000000003202,0.09280717592974885
EX_09-EE_b,EX_09,EE,EE_UND,UND,1,386.0,387.0,384.0,389.0,5.0,0.5279999999999972,0.4548000000000002,0.0,0.9827999999999975,1,0.9959946667720296,0.7413999999999987,0.21019999999999756,0.0,0.9515999999999962,1,0.7617913465167961,0.5141999999999939,0.5141999999999939,1,2.6399999999999864,2.6399999999999864,1,2.274000000000001,2.274000000000001,0,0.0,0.0,0.2,0.47200000000000275,0.0,1,0,0,1,0,0,1,0,0,3,1.2356666666666645,2.548000000000002,1,1.0509999999999877,1.0509999999999877,0,0.0,0.0,0.2,0.23039999999999736,0.0,1,0,0,0,1,1,0,0,0,0.0,0.0,1.0,0.0,0.0,0.0,0.0,0.0,1.0,0.0,0.0,0.0,0.2391304347826087,0.5434782608695652,0.782608695652174,0.21739130434782608,1.4503134017471866,0.6116777418411967,1.1609498680738721,0.9827999999999975,-0.07319999999999705,3.527117031398703,0.9515999999999962,-0.5312000000000012,0.21340000000000148,0.24460000000000265,0.2342033202552335
EX_09-EE_b,EX_09,EE,EE_UND,UND,1,423.0,424.0,421.0,426.0,5.0,0.4067999999999984,0.533199999999988,0.0,0.9399999999999864,1,0.9869172410239899,0.0,0.8675999999999817,0.0,0.8675999999999817,0,-0.0,0.0,0.0,2,1.016999999999996,1.0439999999999827,3,0.8886666666666466,1.4799999999999613,0,0.0,0.0,0.2,0.0,0.422199999999998,0,1,0,0,1,1,0,0,0,0,0.0,0.0,5,0.8675999999999817,2.055999999999983,0,0.0,0.0,0.0,1.0,0.0,0,1,0,0,0,1,1,0,0,1.0,0.0,0.0,0.0,0.0,0.0,0.0,0.0,0.0,0.0,0.0,0.0,0.5641025641025641,0.0,0.5641025641025641,0.4358974358974359,0.9881108365218301,0.0,0.7629407351838101,0.9399999999999864,0.12639999999998963,0.0,0.8675999999999817,0.8675999999999817,0.4067999999999984,0.3343999999999937,0.9869172410239899
EX_09-EE_b,EX_09,EE,EE_UND,MISUND,0,440.0,441.0,438.0,443.0,5.0,0.7575999999999908,0.16100000000001274,0.0,0.9186000000000035,3,0.6696121209836916,0.9889999999999987,0.0,0.0,0.9889999999999987,0,-0.0,0.7465999999999895,0.7465999999999895,3,1.2626666666666513,1.436999999999955,2,0.40250000000003183,0.4630000000000223,0,0.0,0.0,0.6,0.0,0.5515999999999963,1,0,0,0,1,1,0,0,0,2,2.4724999999999966,3.4180000000000064,0,0.0,0.0,0,0.0,0.0,0.0,0.0,1.0,1,0,0,1,1,0,0,0,0,0.6666666666666666,0.0,0.3333333333333333,0.0,0.0,0.0,0.0,0.0,0.0,0.0,0.0,0.0,0.0,0.8478260869565217,0.8478260869565217,0.15217391304347827,0.6152538910563409,0.0,4.705590062111372,0.9186000000000036,-0.596599999999978,49.44999999999993,0.9889999999999987,-0.9889999999999987,0.23140000000000782,0.16100000000001274,0.6696121209836916
EX_09-EE_b,EX_09,EE,EE_UND,NON_UND,0,498.0,499.0,496.0,501.0,5.0,0.6651999999999816,0.12280000000000654,0.161200000000008,0.9491999999999962,4,1.1755514097021413,0.6488000000000056,0.0,0.17739999999998873,0.8261999999999944,3,0.7504047369824889,0.45979999999999566,0.45979999999999566,3,1.108666666666636,1.3759999999999764,1,0.6140000000000327,0.6140000000000327,1,0.80600000000004,0.80600000000004,0.8,0.0,0.7135999999999967,1,0,0,0,0,1,1,0,0,2,1.622000000000014,2.504000000000019,0,0.0,0.0,3,0.29566666666664787,0.6019999999999754,0.6,0.0,1.0,1,0,0,1,0,0,0,0,1,0.25,0.25,0.25,0.0,0.25,0.0,0.0,0.6666666666666666,0.0,0.0,0.3333333333333333,0.0,0.0,0.5897435897435898,0.5897435897435898,0.0,1.5826726556337465,0.3143092785468561,5.416938110748747,0.7879999999999882,-0.542399999999975,32.44000000000028,0.6488000000000056,-0.6488000000000056,0.01639999999997599,0.12280000000000654,0.42514667271965245
EX_09-EE_b,EX_09,EE,EE_UND,UND,1,522.0,523.0,520.0,525.0,5.0,0.6048000000000002,0.333199999999988,0.0,0.9379999999999882,4,0.9386470934019799,0.95,0.0,0.0,0.95,0,-0.0,0.5889999999999873,0.5889999999999873,4,0.7560000000000002,1.1169999999999618,2,0.83299999999997,1.0059999999999718,0,0.0,0.0,0.8,0.0,0.4726000000000113,1,0,0,0,0,1,1,0,0,4,1.1875,2.25,0,0.0,0.0,0,0.0,0.0,0.0,0.0,1.0,1,0,0,1,1,0,0,0,0,0.5,0.0,0.5,0.0,0.0,0.0,0.0,0.0,0.0,0.0,0.0,0.0,0.0,0.6444444444444445,0.6444444444444445,0.35555555555555557,0.9389320105807948,0.0,1.815126050420234,0.9379999999999882,-0.2716000000000122,47.5,0.95,-0.95,0.34519999999999973,0.333199999999988,0.9386470934019799
EX_09-EE_b,EX_09,EE,EE_UND,MISUND,0,528.0,529.0,526.0,531.0,5.0,0.9791999999999916,0.0,0.0,0.9791999999999916,0,-0.0,0.37119999999997616,0.2529999999999745,0.05199999999999818,0.6761999999999488,5,1.2902398405665583,0.37119999999997616,0.37119999999997616,2,2.447999999999979,3.5109999999999673,0,0.0,0.0,0,0.0,0.0,0.0,0.0,1.0,1,0,0,0,0,1,1,0,0,4,0.4639999999999702,0.7309999999999945,4,0.31624999999996817,0.6859999999999218,1,0.2599999999999909,0.2599999999999909,1.0,0.0,0.27760000000000673,1,0,0,1,1,0,0,0,0,0.0,0.0,0.0,0.0,0.0,0.0,0.2,0.2,0.4,0.0,0.0,0.2,0.0,0.5714285714285714,0.5714285714285714,0.37142857142857144,1.2280179245569252,0.0,48.95999999999958,0.9791999999999916,-0.9791999999999916,1.4671936758893815,0.6241999999999507,-0.11820000000000164,0.6080000000000154,0.2529999999999745,1.2902398405665583
EX_09-EE_b,EX_09,EE,EE_UND,NON_UND,0,559.0,560.0,557.0,562.0,5.0,0.7187999999999874,0.22600000000002182,0.0,0.9448000000000093,4,0.793714158959721,0.5546000000000049,0.03440000000000509,0.3035999999999831,0.8925999999999931,3,1.1368120007584943,0.3842000000000098,0.3842000000000098,2,1.7969999999999686,2.1259999999999764,3,0.37666666666670306,0.7010000000000218,0,0.0,0.0,0.8,0.03240000000000691,0.0,1,0,0,1,1,0,0,0,0,1,2.7730000000000246,2.7730000000000246,1,0.17200000000002547,0.17200000000002547,3,0.5059999999999718,0.83299999999997,0.6,0.166599999999994,0.9655999999999949,1,0,0,0,0,0,1,1,0,0.5,0.0,0.5,0.0,0.0,0.0,0.0,0.3333333333333333,0.0,0.0,0.3333333333333333,0.3333333333333333,0.022727272727272728,0.45454545454545453,0.4772727272727273,0.1590909090909091,1.8469168415884758,-0.026948402781814814,3.180530973450965,0.9448000000000093,-0.4927999999999656,16.12209302325357,0.58900000000001,-0.5201999999999998,0.16419999999998258,0.19160000000001673,0.34309784179877334
EX_09-EE_b,EX_09,EE,EE_UND,UND,1,615.0,616.0,613.0,618.0,5.0,0.8521999999999934,0.14780000000000654,0.0,1.0,1,0.6043073099555865,0.4608000000000175,0.2009999999999991,0.08699999999998909,0.7488000000000057,4,1.3011683973905457,0.4608000000000175,0.4608000000000175,1,4.260999999999967,4.260999999999967,1,0.7390000000000327,0.7390000000000327,0,0.0,0.0,0.2,0.0,0.8521999999999934,1,0,0,0,1,1,0,0,0,3,0.7680000000000291,1.1160000000000991,2,0.5024999999999977,0.8020000000000209,2,0.21749999999997272,0.25,0.8,0.0,0.16559999999999492,1,0,0,1,0,0,1,0,0,1.0,0.0,0.0,0.0,0.0,0.0,0.25,0.25,0.25,0.0,0.0,0.25,0.1891891891891892,0.6216216216216216,0.8108108108108109,0.08108108108108109,1.521661556280896,0.6191391873668903,5.765899864681703,1.0,-0.7043999999999868,2.292537313432933,0.6618000000000166,-0.25980000000001835,0.39139999999997593,0.05319999999999256,0.6968610874349592
EX_09-EE_b,EX_09,EE,EE_UND,UND,1,687.0,688.0,685.0,690.0,5.0,0.0,0.9812000000000125,0.0,0.9812000000000125,0,-0.0,0.0,1.0,0.0,1.0,0,-0.0,0.0,0.0,0,0.0,0.0,2,2.4530000000000314,4.7970000000000255,0,0.0,0.0,0.0,1.0,0.0,0,1,0,1,1,0,0,0,0,0,0.0,0.0,1,5.0,5.0,0,0.0,0.0,0.0,1.0,0.0,0,1,0,0,0,1,1,0,0,0.0,0.0,0.0,0.0,0.0,0.0,0.0,0.0,0.0,0.0,0.0,0.0,1.0,0.0,1.0,0.0,-0.0,0.0,0.0,0.9812000000000125,0.9812000000000125,0.0,1.0,1.0,0.0,0.018799999999987493,0.0
EX_09-EE_b,EX_09,EE,EE_UND,NON_UND,0,695.0,696.0,693.0,698.0,5.0,0.0,1.0,0.0,1.0,0,-0.0,0.0,1.0,0.0,1.0,0,-0.0,0.0,0.0,0,0.0,0.0,1,5.0,5.0,0,0.0,0.0,0.0,1.0,0.0,0,1,0,1,1,0,0,0,0,0,0.0,0.0,1,5.0,5.0,0,0.0,0.0,0.0,1.0,0.0,0,1,0,0,0,1,1,0,0,0.0,0.0,0.0,0.0,0.0,0.0,0.0,0.0,0.0,0.0,0.0,0.0,1.0,0.0,1.0,0.0,-0.0,0.0,0.0,1.0,1.0,0.0,1.0,1.0,0.0,0.0,0.0
EX_09-EE_b,EX_09,EE,EE_UND,NON_UND,0,729.0,730.0,727.0,732.0,5.0,0.0,1.0,0.0,1.0,0,-0.0,0.0,0.9836000000000013,0.0,0.9836000000000013,0,-0.0,0.0,0.0,0,0.0,0.0,1,5.0,5.0,0,0.0,0.0,0.0,1.0,0.0,0,1,0,1,1,0,0,0,0,0,0.0,0.0,2,2.459000000000003,4.20799999999997,0,0.0,0.0,0.0,1.0,0.0,0,1,0,0,0,1,1,0,0,0.0,0.0,0.0,0.0,0.0,0.0,0.0,0.0,0.0,0.0,0.0,0.0,1.0,0.0,1.0,0.0,-0.0,0.0,0.0,1.0,1.0,0.0,0.9836000000000013,0.9836000000000013,0.0,0.01639999999999875,0.0
EX_09-EE_b,EX_09,EE,EE_UND,NON_UND,0,734.0,735.0,732.0,737.0,5.0,0.0,1.0,0.0,1.0,0,-0.0,0.0,1.0,0.0,1.0,0,-0.0,0.0,0.0,0,0.0,0.0,1,5.0,5.0,0,0.0,0.0,0.0,1.0,0.0,0,1,0,1,1,0,0,0,0,0,0.0,0.0,1,5.0,5.0,0,0.0,0.0,0.0,1.0,0.0,0,1,0,0,0,1,1,0,0,0.0,0.0,0.0,0.0,0.0,0.0,0.0,0.0,0.0,0.0,0.0,0.0,1.0,0.0,1.0,0.0,-0.0,0.0,0.0,1.0,1.0,0.0,1.0,1.0,0.0,0.0,0.0
EX_09-EE_b,EX_09,EE,EE_UND,UND,1,818.0,819.0,816.0,821.0,5.0,0.10599999999999454,0.8288000000000011,0.0,0.9347999999999956,1,0.5100669063776155,0.033600000000001275,0.7404000000000224,0.0,0.7740000000000237,1,0.2577179877481314,0.0,0.0,1,0.5299999999999727,0.5299999999999727,1,4.1440000000000055,4.1440000000000055,0,0.0,0.0,0.2,0.06520000000000437,0.1711999999999989,0,1,0,0,1,1,0,0,0,1,0.16800000000000637,0.16800000000000637,5,0.7404000000000224,1.1079999999999472,0,0.0,0.0,0.2,0.0,0.191599999999994,0,1,0,1,0,0,1,0,0,1.0,0.0,0.0,0.0,0.0,0.0,1.0,0.0,0.0,0.0,0.0,0.0,1.0,0.0,1.0,0.0,-0.0,0.0,0.12789575289574615,0.9347999999999956,0.7228000000000065,0.04538087520259354,0.7740000000000237,0.7068000000000211,0.07239999999999328,0.08839999999997872,0.2523489186294841
EX_09-EE_b,EX_09,EE,EE_UND,UND,1,819.0,823.0,817.0,825.0,8.0,0.0,1.0,0.0,1.0,0,-0.0,0.0,0.9387500000000131,0.0,0.9387500000000131,0,-0.0,0.0,0.0,0,0.0,0.0,1,8.0,8.0,0,0.0,0.0,0.0,1.0,0.0,0,1,0,1,1,0,0,0,0,0,0.0,0.0,6,1.251666666666684,3.3090000000000828,0,0.0,0.0,0.0,1.0,0.0,0,1,0,0,0,1,1,0,0,0.0,0.0,0.0,0.0,0.0,0.0,0.0,0.0,0.0,0.0,0.0,0.0,1.0,0.0,1.0,0.0,-0.0,0.0,0.0,1.0,1.0,0.0,0.9387500000000131,0.9387500000000131,0.0,0.061249999999986926,0.0
EX_09-EE_b,EX_09,EE,EE_UND,UND,1,823.0,824.0,821.0,826.0,5.0,0.15399999999999636,0.8460000000000036,0.0,1.0,1,0.6197604376555857,0.0,0.9700000000000045,0.0,0.9700000000000045,0,-0.0,0.0,0.0,1,0.7699999999999818,0.7699999999999818,1,4.230000000000018,4.230000000000018,0,0.0,0.0,0.2,0.8460000000000036,0.0,0,1,0,1,0,0,1,0,0,0,0.0,0.0,2,2.4250000000000114,2.5170000000000528,0,0.0,0.0,0.0,1.0,0.0,0,1,0,0,0,1,1,0,0,0.0,0.0,1.0,0.0,0.0,0.0,0.0,0.0,0.0,0.0,0.0,0.0,0.8571428571428571,0.0,0.8571428571428571,0.14285714285714285,0.5916727785823275,0.0,0.18203309692670885,1.0,0.6920000000000073,0.0,0.9700000000000045,0.9700000000000045,0.15399999999999636,0.12400000000000089,0.6197604376555857
EX_09-EE_b,EX_09,EE,EE_UND,UND,1,830.0,831.0,828.0,833.0,5.0,0.4708000000000084,0.4882000000000062,0.0,0.9590000000000145,3,0.999762518569457,0.05119999999999436,0.9077999999999747,0.0,0.9589999999999691,1,0.30062215509523654,0.033600000000001275,0.033600000000001275,2,1.177000000000021,1.32000000000005,2,1.2205000000000155,2.1230000000000473,0,0.0,0.0,0.6,0.017599999999993086,0.28160000000000307,0,1,0,0,1,1,0,0,0,1,0.2559999999999718,0.2559999999999718,3,1.512999999999958,3.0249999999999773,0,0.0,0.0,0.2,0.0,0.06340000000000146,0,1,0,1,0,0,1,0,0,0.6666666666666666,0.0,0.3333333333333333,0.0,0.0,0.0,1.0,0.0,0.0,0.0,0.0,0.0,0.5,0.043478260869565216,0.5434782608695652,0.45652173913043476,1.2131143284990724,0.21320071635561044,0.9643588693158591,0.9590000000000145,0.017399999999997806,0.05640008812513305,0.9589999999999691,0.8565999999999804,0.419600000000014,0.41959999999996855,0.6991403634742204
EX_09-EE_b,EX_09,EE,EE_UND,PART_UND,0,865.0,866.0,863.0,868.0,5.0,0.0,1.0,0.0,1.0,0,-0.0,0.0,0.961400000000026,0.0,0.961400000000026,0,-0.0,0.0,0.0,0,0.0,0.0,1,5.0,5.0,0,0.0,0.0,0.0,1.0,0.0,0,1,0,1,1,0,0,0,0,0,0.0,0.0,3,1.6023333333333767,3.0020000000000664,0,0.0,0.0,0.0,1.0,0.0,0,1,0,0,0,1,1,0,0,0.0,0.0,0.0,0.0,0.0,0.0,0.0,0.0,0.0,0.0,0.0,0.0,1.0,0.0,1.0,0.0,-0.0,0.0,0.0,1.0,1.0,0.0,0.961400000000026,0.961400000000026,0.0,0.03859999999997399,0.0
EX_09-EE_b,EX_09,EE,EE_UND,NON_UND,0,907.0,908.0,905.0,910.0,5.0,0.24279999999998836,0.7572000000000116,0.0,1.0,3,0.7996656580837052,0.18540000000000417,0.7728000000000066,0.0,0.9582000000000107,1,0.7087108925683576,0.07139999999999418,0.07139999999999418,2,0.6069999999999709,0.8569999999999709,2,1.893000000000029,2.4080000000000155,0,0.0,0.0,0.6,0.0,0.07139999999999418,0,1,0,0,1,1,0,0,0,1,0.9270000000000209,0.9270000000000209,2,1.9320000000000164,3.018000000000029,0,0.0,0.0,0.2,0.0,0.20239999999998873,0,1,0,1,0,0,1,0,0,0.6666666666666666,0.0,0.3333333333333333,0.0,0.0,0.0,1.0,0.0,0.0,0.0,0.0,0.0,0.6458333333333334,0.08333333333333333,0.7291666666666666,0.2708333333333333,1.4861844782060876,0.20850902114072795,0.3206550449022512,1.0,0.5144000000000233,0.23990683229814,0.9582000000000108,0.5874000000000024,0.057399999999984186,0.015599999999994951,0.09095476551534754
EX_09-EE_b,EX_09,EE,EE_UND,UND,1,924.0,925.0,922.0,927.0,5.0,0.0,1.0,0.0,1.0,0,-0.0,0.0,0.9849999999999909,0.0,0.9849999999999909,0,-0.0,0.0,0.0,0,0.0,0.0,1,5.0,5.0,0,0.0,0.0,0.0,1.0,0.0,0,1,0,1,1,0,0,0,0,0,0.0,0.0,2,2.4624999999999773,4.697000000000003,0,0.0,0.0,0.0,1.0,0.0,0,1,0,0,0,1,1,0,0,0.0,0.0,0.0,0.0,0.0,0.0,0.0,0.0,0.0,0.0,0.0,0.0,1.0,0.0,1.0,0.0,-0.0,0.0,0.0,1.0,1.0,0.0,0.9849999999999909,0.9849999999999909,0.0,0.015000000000009117,0.0
EX_09-EE_b,EX_09,EE,EE_UND,NON_UND,0,982.0,983.0,980.0,985.0,5.0,0.661200000000008,0.3175999999999931,0.0,0.9788000000000011,4,0.9091858135858374,0.0,0.9718000000000074,0.0,0.9718000000000074,0,-0.0,0.0,0.0,3,1.1020000000000134,2.379000000000019,2,0.7939999999999827,0.7999999999999545,0,0.0,0.0,0.8,0.0,0.47580000000000383,1,0,0,0,0,1,1,0,0,0,0.0,0.0,2,2.4295000000000186,3.6140000000000327,0,0.0,0.0,0.0,1.0,0.012200000000007094,0,1,0,0,0,1,1,0,0,0.5,0.0,0.5,0.0,0.0,0.0,0.0,0.0,0.0,0.0,0.0,0.0,0.3333333333333333,0.0,0.3333333333333333,0.6666666666666666,0.9182958340544896,0.0,2.081863979848937,0.9788000000000011,-0.3436000000000149,0.0,0.9718000000000074,0.9718000000000074,0.661200000000008,0.6542000000000143,0.9091858135858374
EX_09-EE_b,EX_09,EE,EE_UND,UND,1,1082.0,1083.0,1080.0,1085.0,5.0,0.7186000000000149,0.2813999999999851,0.0,1.0,3,0.8573514026911138,0.0,0.9675999999999476,0.0,0.9675999999999476,0,-0.0,0.0,0.0,2,1.7965000000000373,2.132000000000062,2,0.7034999999999627,1.0109999999999673,0,0.0,0.0,0.6,0.0,0.4264000000000124,1,0,0,0,1,1,0,0,0,0,0.0,0.0,3,1.6126666666665794,1.9309999999998126,0,0.0,0.0,0.0,1.0,0.0,0,1,0,0,0,1,1,0,0,0.6666666666666666,0.0,0.3333333333333333,0.0,0.0,0.0,0.0,0.0,0.0,0.0,0.0,0.0,0.2916666666666667,0.0,0.2916666666666667,0.7083333333333334,0.8708644692353644,0.0,2.553660270078369,1.0,-0.4372000000000298,0.0,0.9675999999999476,0.9675999999999476,0.7186000000000149,0.6861999999999625,0.8573514026911138
EX_09-EE_b,EX_09,EE,EE_UND,UND,1,1155.0,1156.0,1153.0,1158.0,5.0,0.0,0.980600000000004,0.0,0.980600000000004,0,-0.0,0.0,0.972400000000016,0.0,0.972400000000016,0,-0.0,0.0,0.0,0,0.0,0.0,2,2.45150000000001,3.4220000000000255,0,0.0,0.0,0.0,1.0,0.0,0,1,0,1,1,0,0,0,0,0,0.0,0.0,3,1.6206666666666933,2.5960000000000036,0,0.0,0.0,0.0,1.0,0.0,0,1,0,0,0,1,1,0,0,0.0,0.0,0.0,0.0,0.0,0.0,0.0,0.0,0.0,0.0,0.0,0.0,1.0,0.0,1.0,0.0,-0.0,0.0,0.0,0.980600000000004,0.980600000000004,0.0,0.972400000000016,0.972400000000016,0.0,0.008199999999987995,0.0
EX_09-EE_b,EX_09,EE,EE_UND,UND,1,1204.0,1205.0,1202.0,1207.0,5.0,0.0,1.0,0.0,1.0,0,-0.0,0.0,1.0,0.0,1.0,0,-0.0,0.0,0.0,0,0.0,0.0,1,5.0,5.0,0,0.0,0.0,0.0,1.0,0.0,0,1,0,1,1,0,0,0,0,0,0.0,0.0,1,5.0,5.0,0,0.0,0.0,0.0,1.0,0.0,0,1,0,0,0,1,1,0,0,0.0,0.0,0.0,0.0,0.0,0.0,0.0,0.0,0.0,0.0,0.0,0.0,1.0,0.0,1.0,0.0,-0.0,0.0,0.0,1.0,1.0,0.0,1.0,1.0,0.0,0.0,0.0
EX_09-EE_b,EX_09,EE,EE_UND,NON_UND,0,1289.0,1290.0,1287.0,1292.0,5.0,0.18339999999998327,0.7498000000000047,0.0,0.933199999999988,2,0.7149296619784422,0.0,0.9572000000000116,0.0,0.9572000000000116,0,-0.0,0.0,0.0,1,0.9169999999999163,0.9169999999999163,3,1.2496666666666745,3.185999999999922,0,0.0,0.0,0.4,0.7751999999999952,0.0,0,1,0,1,1,0,0,0,0,0,0.0,0.0,3,1.5953333333333528,3.1400000000001,0,0.0,0.0,0.0,1.0,0.0,0,1,0,0,0,1,1,0,0,0.5,0.0,0.5,0.0,0.0,0.0,0.0,0.0,0.0,0.0,0.0,0.0,0.8222222222222222,0.0,0.8222222222222222,0.17777777777777778,0.6751914401458716,0.0,0.24459855961587373,0.9331999999999879,0.5664000000000214,0.0,0.9572000000000116,0.9572000000000116,0.18339999999998327,0.2074000000000069,0.7149296619784422
EX_09-EE_b,EX_09,EE,EE_UND,UND,1,1312.0,1313.0,1310.0,1315.0,5.0,0.0,1.0,0.0,1.0,0,-0.0,0.0,0.9688000000000102,0.0,0.9688000000000102,0,-0.0,0.0,0.0,0,0.0,0.0,1,5.0,5.0,0,0.0,0.0,0.0,1.0,0.0,0,1,0,1,1,0,0,0,0,0,0.0,0.0,3,1.6146666666666836,4.2999999999999545,0,0.0,0.0,0.0,1.0,0.0,0,1,0,0,0,1,1,0,0,0.0,0.0,0.0,0.0,0.0,0.0,0.0,0.0,0.0,0.0,0.0,0.0,1.0,0.0,1.0,0.0,-0.0,0.0,0.0,1.0,1.0,0.0,0.9688000000000102,0.9688000000000102,0.0,0.03119999999998979,0.0
EX_09-EE_b,EX_09,EE,EE_UND,UND,1,1376.0,1377.0,1374.0,1379.0,5.0,0.14420000000000072,0.8557999999999992,0.0,1.0,2,0.5951334184999426,0.0,1.0,0.0,1.0,0,-0.0,0.0,0.0,1,0.7210000000000036,0.7210000000000036,2,2.139499999999998,2.224999999999909,0,0.0,0.0,0.4,0.4449999999999818,0.0,0,1,0,1,1,0,0,0,0,0,0.0,0.0,1,5.0,5.0,0,0.0,0.0,0.0,1.0,0.0,0,1,0,0,0,1,1,0,0,0.5,0.0,0.5,0.0,0.0,0.0,0.0,0.0,0.0,0.0,0.0,0.0,0.86,0.0,0.86,0.14,0.584238811642856,0.0,0.16849731245618235,1.0,0.7115999999999985,0.0,1.0,1.0,0.14420000000000072,0.14420000000000077,0.5951334184999426
EX_09-EE_b,EX_09,EE,EE_UND,UND,1,1607.0,1608.0,1605.0,1610.0,5.0,0.0,1.0,0.0,1.0,0,-0.0,0.0,0.9452000000000226,0.0,0.9452000000000226,0,-0.0,0.0,0.0,0,0.0,0.0,1,5.0,5.0,0,0.0,0.0,0.0,1.0,0.0,0,1,0,1,1,0,0,0,0,0,0.0,0.0,4,1.1815000000000282,2.43100000000004,0,0.0,0.0,0.0,1.0,0.0,0,1,0,0,0,1,1,0,0,0.0,0.0,0.0,0.0,0.0,0.0,0.0,0.0,0.0,0.0,0.0,0.0,1.0,0.0,1.0,0.0,-0.0,0.0,0.0,1.0,1.0,0.0,0.9452000000000226,0.9452000000000226,0.0,0.05479999999997742,0.0
EX_09-EE_b,EX_09,EX,EX_UND,UND,1,45.0,46.0,43.0,48.0,5.0,0.4822000000000003,0.4878,0.0,0.9700000000000003,1,0.9999759575046188,0.20519999999999924,0.5724000000000018,0.14180000000000065,0.9194000000000017,3,1.3244798599776955,0.1,0.1,1,2.4110000000000014,2.4110000000000014,1,2.439,2.439,0,0.0,0.0,0.2,0.0,0.5122,0,1,0,0,1,1,0,0,0,1,1.0259999999999962,1.0259999999999962,4,0.7155000000000022,1.328000000000003,1,0.7090000000000032,0.7090000000000032,0.6,0.38220000000000026,0.0,0,1,0,0,0,1,1,0,0,1.0,0.0,0.0,0.0,0.0,0.0,0.3333333333333333,0.0,0.0,0.3333333333333333,0.3333333333333333,0.0,0.4090909090909091,0.11363636363636363,0.5227272727272727,0.3181818181818182,2.106271257190132,0.0563436169819011,0.9885198851988526,0.9700000000000003,0.005599999999999716,0.3584905660377334,0.7776000000000011,0.3672000000000025,0.277000000000001,0.08460000000000178,0.3245039024730767
EX_09-EE_b,EX_09,EX,EX_UND,UND,1,61.0,62.0,59.0,64.0,5.0,0.31400000000000006,0.6677999999999997,0.0,0.9817999999999998,1,0.9041864097922541,0.0,0.9628000000000014,0.0,0.9628000000000014,0,-0.0,0.0,0.0,1,1.5700000000000003,1.5700000000000003,1,3.3389999999999986,3.3389999999999986,0,0.0,0.0,0.2,0.6859999999999999,0.0,0,1,0,1,0,0,1,0,0,0,0.0,0.0,3,1.6046666666666691,2.2510000000000048,0,0.0,0.0,0.0,1.0,0.0,0,1,0,0,0,1,1,0,0,0.0,0.0,1.0,0.0,0.0,0.0,0.0,0.0,0.0,0.0,0.0,0.0,0.7021276595744681,0.0,0.7021276595744681,0.2978723404255319,0.8786744932173093,0.0,0.4702006588799044,0.9817999999999998,0.35379999999999967,0.0,0.9628000000000014,0.9628000000000014,0.31400000000000006,0.2950000000000017,0.9041864097922541
EX_09-EE_b,EX_09,EX,EX_UND,UND,1,70.0,71.0,68.0,73.0,5.0,0.8681999999999988,0.06779999999999972,0.0,0.9359999999999985,2,0.3749488877211988,0.6039999999999992,0.2513999999999982,0.0,0.8553999999999974,2,0.8737029424519339,0.5785999999999973,0.5785999999999973,3,1.446999999999998,2.293999999999997,1,0.33899999999999864,0.33899999999999864,0,0.0,0.0,0.4,0.0,0.8545999999999992,1,0,0,0,0,1,1,0,0,3,1.0066666666666653,1.882000000000005,4,0.3142499999999977,0.6149999999999949,0,0.0,0.0,0.4,0.16740000000000066,0.0,1,0,0,0,0,1,1,0,0,0.5,0.0,0.5,0.0,0.0,0.0,0.5,0.0,0.5,0.0,0.0,0.0,0.075,0.7,0.775,0.225,1.1246743365684324,0.43495883620084,12.805309734513308,0.9359999999999985,-0.800399999999999,2.402545743834541,0.8553999999999974,-0.352600000000001,0.26419999999999955,0.18359999999999846,0.49875405473073514
EX_09-EE_b,EX_09,EX,EX_UND,UND,1,84.0,85.0,82.0,87.0,5.0,0.7512000000000001,0.15680000000000122,0.0,0.9080000000000013,2,0.6638152474703722,0.7451999999999999,0.0,0.0,0.7451999999999999,0,-0.0,0.5187999999999988,0.5187999999999988,3,1.252,2.4549999999999983,1,0.784000000000006,0.784000000000006,0,0.0,0.0,0.4,0.0,0.3367999999999995,1,0,0,0,0,1,1,0,0,5,0.7451999999999999,1.1640000000000015,0,0.0,0.0,0,0.0,0.0,0.0,0.15,1.0,1,0,0,1,1,0,0,0,0,0.5,0.0,0.5,0.0,0.0,0.0,0.0,0.0,0.0,0.0,0.0,0.0,0.0,0.78125,0.78125,0.21875,0.7578784625383954,0.0,4.790816326530575,0.9080000000000013,-0.5943999999999989,37.25999999999999,0.7451999999999999,-0.7451999999999999,0.006000000000000227,0.15680000000000122,0.6638152474703722
EX_09-EE_b,EX_09,EX,EX_UND,UND,1,114.0,115.0,112.0,117.0,5.0,0.6246000000000009,0.34699999999999986,0.0,0.9716000000000008,2,0.9402859586706308,0.5697999999999979,0.2501999999999981,0.05840000000000032,0.8783999999999963,4,1.181125061434376,0.43559999999999943,0.43559999999999943,2,1.5615000000000023,2.855000000000004,1,1.7349999999999994,1.7349999999999994,0,0.0,0.0,0.4,0.0,0.08199999999999932,1,0,0,0,0,1,1,0,0,3,0.9496666666666632,1.9809999999999945,3,0.4169999999999969,0.6430000000000007,1,0.2920000000000016,0.2920000000000016,0.8,0.27179999999999893,0.05420000000000016,1,0,0,0,0,1,1,0,0,0.5,0.0,0.5,0.0,0.0,0.0,0.25,0.25,0.25,0.0,0.25,0.0,0.19047619047619047,0.5238095238095238,0.7142857142857143,0.21428571428571427,1.8562729569076355,0.36084519443548835,1.8000000000000034,0.9716000000000008,-0.27760000000000107,2.277378097521991,0.819999999999996,-0.3195999999999998,0.05480000000000307,0.09680000000000177,0.2408391027637452
EX_09-EE_b,EX_09,EX,EX_UND,NON_UND,0,130.0,131.0,128.0,133.0,5.0,0.6630000000000053,0.317999999999995,0.0,0.9810000000000002,2,0.9088470279164089,0.6449999999999989,0.2826000000000022,0.0,0.9276000000000011,3,0.8869095160333846,0.44700000000000273,0.44700000000000273,2,1.657500000000013,2.693000000000012,1,1.589999999999975,1.589999999999975,0,0.0,0.0,0.4,0.0,0.5576000000000022,1,0,0,0,0,1,1,0,0,4,0.8062499999999986,1.1710000000000207,2,0.7065000000000055,1.1750000000000114,0,0.0,0.0,0.6,0.0,0.05840000000000032,1,0,0,1,0,0,1,0,0,0.5,0.0,0.5,0.0,0.0,0.0,0.6666666666666666,0.0,0.3333333333333333,0.0,0.0,0.0,0.10869565217391304,0.4782608695652174,0.5869565217391305,0.41304347826086957,1.7960458246154523,0.04381920683746822,2.084905660377408,0.9810000000000003,-0.34500000000001024,2.282377919320573,0.9276000000000011,-0.3623999999999967,0.018000000000006344,0.035399999999992826,0.021937511883024285
EX_09-EE_b,EX_09,EX,EX_UND,PART_UND,0,160.0,161.0,158.0,163.0,5.0,0.9014000000000066,0.05799999999999841,0.0,0.9594000000000051,1,0.32924628341214257,0.08880000000000336,0.8762000000000001,0.0,0.9650000000000034,2,0.4431790102151899,0.08880000000000336,0.08880000000000336,3,1.5023333333333444,1.927000000000021,1,0.28999999999999204,0.28999999999999204,0,0.0,0.0,0.2,0.05799999999999841,0.0,1,0,0,1,0,0,1,0,0,1,0.4440000000000168,0.4440000000000168,2,2.1905,4.032000000000011,0,0.0,0.0,0.4,0.08319999999999936,0.0,0,1,0,0,0,1,1,0,0,0.0,0.0,1.0,0.0,0.0,0.0,0.5,0.0,0.5,0.0,0.0,0.0,0.06521739130434782,0.08695652173913043,0.15217391304347827,0.8478260869565217,0.7651799117572052,0.08151391459392224,15.541379310345368,0.959400000000005,-0.8434000000000083,0.1013467244921289,0.9650000000000034,0.7873999999999968,0.8126000000000033,0.8182000000000017,0.11393272680304734
EX_09-EE_b,EX_09,EX,EX_UND,MISUND,0,167.0,168.0,165.0,170.0,5.0,0.9279999999999973,0.0,0.0,0.9279999999999973,0,-0.0,0.8021999999999991,0.0,0.03639999999999759,0.8385999999999967,2,0.25769489053606087,0.7581999999999993,0.7581999999999993,4,1.1599999999999966,1.9339999999999975,0,0.0,0.0,0,0.0,0.0,0.0,0.0,1.0,1,0,0,0,0,1,1,0,0,3,1.3369999999999986,2.3240000000000123,0,0.0,0.0,1,0.18199999999998795,0.18199999999998795,0.4,0.0,1.0,1,0,0,1,1,0,0,0,0,0.0,0.0,0.0,0.0,0.0,0.0,0.0,0.5,0.0,0.0,0.5,0.0,0.0,0.9736842105263158,0.9736842105263158,0.0,0.17556502585750278,0.0,46.399999999999864,0.9279999999999973,-0.9279999999999973,40.10999999999996,0.8021999999999991,-0.8021999999999991,0.12579999999999814,0.0,0.25769489053606087
EX_09-EE_b,EX_09,EX,EX_UND,UND,1,197.0,198.0,195.0,200.0,5.0,0.5481999999999971,0.39660000000000084,0.0,0.9447999999999979,2,0.9813472803338102,0.2084000000000003,0.7380000000000052,0.0,0.9464000000000056,2,0.7605377720355952,0.17139999999999986,0.17139999999999986,3,0.9136666666666619,1.445999999999998,1,1.983000000000004,1.983000000000004,0,0.0,0.0,0.4,0.0,0.3689999999999998,1,0,0,0,0,1,1,0,0,1,1.0420000000000016,1.0420000000000016,4,0.9225000000000065,2.1450000000000102,0,0.0,0.0,0.4,0.7286000000000001,0.0,0,1,0,0,0,1,1,0,0,0.5,0.0,0.5,0.0,0.0,0.0,0.5,0.0,0.5,0.0,0.0,0.0,0.38636363636363635,0.18181818181818182,0.5681818181818182,0.4318181818181818,1.7100285140347624,0.2538130269146542,1.382249117498729,0.944799999999998,-0.1515999999999963,0.28238482384823693,0.9464000000000055,0.529600000000005,0.3397999999999968,0.34140000000000437,0.220809508298215
EX_09-EE_b,EX_09,EX,EX_UND,UND,1,237.0,238.0,235.0,240.0,5.0,0.5576000000000022,0.3783999999999992,0.0,0.9360000000000014,3,0.9733956074965568,0.7975999999999999,0.0,0.16259999999999764,0.9601999999999975,2,0.6561921086054752,0.4603999999999985,0.4603999999999985,2,1.3940000000000055,1.8360000000000127,2,0.945999999999998,1.0500000000000114,0,0.0,0.0,0.6,0.0,0.23360000000000128,1,0,0,0,1,1,0,0,0,3,1.3293333333333333,2.613999999999976,0,0.0,0.0,1,0.8129999999999882,0.8129999999999882,0.4,0.0,1.0,1,0,0,1,1,0,0,0,0,0.6666666666666666,0.0,0.3333333333333333,0.0,0.0,0.0,0.0,0.5,0.0,0.0,0.5,0.0,0.0,0.5111111111111111,0.5111111111111111,0.3333333333333333,1.5940715090940627,0.1296562824366583,1.4735729386892267,0.9360000000000014,-0.17920000000000302,39.879999999999995,0.7975999999999999,-0.7975999999999999,0.23999999999999766,0.3783999999999992,0.3172034988910817
EX_09-EE_b,EX_09,EX,EX_UND,UND,1,273.0,274.0,271.0,276.0,5.0,0.24379999999999882,0.6870000000000005,0.0,0.9307999999999993,2,0.829637689953198,0.6724000000000047,0.2707999999999856,0.0,0.9431999999999903,1,0.8649557300848059,0.10800000000000409,0.10800000000000409,2,0.609499999999997,0.6789999999999736,1,3.4350000000000023,3.4350000000000023,0,0.0,0.0,0.4,0.0,0.18819999999999482,0,1,0,0,0,1,1,0,0,2,1.6810000000000116,2.245999999999981,2,0.6769999999999641,1.2449999999999477,0,0.0,0.0,0.2,0.3039999999999964,0.0,1,0,0,0,1,1,0,0,0,0.5,0.0,0.5,0.0,0.0,0.0,0.0,0.0,1.0,0.0,0.0,0.0,0.11627906976744186,0.11627906976744186,0.23255813953488372,0.7674418604651163,1.5399619986180464,-0.38920454545454536,0.3548762736535643,0.9307999999999993,0.4432000000000017,2.483013293944019,0.9431999999999903,-0.40160000000001905,0.42860000000000587,0.4162000000000149,0.035318040131607886
EX_09-EE_b,EX_09,EX,EX_UND,UND,1,298.0,299.0,296.0,301.0,5.0,0.0,0.9628000000000043,0.0,0.9628000000000043,0,-0.0,0.29260000000000447,0.5037999999999897,0.1066000000000031,0.9029999999999972,4,1.3603997875401495,0.0,0.0,0,0.0,0.0,3,1.6046666666666738,2.141999999999996,0,0.0,0.0,0.0,1.0,0.0,0,1,0,1,1,0,0,0,0,2,0.7315000000000111,0.9300000000000068,4,0.6297499999999872,1.2719999999999914,1,0.5330000000000155,0.5330000000000155,0.8,0.0,0.20960000000000037,0,1,0,1,0,0,1,0,0,0.0,0.0,0.0,0.0,0.0,0.0,0.25,0.25,0.25,0.0,0.0,0.25,0.5581395348837209,0.0,0.5581395348837209,0.32558139534883723,1.3576203500381208,0.0,0.0,0.9628000000000043,0.9628000000000043,0.5807860262008941,0.7963999999999942,0.21119999999998523,0.29260000000000447,0.4590000000000146,1.3603997875401495
EX_09-EE_b,EX_09,EX,EX_UND,UND,1,373.0,374.0,371.0,376.0,5.0,0.861399999999992,0.10880000000000792,0.0,0.9701999999999998,3,0.5063427424183283,0.6694000000000073,0.026599999999996272,0.12159999999998945,0.8175999999999931,5,0.8058992624595461,0.5307999999999993,0.5307999999999993,2,2.1534999999999798,3.555999999999983,2,0.2720000000000198,0.35300000000000864,0,0.0,0.0,0.6,0.07060000000000173,0.0,1,0,0,1,0,0,1,0,0,3,1.115666666666679,1.5330000000000155,1,0.13299999999998136,0.13299999999998136,2,0.3039999999999736,0.35199999999997544,1.0,0.0,0.629200000000003,1,0,0,1,1,0,0,0,0,0.3333333333333333,0.0,0.6666666666666666,0.0,0.0,0.0,0.2,0.2,0.0,0.2,0.4,0.0,0.0,0.675,0.675,0.175,1.3368902807106742,-0.19347649748797374,7.9172794117640555,0.9701999999999998,-0.7525999999999841,25.16541353383839,0.6960000000000036,-0.642800000000011,0.19199999999998463,0.08220000000001165,0.2995565200412178
EX_09-EE_b,EX_09,EX,EX_UND,UND,1,374.0,375.0,372.0,377.0,5.0,0.8759999999999877,0.0942000000000121,0.0,0.9701999999999998,4,0.4597135292891875,0.6076000000000021,0.026599999999996272,0.12159999999998945,0.7557999999999879,5,0.847157580853806,0.5395999999999959,0.5395999999999959,3,1.4599999999999795,2.908999999999992,2,0.23550000000003024,0.28000000000002956,0,0.0,0.0,0.8,0.0,0.6115999999999986,1,0,0,0,0,1,1,0,0,3,1.0126666666666704,1.9459999999999695,1,0.13299999999998136,0.13299999999998136,2,0.3039999999999736,0.35199999999997544,1.0,0.0,0.429200000000003,1,0,0,1,1,0,0,0,0,0.5,0.0,0.5,0.0,0.0,0.0,0.2,0.2,0.0,0.2,0.4,0.0,0.0,0.7567567567567568,0.7567567567567568,0.08108108108108109,1.0982178839548997,-0.11547005383792516,9.299363057323516,0.9701999999999997,-0.7817999999999756,22.842105263161177,0.6341999999999984,-0.5810000000000058,0.26839999999998554,0.06760000000001581,0.3874440515646185
EX_09-EE_b,EX_09,EX,EX_UND,UND,1,387.0,388.0,385.0,390.0,5.0,0.6631999999999948,0.3,0.0,0.9631999999999948,3,0.8948536483803906,0.853200000000004,0.056599999999991726,0.0,0.9097999999999956,2,0.3361618048765174,0.6133999999999901,0.6133999999999901,2,1.657999999999987,3.1359999999999673,2,0.75,1.274000000000001,0,0.0,0.0,0.6,0.27200000000000274,0.0,1,0,0,1,0,0,1,0,0,3,1.4220000000000066,2.548000000000002,3,0.09433333333331954,0.1209999999999809,0,0.0,0.0,0.4,0.030399999999997363,0.0,1,0,0,0,0,1,1,0,0,0.3333333333333333,0.0,0.6666666666666666,0.0,0.0,0.0,0.5,0.0,0.5,0.0,0.0,0.0,0.046511627906976744,0.6976744186046512,0.7441860465116279,0.2558139534883721,1.1837996659316519,0.23665076426961035,2.2106666666666492,0.9631999999999947,-0.3631999999999948,15.07420494699874,0.9097999999999957,-0.7966000000000122,0.19000000000000916,0.24340000000000828,0.5586918435038732
EX_09-EE_b,EX_09,EX,EX_UND,UND,1,428.0,429.0,426.0,431.0,5.0,0.3717999999999961,0.5889999999999986,0.0,0.9607999999999948,2,0.9628157829747199,0.6591999999999985,0.08319999999999936,0.19740000000000463,0.9398000000000024,2,1.1413844552036219,0.36159999999999853,0.36159999999999853,1,1.8589999999999804,1.8589999999999804,2,1.4724999999999966,2.3910000000000196,0,0.0,0.0,0.4,0.498599999999999,0.0,0,1,0,1,1,0,0,0,0,3,1.098666666666664,1.600999999999999,2,0.2079999999999984,0.23099999999999454,1,0.9870000000000232,0.9870000000000232,0.4,0.30819999999999936,0.0,1,0,0,0,1,1,0,0,0,0.5,0.0,0.5,0.0,0.0,0.0,0.0,0.0,0.0,0.5,0.5,0.0,0.1111111111111111,0.4,0.5111111111111111,0.26666666666666666,1.8716948417090984,0.5773502691896257,0.6312393887945619,0.9607999999999948,0.21720000000000256,7.923076923076966,0.7423999999999978,-0.5759999999999991,0.2874000000000024,0.5057999999999993,0.17856867222890194
EX_09-EE_b,EX_09,EX,EX_UND,UND,1,430.0,431.0,428.0,433.0,5.0,0.7477999999999951,0.21299999999999955,0.0,0.9607999999999948,3,0.7632418768485887,0.9673999999999978,0.0,0.0,0.9673999999999978,0,-0.0,0.7375999999999976,0.7375999999999976,2,1.869499999999988,1.8799999999999955,2,0.5324999999999989,0.6739999999999782,0,0.0,0.0,0.6,0.098599999999999,0.0,1,0,0,1,0,0,1,0,0,3,1.6123333333333296,2.459000000000003,0,0.0,0.0,0,0.0,0.0,0.0,0.0,1.0,1,0,0,1,1,0,0,0,0,0.3333333333333333,0.0,0.6666666666666666,0.0,0.0,0.0,0.0,0.0,0.0,0.0,0.0,0.0,0.0,0.782608695652174,0.782608695652174,0.21739130434782608,0.7553754125614287,0.0,3.510798122065712,0.9607999999999947,-0.5347999999999956,48.36999999999989,0.9673999999999978,-0.9673999999999978,0.21960000000000268,0.21299999999999955,0.7632418768485887
EX_09-EE_b,EX_09,EX,EX_UND,PART_UND,0,495.0,496.0,493.0,498.0,5.0,0.8597999999999957,0.0,0.09700000000000272,0.9567999999999983,1,0.4733536249685279,0.4789999999999964,0.3701999999999998,0.1,0.9491999999999962,2,1.36976018164046,0.35419999999999163,0.35419999999999163,2,2.149499999999989,2.8649999999999523,0,0.0,0.0,1,0.48500000000001364,0.48500000000001364,0.2,0.0,1.0,1,0,0,0,0,1,0,0,1,1,2.394999999999982,2.394999999999982,2,0.9254999999999995,0.9909999999999854,1,0.5,0.5,0.4,0.5210000000000037,0.0,1,0,0,0,1,1,0,0,0,0.0,1.0,0.0,0.0,0.0,0.0,0.0,0.0,0.0,0.5,0.5,0.0,0.0,0.38636363636363635,0.38636363636363635,0.4090909090909091,1.7286325549633381,-0.3309438162646487,42.98999999999978,0.8597999999999957,-0.8597999999999957,1.2938951917882136,0.8491999999999962,-0.10879999999999657,0.3807999999999993,0.3701999999999998,0.8964065566719321
EX_09-EE_b,EX_09,EX,EX_UND,PART_UND,0,556.0,557.0,554.0,559.0,5.0,0.71099999999999,0.21460000000001855,0.0,0.9256000000000085,3,0.7812216827476802,0.3536000000000058,0.42400000000000093,0.22239999999999327,1.0,3,1.5375217550078883,0.1594000000000051,0.1594000000000051,2,1.777499999999975,2.086999999999989,2,0.5365000000000464,0.8540000000000418,0,0.0,0.0,0.6,0.0,0.46159999999999857,1,0,0,0,1,1,0,0,0,2,0.8840000000000146,1.16700000000003,1,2.1200000000000045,2.1200000000000045,1,1.1119999999999663,1.1119999999999663,0.6,0.42400000000000093,0.0,0,1,0,0,1,1,0,0,0,0.6666666666666666,0.0,0.3333333333333333,0.0,0.0,0.0,0.0,0.3333333333333333,0.3333333333333333,0.0,0.3333333333333333,0.0,0.0,0.17391304347826086,0.17391304347826086,0.5869565217391305,2.0583461878595317,-0.3386481059780781,3.313140726933497,0.9256000000000085,-0.4963999999999714,0.8339622641509552,0.7776000000000067,0.07039999999999513,0.3573999999999842,0.20939999999998238,0.7563000722602081
EX_09-EE_b,EX_09,EX,EX_UND,NON_UND,0,564.0,565.0,562.0,567.0,5.0,0.7878000000000156,0.18959999999999583,0.0,0.9774000000000115,1,0.7097317582637945,0.197199999999998,0.744399999999996,0.0,0.941599999999994,2,0.740393241323748,0.197199999999998,0.197199999999998,2,1.969500000000039,2.1580000000000155,1,0.9479999999999791,0.9479999999999791,0,0.0,0.0,0.2,0.18959999999999583,0.0,1,0,0,1,0,0,1,0,0,1,0.98599999999999,0.98599999999999,3,1.24066666666666,2.1860000000000355,0,0.0,0.0,0.4,0.21739999999999782,0.0,0,1,0,0,0,1,1,0,0,0.0,0.0,1.0,0.0,0.0,0.0,0.5,0.0,0.5,0.0,0.0,0.0,0.2127659574468085,0.2127659574468085,0.425531914893617,0.574468085106383,1.4094713100571927,0.27027027027027023,4.155063291139414,0.9774000000000114,-0.5982000000000198,0.2649113379903265,0.941599999999994,0.5471999999999979,0.5906000000000176,0.5548000000000002,0.03066148305995342
EX_09-EE_b,EX_09,EX,EX_UND,UND,1,616.0,617.0,614.0,619.0,5.0,0.7993999999999915,0.1762000000000171,0.0,0.9756000000000086,2,0.6814027131183978,0.42400000000002364,0.366599999999994,0.08699999999998909,0.8776000000000067,3,1.36368197195626,0.42400000000002364,0.42400000000002364,3,1.3323333333333192,3.2609999999999673,1,0.8810000000000855,0.8810000000000855,0,0.0,0.0,0.4,0.0,0.6521999999999935,1,0,0,0,0,1,1,0,0,2,1.0600000000000591,1.1160000000000991,2,0.916499999999985,1.802000000000021,2,0.21749999999997272,0.25,0.6,0.06099999999998999,0.0,1,0,0,0,0,1,1,0,0,0.5,0.0,0.5,0.0,0.0,0.0,0.0,0.3333333333333333,0.3333333333333333,0.0,0.0,0.3333333333333333,0.20930232558139536,0.4883720930232558,0.6976744186046512,0.20930232558139536,1.768187640648247,0.5026666855794641,4.5368898978428716,0.9756000000000086,-0.6231999999999743,1.1565739225314529,0.7906000000000176,-0.05740000000002965,0.3753999999999678,0.1903999999999769,0.6822792588378622
EX_09-EE_b,EX_09,EX,EX_UND,PART_UND,0,630.0,631.0,628.0,633.0,5.0,0.0,0.5531999999999926,0.0,0.5531999999999926,0,-0.0,0.466800000000012,0.15879999999999656,0.2673999999999751,0.8929999999999836,5,1.4531744877157842,0.0,0.0,0,0.0,0.0,2,1.3829999999999814,2.45799999999997,0,0.0,0.0,0.0,1.0,0.0,0,1,0,1,1,0,0,0,0,3,0.77800000000002,1.884999999999991,3,0.2646666666666609,0.4399999999999409,3,0.44566666666662513,0.56899999999996,1.0,0.0,0.046000000000003635,1,0,0,1,0,0,1,0,0,0.0,0.0,0.0,0.0,0.0,0.0,0.4,0.2,0.2,0.0,0.2,0.0,0.038461538461538464,0.0,0.038461538461538464,0.8076923076923077,0.8451064151274781,0.0,0.0,0.5531999999999926,0.5531999999999926,2.939546599496361,0.6256000000000086,-0.30800000000001543,0.466800000000012,0.39439999999999603,1.4531744877157842
EX_09-EE_b,EX_09,EX,EX_UND,UND,1,676.0,677.0,674.0,679.0,5.0,0.06240000000000236,0.9166000000000167,0.0,0.9790000000000191,2,0.3421100159291629,0.12819999999999254,0.7920000000000073,0.0,0.9201999999999998,2,0.5824487153149555,0.0,0.0,1,0.3120000000000118,0.3120000000000118,3,1.5276666666666945,2.0570000000000164,0,0.0,0.0,0.4,0.5261999999999943,0.0,0,1,0,1,1,0,0,0,0,1,0.6409999999999627,0.6409999999999627,3,1.320000000000012,1.92999999999995,0,0.0,0.0,0.4,0.6066000000000031,0.0,0,1,0,0,0,1,1,0,0,0.5,0.0,0.5,0.0,0.0,0.0,0.5,0.0,0.5,0.0,0.0,0.0,0.8444444444444444,0.0,0.8444444444444444,0.15555555555555556,0.7156081959922707,-0.059131239598908265,0.06807767837661054,0.9790000000000191,0.8542000000000144,0.16186868686867598,0.9201999999999998,0.6638000000000147,0.06579999999999017,0.12460000000000948,0.24033869938579255
EX_09-EE_b,EX_09,EX,EX_UND,PART_UND,0,696.0,697.0,694.0,699.0,5.0,0.0,1.0,0.0,1.0,0,-0.0,0.0,1.0,0.0,1.0,0,-0.0,0.0,0.0,0,0.0,0.0,1,5.0,5.0,0,0.0,0.0,0.0,1.0,0.0,0,1,0,1,1,0,0,0,0,0,0.0,0.0,1,5.0,5.0,0,0.0,0.0,0.0,1.0,0.0,0,1,0,0,0,1,1,0,0,0.0,0.0,0.0,0.0,0.0,0.0,0.0,0.0,0.0,0.0,0.0,0.0,1.0,0.0,1.0,0.0,-0.0,0.0,0.0,1.0,1.0,0.0,1.0,1.0,0.0,0.0,0.0
EX_09-EE_b,EX_09,EX,EX_UND,UND,1,702.0,703.0,700.0,705.0,5.0,0.11040000000000419,0.8895999999999958,0.0,1.0,2,0.5011213012263198,0.0,0.9218000000000075,0.0,0.9218000000000075,0,-0.0,0.0,0.0,1,0.5520000000000209,0.5520000000000209,2,2.2239999999999895,4.086999999999989,0,0.0,0.0,0.4,0.072199999999998,0.0,0,1,0,1,1,0,0,0,0,0,0.0,0.0,4,1.1522500000000093,2.743000000000052,0,0.0,0.0,0.0,1.0,0.0,0,1,0,0,0,1,1,0,0,0.5,0.0,0.5,0.0,0.0,0.0,0.0,0.0,0.0,0.0,0.0,0.0,0.8666666666666667,0.0,0.8666666666666667,0.13333333333333333,0.5665095065529053,0.0,0.12410071942446572,1.0,0.7791999999999917,0.0,0.9218000000000075,0.9218000000000075,0.11040000000000419,0.032200000000011664,0.5011213012263198
EX_09-EE_b,EX_09,EX,EX_UND,UND,1,745.0,746.0,743.0,748.0,5.0,0.06520000000000437,0.913799999999992,0.0,0.9789999999999963,2,0.35310001294976134,0.0,0.9624000000000024,0.0,0.9624000000000024,0,-0.0,0.0,0.0,1,0.32600000000002183,0.32600000000002183,2,2.28449999999998,3.798999999999978,0,0.0,0.0,0.4,0.7807999999999993,0.0,0,1,0,1,1,0,0,0,0,0,0.0,0.0,3,1.6040000000000039,3.2670000000000528,0,0.0,0.0,0.0,1.0,0.0,0,1,0,0,0,1,1,0,0,0.5,0.0,0.5,0.0,0.0,0.0,0.0,0.0,0.0,0.0,0.0,0.0,0.9555555555555556,0.0,0.9555555555555556,0.044444444444444446,0.2623112196143366,0.0,0.07135040490260991,0.9789999999999963,0.8485999999999876,0.0,0.9624000000000024,0.9624000000000024,0.06520000000000437,0.04860000000001041,0.35310001294976134
EX_09-EE_b,EX_09,EX,EX_UND,PART_UND,0,801.0,802.0,799.0,804.0,5.0,0.9789999999999963,0.0,0.0,0.9789999999999963,0,-0.0,0.0928000000000111,0.4839999999999918,0.07960000000000492,0.6564000000000079,2,1.0922441046997788,0.0928000000000111,0.0928000000000111,2,2.447499999999991,4.100000000000023,0,0.0,0.0,0,0.0,0.0,0.0,0.0,1.0,1,0,0,0,0,1,1,0,0,1,0.4640000000000555,0.4640000000000555,7,0.34571428571427987,0.90199999999993,1,0.39800000000002456,0.39800000000002456,0.4,0.0,0.386200000000008,0,1,0,1,0,0,1,0,0,0.0,0.0,0.0,0.0,0.0,0.0,0.0,0.5,0.0,0.0,0.0,0.5,0.0,0.16129032258064516,0.16129032258064516,0.7096774193548387,1.156869339920509,0.0,48.94999999999982,0.9789999999999963,-0.9789999999999963,0.1917355371901088,0.5768000000000029,0.39119999999998073,0.8861999999999852,0.4839999999999918,1.0922441046997788
EX_09-EE_b,EX_09,EX,EX_UND,PART_UND,0,806.0,807.0,804.0,809.0,5.0,0.7119999999999891,0.24420000000000072,0.0,0.9561999999999898,2,0.8197035066603948,0.4008000000000038,0.4307999999999993,0.0,0.8316000000000031,2,0.9990610286757293,0.1127999999999929,0.1127999999999929,2,1.7799999999999727,2.5599999999999454,1,1.2210000000000036,1.2210000000000036,0,0.0,0.0,0.4,0.0,0.5321999999999889,1,0,0,0,0,1,1,0,0,1,2.004000000000019,2.004000000000019,5,0.4307999999999993,1.02800000000002,0,0.0,0.0,0.4,0.45499999999999546,0.0,0,1,0,0,0,1,1,0,0,0.5,0.0,0.5,0.0,0.0,0.0,0.5,0.0,0.5,0.0,0.0,0.0,0.0,0.15,0.15,0.85,1.4060075793123286,-0.7237468644557459,2.9156429156428625,0.9561999999999898,-0.46779999999998834,0.9303621169916538,0.8316000000000031,0.029999999999995475,0.31119999999998527,0.18659999999999857,0.1793575220153345
EX_09-EE_b,EX_09,EX,EX_UND,UND,1,818.0,819.0,816.0,821.0,5.0,0.10599999999999454,0.8288000000000011,0.0,0.9347999999999956,1,0.5100669063776155,0.033600000000001275,0.7404000000000224,0.0,0.7740000000000237,1,0.2577179877481314,0.0,0.0,1,0.5299999999999727,0.5299999999999727,1,4.1440000000000055,4.1440000000000055,0,0.0,0.0,0.2,0.06520000000000437,0.1711999999999989,0,1,0,0,1,1,0,0,0,1,0.16800000000000637,0.16800000000000637,5,0.7404000000000224,1.1079999999999472,0,0.0,0.0,0.2,0.0,0.191599999999994,0,1,0,1,0,0,1,0,0,1.0,0.0,0.0,0.0,0.0,0.0,1.0,0.0,0.0,0.0,0.0,0.0,1.0,0.0,1.0,0.0,-0.0,0.0,0.12789575289574615,0.9347999999999956,0.7228000000000065,0.04538087520259354,0.7740000000000237,0.7068000000000211,0.07239999999999328,0.08839999999997872,0.2523489186294841
EX_09-EE_b,EX_09,EX,EX_UND,UND,1,854.0,855.0,852.0,857.0,5.0,0.06539999999999964,0.9346000000000003,0.0,1.0,1,0.3485179745470317,0.0,0.9877999999999929,0.0,0.9877999999999929,0,-0.0,0.0,0.0,1,0.3269999999999982,0.3269999999999982,1,4.673000000000002,4.673000000000002,0,0.0,0.0,0.2,0.9346000000000003,0.0,0,1,0,1,0,0,1,0,0,0,0.0,0.0,2,2.4694999999999823,3.5289999999999964,0,0.0,0.0,0.0,1.0,0.0,0,1,0,0,0,1,1,0,0,0.0,0.0,1.0,0.0,0.0,0.0,0.0,0.0,0.0,0.0,0.0,0.0,0.94,0.0,0.94,0.06,0.32744491915447627,0.0,0.0699764605178682,1.0,0.8692000000000006,0.0,0.9877999999999929,0.9877999999999929,0.06539999999999964,0.05319999999999259,0.3485179745470317
EX_09-EE_b,EX_09,EX,EX_UND,UND,1,872.0,873.0,870.0,875.0,5.0,0.0,1.0,0.0,1.0,0,-0.0,0.0,1.0,0.0,1.0,0,-0.0,0.0,0.0,0,0.0,0.0,1,5.0,5.0,0,0.0,0.0,0.0,1.0,0.0,0,1,0,1,1,0,0,0,0,0,0.0,0.0,1,5.0,5.0,0,0.0,0.0,0.0,1.0,0.0,0,1,0,0,0,1,1,0,0,0.0,0.0,0.0,0.0,0.0,0.0,0.0,0.0,0.0,0.0,0.0,0.0,1.0,0.0,1.0,0.0,-0.0,0.0,0.0,1.0,1.0,0.0,1.0,1.0,0.0,0.0,0.0
EX_09-EE_b,EX_09,EX,EX_UND,UND,1,922.0,923.0,920.0,925.0,5.0,0.0,1.0,0.0,1.0,0,-0.0,0.0,0.9864000000000033,0.0,0.9864000000000033,0,-0.0,0.0,0.0,0,0.0,0.0,1,5.0,5.0,0,0.0,0.0,0.0,1.0,0.0,0,1,0,1,1,0,0,0,0,0,0.0,0.0,2,2.466000000000008,4.548999999999978,0,0.0,0.0,0.0,1.0,0.0,0,1,0,0,0,1,1,0,0,0.0,0.0,0.0,0.0,0.0,0.0,0.0,0.0,0.0,0.0,0.0,0.0,1.0,0.0,1.0,0.0,-0.0,0.0,0.0,1.0,1.0,0.0,0.9864000000000033,0.9864000000000033,0.0,0.013599999999996726,0.0
EX_09-EE_b,EX_09,EX,EX_UND,UND,1,940.0,941.0,938.0,943.0,5.0,0.06420000000000528,0.9357999999999947,0.0,1.0,1,0.34389649887363904,0.0,0.9861999999999853,0.0,0.9861999999999853,0,-0.0,0.0,0.0,1,0.3210000000000264,0.3210000000000264,1,4.678999999999974,4.678999999999974,0,0.0,0.0,0.2,0.9357999999999947,0.0,0,1,0,1,0,0,1,0,0,0,0.0,0.0,2,2.465499999999963,4.241999999999962,0,0.0,0.0,0.0,1.0,0.0,0,1,0,0,0,1,1,0,0,0.0,0.0,1.0,0.0,0.0,0.0,0.0,0.0,0.0,0.0,0.0,0.0,0.9387755102040817,0.0,0.9387755102040817,0.061224489795918366,0.3322866302216151,0.0,0.06860440265014495,1.0,0.8715999999999895,0.0,0.9861999999999853,0.9861999999999853,0.06420000000000528,0.05039999999999056,0.34389649887363904
EX_09-EE_b,EX_09,EX,EX_UND,PART_UND,0,967.0,968.0,965.0,970.0,5.0,0.0,1.0,0.0,1.0,0,-0.0,0.0,0.9836000000000013,0.0,0.9836000000000013,0,-0.0,0.0,0.0,0,0.0,0.0,1,5.0,5.0,0,0.0,0.0,0.0,1.0,0.0,0,1,0,1,1,0,0,0,0,0,0.0,0.0,2,2.459000000000003,3.1219999999999573,0,0.0,0.0,0.0,1.0,0.0,0,1,0,0,0,1,1,0,0,0.0,0.0,0.0,0.0,0.0,0.0,0.0,0.0,0.0,0.0,0.0,0.0,1.0,0.0,1.0,0.0,-0.0,0.0,0.0,1.0,1.0,0.0,0.9836000000000013,0.9836000000000013,0.0,0.01639999999999875,0.0
EX_09-EE_b,EX_09,EX,EX_UND,UND,1,997.0,998.0,995.0,1000.0,5.0,0.12880000000000108,0.8711999999999989,0.0,1.0,1,0.5541379720781205,0.0,0.9716000000000122,0.0,0.9716000000000122,0,-0.0,0.0,0.0,1,0.6440000000000055,0.6440000000000055,1,4.3559999999999945,4.3559999999999945,0,0.0,0.0,0.2,0.8711999999999989,0.0,0,1,0,1,0,0,1,0,0,0,0.0,0.0,2,2.4290000000000305,2.4880000000000564,0,0.0,0.0,0.0,1.0,0.009400000000005094,0,1,0,0,0,1,1,0,0,0.0,0.0,1.0,0.0,0.0,0.0,0.0,0.0,0.0,0.0,0.0,0.0,0.875,0.0,0.875,0.125,0.5435644431995964,0.0,0.14784205693296745,1.0,0.7423999999999977,0.0,0.9716000000000122,0.9716000000000122,0.12880000000000108,0.10040000000001337,0.5541379720781205
EX_09-EE_b,EX_09,EX,EX_UND,UND,1,998.0,999.0,996.0,1001.0,5.0,0.28160000000000307,0.7183999999999969,0.0,1.0,2,0.8576217733431506,0.0,0.9810000000000173,0.0,0.9810000000000173,0,-0.0,0.0,0.0,1,1.4080000000000155,1.4080000000000155,2,1.7959999999999923,3.3559999999999945,0,0.0,0.0,0.4,0.6711999999999989,0.0,0,1,0,1,1,0,0,0,0,0,0.0,0.0,2,2.452500000000043,3.4880000000000564,0,0.0,0.0,0.0,1.0,0.0,0,1,0,0,0,1,1,0,0,0.5,0.0,0.5,0.0,0.0,0.0,0.0,0.0,0.0,0.0,0.0,0.0,0.7142857142857143,0.0,0.7142857142857143,0.2857142857142857,0.863120568566631,0.0,0.39198218262806833,1.0,0.43679999999999386,0.0,0.9810000000000173,0.9810000000000173,0.28160000000000307,0.2626000000000204,0.8576217733431506
EX_09-EE_b,EX_09,EX,EX_UND,NON_UND,0,1086.0,1087.0,1084.0,1089.0,5.0,0.13940000000002328,0.8605999999999767,0.0,1.0,2,0.5826653063049368,0.05280000000002474,0.934999999999991,0.0,0.9878000000000157,2,0.3008841331756349,0.0,0.0,1,0.6970000000001164,0.6970000000001164,2,2.151499999999942,2.839999999999918,0,0.0,0.0,0.4,0.5679999999999836,0.0,0,1,0,1,1,0,0,0,0,1,0.2640000000001237,0.2640000000001237,3,1.5583333333333182,2.0909999999998945,0,0.0,0.0,0.4,0.4181999999999789,0.0,0,1,0,0,0,1,1,0,0,0.5,0.0,0.5,0.0,0.0,0.0,0.5,0.0,0.5,0.0,0.0,0.0,0.8163265306122449,0.0,0.8163265306122449,0.1836734693877551,0.8567142052991898,-0.09539445011233401,0.1619800139437916,1.0,0.7211999999999534,0.05647058823532112,0.9878000000000157,0.8821999999999662,0.08659999999999854,0.07440000000001423,0.28178117312930195
EX_09-EE_b,EX_09,EX,EX_UND,PART_UND,0,1097.0,1098.0,1095.0,1100.0,5.0,0.0,1.0,0.0,1.0,0,-0.0,0.0,1.0,0.0,1.0,0,-0.0,0.0,0.0,0,0.0,0.0,1,5.0,5.0,0,0.0,0.0,0.0,1.0,0.0,0,1,0,1,1,0,0,0,0,0,0.0,0.0,1,5.0,5.0,0,0.0,0.0,0.0,1.0,0.0,0,1,0,0,0,1,1,0,0,0.0,0.0,0.0,0.0,0.0,0.0,0.0,0.0,0.0,0.0,0.0,0.0,1.0,0.0,1.0,0.0,-0.0,0.0,0.0,1.0,1.0,0.0,1.0,1.0,0.0,0.0,0.0
EX_09-EE_b,EX_09,EX,EX_UND,NON_UND,0,1374.0,1375.0,1372.0,1377.0,5.0,0.2074000000000069,0.7925999999999931,0.0,1.0,3,0.7364834525537758,0.0,0.9860000000000128,0.0,0.9860000000000128,0,-0.0,0.0,0.0,2,0.5185000000000173,0.7210000000000036,2,1.9814999999999827,3.908999999999878,0,0.0,0.0,0.6,0.0,0.06320000000000618,0,1,0,0,1,1,0,0,0,0,0.0,0.0,2,2.465000000000032,4.582000000000107,0,0.0,0.0,0.0,1.0,0.0,0,1,0,0,0,1,1,0,0,0.6666666666666666,0.0,0.3333333333333333,0.0,0.0,0.0,0.0,0.0,0.0,0.0,0.0,0.0,0.7755102040816326,0.0,0.7755102040816326,0.22448979591836735,0.7682814090975242,0.0,0.2616704516780327,1.0,0.5851999999999862,0.0,0.9860000000000128,0.9860000000000128,0.2074000000000069,0.19340000000001967,0.7364834525537758
EX_09-EE_b,EX_09,EX,EX_UND,UND,1,1682.0,1683.0,1680.0,1685.0,5.0,0.10479999999997744,0.8952000000000225,0.0,1.0,2,0.484029132850187,0.0,0.9657999999999447,0.0,0.9657999999999447,0,-0.0,0.0,0.0,1,0.5239999999998872,0.5239999999998872,2,2.2380000000000564,2.4500000000000455,0,0.0,0.0,0.4,0.4900000000000091,0.0,0,1,0,1,1,0,0,0,0,0,0.0,0.0,3,1.6096666666665744,2.4559999999999036,0,0.0,0.0,0.0,1.0,0.0,0,1,0,0,0,1,1,0,0,0.5,0.0,0.5,0.0,0.0,0.0,0.0,0.0,0.0,0.0,0.0,0.0,0.9166666666666666,0.0,0.9166666666666666,0.08333333333333333,0.41381685030363374,0.0,0.11706881143875648,1.0,0.7904000000000451,0.0,0.9657999999999447,0.9657999999999447,0.10479999999997744,0.07059999999992217,0.484029132850187
EX_09-EE_b,EX_09,EX,EX_UND,UND,1,1685.0,1686.0,1683.0,1688.0,5.0,0.0,0.9858000000000174,0.0,0.9858000000000174,0,-0.0,0.0,0.9597999999999957,0.0,0.9597999999999957,0,-0.0,0.0,0.0,0,0.0,0.0,2,2.4645000000000437,4.814000000000078,0,0.0,0.0,0.0,1.0,0.0,0,1,0,1,1,0,0,0,0,0,0.0,0.0,3,1.5996666666666595,4.275000000000091,0,0.0,0.0,0.0,1.0,0.0,0,1,0,0,0,1,1,0,0,0.0,0.0,0.0,0.0,0.0,0.0,0.0,0.0,0.0,0.0,0.0,0.0,1.0,0.0,1.0,0.0,-0.0,0.0,0.0,0.9858000000000174,0.9858000000000174,0.0,0.9597999999999957,0.9597999999999957,0.0,0.026000000000021783,0.0
EX_09-EE_c,EX_09,EE,EE_UND,PART_UND,0,260.0,261.0,258.0,263.0,5.0,0.0,0.9747999999999933,0.0,0.9747999999999933,0,-0.0,0.6524000000000001,0.0,0.202800000000002,0.8552000000000021,3,0.7902475680910376,0.0,0.0,0,0.0,0.0,2,2.4369999999999834,3.97199999999998,0,0.0,0.0,0.0,1.0,0.0,0,1,0,1,1,0,0,0,0,4,0.8155000000000001,1.3489999999999895,0,0.0,0.0,2,0.507000000000005,0.6680000000000064,0.6,0.0,1.0,1,0,0,1,0,0,0,0,1,0.0,0.0,0.0,0.0,0.0,0.0,0.0,0.6666666666666666,0.0,0.0,0.3333333333333333,0.0,0.0,0.0,0.0,0.7857142857142857,0.74959525725948,0.0,0.0,0.9747999999999933,0.9747999999999933,32.620000000000005,0.6524000000000001,-0.6524000000000001,0.6524000000000001,0.9747999999999933,0.7902475680910376
EX_09-EE_c,EX_09,EE,EE_UND,NON_UND,0,277.0,278.0,275.0,280.0,5.0,0.7041999999999916,0.14860000000001036,0.11019999999999755,0.9629999999999995,4,1.1041156567509909,0.33339999999999465,0.5930000000000064,0.0,0.926400000000001,2,0.9425899634835564,0.21019999999999756,0.21019999999999756,3,1.1736666666666526,1.454999999999984,1,0.7430000000000518,0.7430000000000518,1,0.5509999999999877,0.5509999999999877,0.8,0.012999999999999545,0.6001999999999953,1,0,0,0,0,1,1,0,0,2,0.8334999999999866,1.5360000000000014,4,0.741250000000008,1.4950000000000045,0,0.0,0.0,0.4,0.0,0.33300000000000407,0,1,0,1,1,0,0,0,0,0.25,0.25,0.25,0.0,0.25,0.0,0.5,0.0,0.5,0.0,0.0,0.0,0.11627906976744186,0.23255813953488372,0.3488372093023256,0.5116279069767442,1.7414695910356348,-0.2102812970896934,4.7388963660830585,0.852800000000002,-0.5555999999999812,0.5622259696458534,0.926400000000001,0.25960000000001177,0.37079999999999697,0.444399999999996,0.1615256932674345
EX_09-EE_c,EX_09,EE,EE_UND,PART_UND,0,338.0,339.0,336.0,341.0,5.0,0.6331999999999993,0.0,0.31259999999999766,0.945799999999997,4,0.9154505102931189,0.6559999999999946,0.26759999999999307,0.024800000000004728,0.9483999999999924,3,1.0203691585903958,0.573599999999999,0.573599999999999,3,1.0553333333333323,1.4710000000000036,0,0.0,0.0,2,0.7814999999999941,1.0079999999999814,0.8,0.0,1.0,1,0,0,0,0,1,1,0,0,2,1.6399999999999864,1.6449999999999818,1,1.3379999999999654,1.3379999999999654,1,0.12400000000002365,0.12400000000002365,0.6,0.0,0.3854000000000042,1,0,0,1,1,0,0,0,0,0.0,0.5,0.0,0.0,0.5,0.0,0.0,0.3333333333333333,0.3333333333333333,0.0,0.0,0.3333333333333333,0.0,0.6363636363636364,0.6590909090909091,0.06818181818181818,1.5356807587527366,0.6724565756823822,31.659999999999965,0.6331999999999993,-0.6331999999999993,2.4514200298954094,0.9235999999999877,-0.3884000000000015,0.02279999999999527,0.26759999999999307,0.10491864829727693
EX_09-EE_c,EX_09,EE,EE_UND,PART_UND,0,461.0,462.0,459.0,464.0,5.0,0.6562000000000012,0.0,0.2706000000000131,0.9268000000000143,5,0.8712554865775682,0.8939999999999941,0.0,0.0,0.8939999999999941,0,-0.0,0.5949999999999932,0.5949999999999932,4,0.8202500000000015,2.072999999999979,0,0.0,0.0,3,0.45100000000002183,0.8650000000000091,1.0,0.0,1.0,1,0,0,0,0,1,0,0,1,3,1.4899999999999902,3.6059999999999945,0,0.0,0.0,0,0.0,0.0,0.0,0.0,1.0,1,0,0,1,1,0,0,0,0,0.0,0.6,0.0,0.0,0.4,0.0,0.0,0.0,0.0,0.0,0.0,0.0,0.0,0.7209302325581395,0.7209302325581395,0.0,0.8541802051521676,0.0,32.81000000000006,0.6562000000000012,-0.6562000000000012,44.699999999999704,0.8939999999999941,-0.8939999999999941,0.2377999999999929,0.0,0.8712554865775682
EX_09-EE_c,EX_09,EE,EE_UND,PART_UND,0,501.0,502.0,499.0,504.0,5.0,0.5383999999999901,0.33559999999999945,0.0,0.8739999999999896,2,0.9608056923904813,0.372199999999998,0.06680000000000064,0.4411999999999921,0.8801999999999908,4,1.3068413057262926,0.22419999999999618,0.22419999999999618,3,0.8973333333333168,1.9089999999999918,1,1.6779999999999973,1.6779999999999973,0,0.0,0.0,0.4,0.0018000000000029104,0.26059999999999944,1,0,0,0,0,1,1,0,0,2,0.930499999999995,1.120999999999981,1,0.3340000000000032,0.3340000000000032,4,0.5514999999999901,0.8709999999999809,0.8,0.2433999999999969,0.9331999999999994,0,0,1,0,0,0,1,1,0,0.5,0.0,0.5,0.0,0.0,0.0,0.25,0.25,0.0,0.0,0.5,0.0,0.0,0.28205128205128205,0.28205128205128205,0.23076923076923078,2.2067607759557073,0.057231119764676264,1.6042908224076013,0.8739999999999896,-0.20279999999999065,5.571856287425066,0.4389999999999986,-0.30539999999999734,0.16619999999999213,0.2687999999999988,0.34603561333581134
EX_09-EE_c,EX_09,EE,EE_UND,UND,1,719.0,720.0,717.0,722.0,5.0,0.2731999999999971,0.71099999999999,0.0,0.9841999999999871,4,0.8521404805233819,0.0,0.9836000000000013,0.0,0.9836000000000013,0,-0.0,0.0,0.0,2,0.6829999999999927,0.9689999999999372,4,0.8887499999999875,2.149000000000001,0,0.0,0.0,0.8,0.09939999999999145,0.0,0,1,0,1,1,0,0,0,0,0,0.0,0.0,2,2.459000000000003,3.2250000000000227,0,0.0,0.0,0.0,1.0,0.0,0,1,0,0,0,1,1,0,0,0.5,0.0,0.5,0.0,0.0,0.0,0.0,0.0,0.0,0.0,0.0,0.0,0.7142857142857143,0.0,0.7142857142857143,0.2857142857142857,0.863120568566631,0.0,0.3842475386779198,0.9841999999999871,0.43779999999999286,0.0,0.9836000000000013,0.9836000000000013,0.2731999999999971,0.2726000000000113,0.8521404805233819
EX_09-EE_c,EX_09,EE,EE_UND,NON_UND,0,836.0,837.0,834.0,839.0,5.0,0.2653999999999769,0.7346000000000231,0.0,1.0,4,0.8347862042486904,0.06020000000000891,0.8961999999999761,0.0,0.956399999999985,2,0.33902376442328525,0.0,0.0,2,0.6634999999999422,0.6949999999999363,3,1.224333333333372,2.5510000000000446,0,0.0,0.0,0.8,0.058400000000006,0.0,0,1,0,1,1,0,0,0,0,1,0.30100000000004457,0.30100000000004457,4,1.1202499999999702,2.1019999999999754,0,0.0,0.0,0.4,0.7337999999999966,0.0,0,1,0,0,0,1,1,0,0,0.5,0.0,0.5,0.0,0.0,0.0,0.5,0.0,0.5,0.0,0.0,0.0,0.6666666666666666,0.0,0.6666666666666666,0.3333333333333333,1.1503665874295381,-0.15735915849388865,0.3612850530900742,1.0,0.46920000000004625,0.06717250613703472,0.956399999999985,0.8359999999999672,0.20519999999996796,0.161599999999953,0.4957624398254052
EX_09-EE_c,EX_09,EE,EE_UND,MISUND,0,1201.0,1202.0,1199.0,1204.0,5.0,0.0,1.0,0.0,1.0,0,-0.0,0.0,0.9851999999999862,0.0,0.9851999999999862,0,-0.0,0.0,0.0,0,0.0,0.0,1,5.0,5.0,0,0.0,0.0,0.0,1.0,0.0,0,1,0,1,1,0,0,0,0,0,0.0,0.0,2,2.4629999999999654,3.441000000000031,0,0.0,0.0,0.0,1.0,0.0,0,1,0,0,0,1,1,0,0,0.0,0.0,0.0,0.0,0.0,0.0,0.0,0.0,0.0,0.0,0.0,0.0,1.0,0.0,1.0,0.0,-0.0,0.0,0.0,1.0,1.0,0.0,0.9851999999999862,0.9851999999999862,0.0,0.014800000000013802,0.0
EX_09-EE_c,EX_09,EE,EE_UND,UND,1,1256.0,1257.0,1254.0,1259.0,5.0,0.0,1.0,0.0,1.0,0,-0.0,0.0,0.9811999999999899,0.0,0.9811999999999899,0,-0.0,0.0,0.0,0,0.0,0.0,1,5.0,5.0,0,0.0,0.0,0.0,1.0,0.0,0,1,0,1,1,0,0,0,0,0,0.0,0.0,2,2.4529999999999745,4.038999999999987,0,0.0,0.0,0.0,1.0,0.0,0,1,0,0,0,1,1,0,0,0.0,0.0,0.0,0.0,0.0,0.0,0.0,0.0,0.0,0.0,0.0,0.0,1.0,0.0,1.0,0.0,-0.0,0.0,0.0,1.0,1.0,0.0,0.9811999999999899,0.9811999999999899,0.0,0.018800000000010142,0.0
EX_09-EE_c,EX_09,EX,EX_UND,UND,1,124.0,125.0,122.0,127.0,5.0,0.09819999999999993,0.8436000000000007,0.0,0.9418000000000006,1,0.4823819514069164,0.5374000000000023,0.38700000000000045,0.0,0.9244000000000028,2,0.9808198200834122,0.08240000000000122,0.08240000000000122,1,0.49099999999999966,0.49099999999999966,3,1.4060000000000012,2.682000000000002,0,0.0,0.0,0.2,0.0,0.1127999999999986,0,1,0,0,1,1,0,0,0,4,0.671750000000003,2.01100000000001,2,0.9675000000000011,1.3539999999999992,0,0.0,0.0,0.4,0.0,0.524199999999999,1,0,0,1,1,0,0,0,0,1.0,0.0,0.0,0.0,0.0,0.0,0.5,0.0,0.5,0.0,0.0,0.0,0.4,0.08888888888888889,0.4888888888888889,0.5111111111111111,1.3340625404347208,0.25503068522533534,0.11640587956377411,0.9418000000000006,0.7454000000000007,1.3886304909560767,0.9244000000000028,-0.15040000000000187,0.43920000000000237,0.45660000000000023,0.49843786867649575
EX_09-EE_c,EX_09,EX,EX_UND,UND,1,182.0,183.0,180.0,185.0,5.0,0.6161999999999977,0.3156000000000006,0.0,0.9317999999999984,2,0.9235685746084631,0.21480000000000246,0.5517999999999972,0.13359999999999558,0.9001999999999952,3,1.334572730007037,0.023599999999999,0.023599999999999,2,1.5404999999999944,1.6239999999999952,1,1.578000000000003,1.578000000000003,0,0.0,0.0,0.4,0.0,0.37099999999999794,1,0,0,0,0,1,1,0,0,1,1.0740000000000123,1.0740000000000123,3,0.9196666666666621,1.507000000000005,1,0.667999999999978,0.667999999999978,0.6,0.3012,0.0,0,1,0,0,0,1,1,0,0,0.5,0.0,0.5,0.0,0.0,0.0,0.0,0.3333333333333333,0.3333333333333333,0.0,0.0,0.3333333333333333,0.0,0.023809523809523808,0.023809523809523808,0.8095238095238095,1.3998190545116147,-0.5573704017131537,1.952471482889723,0.9317999999999984,-0.30059999999999715,0.38927147517217026,0.7665999999999996,0.33699999999999475,0.4013999999999953,0.23619999999999658,0.4110041553985738
EX_09-EE_c,EX_09,EX,EX_UND,NON_UND,0,213.0,214.0,211.0,216.0,5.0,0.22980000000000017,0.6008000000000038,0.11219999999999572,0.9427999999999997,5,1.2761108617069263,0.24599999999999794,0.6245999999999924,0.0,0.8705999999999904,3,0.8589206237897461,0.0,0.0,2,0.5745000000000005,0.7920000000000016,4,0.7510000000000048,1.8910000000000196,1,0.5609999999999786,0.5609999999999786,1.0,0.054000000000002046,0.0,0,1,0,1,0,0,1,0,0,3,0.4099999999999966,1.0720000000000027,5,0.6245999999999924,1.322999999999979,0,0.0,0.0,0.6,0.0,0.0339999999999975,0,1,0,1,0,0,1,0,0,0.2,0.0,0.4,0.2,0.0,0.2,0.6666666666666666,0.0,0.3333333333333333,0.0,0.0,0.0,0.34146341463414637,0.0,0.34146341463414637,0.5365853658536586,1.9148339475261138,-0.36535140108344655,0.3824900133155771,0.830600000000004,0.3710000000000036,0.39385206532180744,0.8705999999999903,0.37859999999999444,0.016199999999997772,0.023799999999988608,0.41719023791718024
EX_09-EE_c,EX_09,EX,EX_UND,UND,1,237.0,238.0,235.0,240.0,5.0,0.7092000000000042,0.1886000000000024,0.0,0.8978000000000066,1,0.7416147204514424,0.7975999999999999,0.0,0.16259999999999764,0.9601999999999975,2,0.6561921086054752,0.5352000000000032,0.5352000000000032,3,1.1820000000000068,1.5010000000000048,3,0.31433333333333735,0.4000000000000057,0,0.0,0.0,0.2,0.2608000000000004,0.0,1,0,0,1,0,0,1,0,0,3,1.3293333333333333,2.613999999999976,0,0.0,0.0,1,0.8129999999999882,0.8129999999999882,0.4,0.0,1.0,1,0,0,1,1,0,0,0,0,0.0,0.0,1.0,0.0,0.0,0.0,0.0,0.5,0.0,0.0,0.5,0.0,0.0,0.6136363636363636,0.6136363636363636,0.22727272727272727,1.3400514376897859,-0.23588954867329529,3.7603393425238343,0.8978000000000066,-0.5206000000000017,39.879999999999995,0.7975999999999999,-0.7975999999999999,0.0883999999999957,0.1886000000000024,0.08542261184596722
EX_09-EE_c,EX_09,EX,EX_UND,PART_UND,0,303.0,304.0,301.0,306.0,5.0,0.5593999999999937,0.37519999999999526,0.0,0.934599999999989,1,0.9717954512898466,0.657000000000005,0.23120000000000118,0.0,0.8882000000000062,3,0.827201351726035,0.348599999999999,0.348599999999999,2,1.3984999999999843,2.384999999999991,2,0.9379999999999882,1.5229999999999677,0,0.0,0.0,0.2,0.4282000000000039,0.0,1,0,0,1,0,0,1,0,0,3,1.0950000000000084,1.6410000000000196,2,0.578000000000003,0.6030000000000086,0,0.0,0.0,0.6,0.13220000000000026,0.0,1,0,0,0,1,1,0,0,0,0.0,0.0,1.0,0.0,0.0,0.0,0.3333333333333333,0.0,0.6666666666666666,0.0,0.0,0.0,0.11904761904761904,0.42857142857142855,0.5476190476190477,0.4523809523809524,1.8141321408606754,0.031265269974036135,1.4909381663113026,0.934599999999989,-0.18419999999999842,2.841695501730111,0.8882000000000062,-0.42580000000000384,0.09760000000001134,0.14399999999999408,0.14459409956381153
EX_09-EE_c,EX_09,EX,EX_UND,PART_UND,0,383.0,384.0,381.0,386.0,5.0,0.7506000000000086,0.11480000000000246,0.0,0.865400000000011,1,0.5646759680605202,0.4419999999999959,0.4416000000000054,0.0,0.8836000000000013,2,0.9999998521732167,0.2692000000000007,0.2692000000000007,3,1.2510000000000143,2.3740000000000236,1,0.5740000000000123,0.5740000000000123,0,0.0,0.0,0.2,0.13339999999999463,0.0,1,0,0,1,0,0,1,0,0,4,0.5524999999999949,0.9189999999999827,2,1.1040000000000134,1.9540000000000077,0,0.0,0.0,0.4,0.0,0.34039999999999965,1,0,0,1,1,0,0,0,0,0.0,0.0,1.0,0.0,0.0,0.0,0.5,0.0,0.5,0.0,0.0,0.0,0.0,0.35,0.35,0.65,1.4406454496153462,-0.42008402520840293,6.538327526132339,0.865400000000011,-0.6358000000000061,1.0009057971014277,0.8836000000000013,-0.00039999999999051905,0.3086000000000127,0.3268000000000029,0.4353238841126965
EX_09-EE_c,EX_09,EX,EX_UND,UND,1,431.0,432.0,429.0,434.0,5.0,0.7776000000000067,0.062199999999995724,0.06720000000000255,0.907000000000005,3,0.7336984390358181,0.9675999999999931,0.0,0.0,0.9675999999999931,0,-0.0,0.7490000000000009,0.7490000000000009,2,1.9440000000000168,3.147000000000048,1,0.3109999999999786,0.3109999999999786,1,0.33600000000001273,0.33600000000001273,0.6,0.0,0.9378000000000043,1,0,0,0,1,1,0,0,0,3,1.6126666666666551,2.625,0,0.0,0.0,0,0.0,0.0,0.0,0.0,1.0,1,0,0,1,1,0,0,0,0,0.3333333333333333,0.3333333333333333,0.0,0.0,0.3333333333333333,0.0,0.0,0.0,0.0,0.0,0.0,0.0,0.0,0.8604651162790697,0.8604651162790697,0.06976744186046512,0.722554300455631,0.0,12.501607717042768,0.8398000000000024,-0.715400000000011,48.379999999999654,0.9675999999999931,-0.9675999999999931,0.1899999999999864,0.062199999999995724,0.7336984390358181
EX_09-EE_c,EX_09,EX,EX_UND,UND,1,457.0,458.0,455.0,460.0,5.0,0.6496000000000095,0.3269999999999982,0.0,0.9766000000000077,1,0.9197903272600979,0.7111999999999966,0.0,0.23680000000000517,0.9480000000000018,2,0.8109435729199461,0.4903999999999996,0.4903999999999996,2,1.6240000000000236,2.7270000000000323,1,1.634999999999991,1.634999999999991,0,0.0,0.0,0.2,0.3269999999999982,0.0,1,0,0,1,0,0,1,0,0,4,0.8889999999999958,1.9309999999999832,0,0.0,0.0,1,1.184000000000026,1.184000000000026,0.4,0.0,1.0,1,0,0,1,1,0,0,0,0,0.0,0.0,1.0,0.0,0.0,0.0,0.0,0.5,0.0,0.0,0.5,0.0,0.0,0.5217391304347826,0.5217391304347826,0.21739130434782608,1.7135971524443743,0.037424059428255954,1.9865443425076854,0.9766000000000077,-0.3226000000000113,35.55999999999983,0.7111999999999966,-0.7111999999999966,0.06159999999998711,0.3269999999999982,0.10884675434015179
EX_09-EE_c,EX_09,EX,EX_UND,UND,1,510.0,511.0,508.0,513.0,5.0,0.47679999999999156,0.35919999999999846,0.0,0.83599999999999,2,0.9856785167345399,0.9416000000000053,0.0,0.0,0.9416000000000053,0,-0.0,0.45919999999999844,0.45919999999999844,3,0.7946666666666525,1.065999999999974,2,0.8979999999999961,1.5699999999999932,0,0.0,0.0,0.4,0.0,0.2326000000000022,1,0,0,0,0,1,1,0,0,3,1.5693333333333424,2.2600000000000477,0,0.0,0.0,0,0.0,0.0,0.0,0.0,1.0,1,0,0,1,1,0,0,0,0,0.5,0.0,0.5,0.0,0.0,0.0,0.0,0.0,0.0,0.0,0.0,0.0,0.0,0.5853658536585366,0.5853658536585366,0.4146341463414634,0.9788698505067783,0.0,1.3273942093541025,0.8359999999999901,-0.1175999999999931,47.08000000000027,0.9416000000000053,-0.9416000000000053,0.46480000000001376,0.35919999999999846,0.9856785167345399
EX_09-EE_c,EX_09,EX,EX_UND,PART_UND,0,566.0,567.0,564.0,569.0,5.0,0.14600000000000363,0.7116000000000213,0.0,0.8576000000000249,2,0.6582593008097433,0.17119999999997618,0.730600000000004,0.0,0.9017999999999802,3,0.7011419435627715,0.0,0.0,1,0.7300000000000182,0.7300000000000182,6,0.5930000000000177,1.9150000000000773,0,0.0,0.0,0.4,0.29559999999999037,0.0,0,1,0,1,1,0,0,0,0,2,0.42799999999994043,0.7829999999999018,3,1.2176666666666733,2.324000000000069,0,0.0,0.0,0.6,0.0,0.033200000000010735,0,1,0,1,0,0,1,0,0,0.5,0.0,0.5,0.0,0.0,0.0,0.6666666666666666,0.0,0.3333333333333333,0.0,0.0,0.0,0.5641025641025641,0.0,0.5641025641025641,0.4358974358974359,1.4229196387852907,-0.27824333745610097,0.20517144463181458,0.857600000000025,0.5656000000000176,0.23432794963040685,0.9017999999999802,0.5594000000000279,0.02519999999997255,0.018999999999982697,0.04288264275302822
EX_09-EE_c,EX_09,EX,EX_UND,UND,1,587.0,588.0,585.0,590.0,5.0,0.7365999999999986,0.22560000000000854,0.0,0.962200000000007,1,0.7857100194506451,0.23439999999998234,0.5323999999999842,0.06599999999998545,0.832799999999952,6,1.2172792643172758,0.12459999999998672,0.12459999999998672,1,3.6829999999999927,3.6829999999999927,1,1.1280000000000427,1.1280000000000427,0,0.0,0.0,0.2,0.23920000000000527,0.0,1,0,0,1,0,0,1,0,0,2,0.5859999999999559,0.72199999999998,4,0.6654999999999802,1.4120000000000346,2,0.16499999999996362,0.18999999999994088,1.2,0.12940000000000965,0.00340000000001055,0,1,0,0,0,1,0,0,1,0.0,0.0,1.0,0.0,0.0,0.0,0.3333333333333333,0.0,0.16666666666666666,0.3333333333333333,0.16666666666666666,0.0,0.1282051282051282,0.15384615384615385,0.28205128205128205,0.6666666666666666,1.8759734539505937,-0.2844098075797657,3.2650709219856857,0.9622000000000072,-0.51099999999999,0.44027047332830443,0.7667999999999666,0.2980000000000019,0.5022000000000162,0.30679999999997565,0.43156924486663073
EX_09-EE_c,EX_09,EX,EX_UND,UND,1,633.0,634.0,631.0,636.0,5.0,0.077800000000002,0.922199999999998,0.0,1.0,2,0.3943795148396512,0.366599999999994,0.6132000000000062,0.0,0.9798000000000002,1,0.9538112888638992,0.0,0.0,1,0.38900000000001,0.38900000000001,2,2.305499999999995,4.462999999999965,0,0.0,0.0,0.4,0.8925999999999931,0.0,0,1,0,1,1,0,0,0,0,1,1.83299999999997,1.83299999999997,1,3.066000000000031,3.066000000000031,0,0.0,0.0,0.2,0.0,0.3867999999999938,0,1,0,1,0,0,1,0,0,0.5,0.0,0.5,0.0,0.0,0.0,1.0,0.0,0.0,0.0,0.0,0.0,0.5306122448979592,0.0,0.5306122448979592,0.46938775510204084,1.310178100705075,-0.2372684056006958,0.08436347863804183,1.0,0.844399999999996,0.5978473581213148,0.9798000000000002,0.2466000000000122,0.28879999999999195,0.30899999999999184,0.559431774024248
EX_09-EE_c,EX_09,EX,EX_UND,UND,1,640.0,641.0,638.0,643.0,5.0,0.0759999999999991,0.9240000000000009,0.0,1.0,2,0.3879256793719341,0.0,0.9833999999999833,0.0,0.9833999999999833,0,-0.0,0.0,0.0,1,0.37999999999999545,0.37999999999999545,2,2.3100000000000023,3.229000000000042,0,0.0,0.0,0.4,0.6458000000000084,0.0,0,1,0,1,1,0,0,0,0,0,0.0,0.0,2,2.458499999999958,4.227999999999952,0,0.0,0.0,0.0,1.0,0.0,0,1,0,0,0,1,1,0,0,0.5,0.0,0.5,0.0,0.0,0.0,0.0,0.0,0.0,0.0,0.0,0.0,0.9183673469387755,0.0,0.9183673469387755,0.08163265306122448,0.40790598013897633,0.0,0.08225108225108119,1.0,0.8480000000000019,0.0,0.9833999999999833,0.9833999999999833,0.0759999999999991,0.059399999999982356,0.3879256793719341
EX_09-EE_c,EX_09,EX,EX_UND,PART_UND,0,686.0,687.0,684.0,689.0,5.0,0.0,1.0,0.0,1.0,0,-0.0,0.0,1.0,0.0,1.0,0,-0.0,0.0,0.0,0,0.0,0.0,1,5.0,5.0,0,0.0,0.0,0.0,1.0,0.0,0,1,0,1,1,0,0,0,0,0,0.0,0.0,1,5.0,5.0,0,0.0,0.0,0.0,1.0,0.0,0,1,0,0,0,1,1,0,0,0.0,0.0,0.0,0.0,0.0,0.0,0.0,0.0,0.0,0.0,0.0,0.0,1.0,0.0,1.0,0.0,-0.0,0.0,0.0,1.0,1.0,0.0,1.0,1.0,0.0,0.0,0.0
EX_09-EE_c,EX_09,EX,EX_UND,PART_UND,0,848.0,849.0,846.0,851.0,5.0,0.0,1.0,0.0,1.0,0,-0.0,0.0,0.95,0.0,0.95,0,-0.0,0.0,0.0,0,0.0,0.0,1,5.0,5.0,0,0.0,0.0,0.0,1.0,0.0,0,1,0,1,1,0,0,0,0,0,0.0,0.0,3,1.5833333333333333,3.6000000000000227,0,0.0,0.0,0.0,1.0,0.0,0,1,0,0,0,1,1,0,0,0.0,0.0,0.0,0.0,0.0,0.0,0.0,0.0,0.0,0.0,0.0,0.0,1.0,0.0,1.0,0.0,-0.0,0.0,0.0,1.0,1.0,0.0,0.95,0.95,0.0,0.050000000000000044,0.0
EX_09-EE_c,EX_09,EX,EX_UND,UND,1,897.0,898.0,895.0,900.0,5.0,0.241599999999994,0.7320000000000164,0.0,0.9736000000000103,3,0.8083346604967798,0.0,0.9853999999999814,0.0,0.9853999999999814,0,-0.0,0.0,0.0,2,0.603999999999985,0.7380000000000564,2,1.830000000000041,1.9260000000000446,0,0.0,0.0,0.6,0.34680000000000744,0.0,0,1,0,1,0,0,1,0,0,0,0.0,0.0,2,2.4634999999999536,4.083999999999946,0,0.0,0.0,0.0,1.0,0.0,0,1,0,0,0,1,1,0,0,0.3333333333333333,0.0,0.6666666666666666,0.0,0.0,0.0,0.0,0.0,0.0,0.0,0.0,0.0,0.75,0.0,0.75,0.25,0.8112781244591328,0.0,0.33005464480872754,0.9736000000000105,0.49040000000002243,0.0,0.9853999999999814,0.9853999999999814,0.241599999999994,0.253399999999965,0.8083346604967798
EX_09-EE_c,EX_09,EX,EX_UND,UND,1,908.0,909.0,906.0,911.0,5.0,0.31460000000001853,0.6853999999999815,0.0,1.0,7,0.898412201169453,0.0,0.9728000000000065,0.0,0.9728000000000065,0,-0.0,0.0,0.0,4,0.3932500000000232,0.5400000000000773,4,0.8567499999999768,1.7559999999999718,0,0.0,0.0,1.4,0.0,0.060400000000004186,0,1,0,0,1,1,0,0,0,0,0.0,0.0,2,2.4320000000000164,4.018000000000029,0,0.0,0.0,0.0,1.0,0.0023999999999887224,0,1,0,0,0,1,1,0,0,0.5714285714285714,0.0,0.42857142857142855,0.0,0.0,0.0,0.0,0.0,0.0,0.0,0.0,0.0,0.7083333333333334,0.0,0.7083333333333334,0.2916666666666667,0.8708644692353644,0.0,0.4590020426028991,1.0,0.37079999999996294,0.0,0.9728000000000065,0.9728000000000065,0.31460000000001853,0.2874000000000251,0.898412201169453
EX_09-EE_c,EX_09,EX,EX_UND,UND,1,915.0,916.0,913.0,918.0,5.0,0.0,0.9817999999999983,0.0,0.9817999999999983,0,-0.0,0.0,0.9281999999999926,0.0,0.9281999999999926,0,-0.0,0.0,0.0,0,0.0,0.0,2,2.454499999999996,4.644999999999982,0,0.0,0.0,0.0,1.0,0.0,0,1,0,1,1,0,0,0,0,0,0.0,0.0,6,0.7734999999999937,1.8700000000000045,0,0.0,0.0,0.0,1.0,0.0,0,1,0,0,0,1,1,0,0,0.0,0.0,0.0,0.0,0.0,0.0,0.0,0.0,0.0,0.0,0.0,0.0,1.0,0.0,1.0,0.0,-0.0,0.0,0.0,0.9817999999999983,0.9817999999999983,0.0,0.9281999999999926,0.9281999999999926,0.0,0.053600000000005754,0.0
EX_09-EE_c,EX_09,EX,EX_UND,UND,1,944.0,945.0,942.0,947.0,5.0,0.28639999999998056,0.6635999999999967,0.0,0.9499999999999773,4,0.8830848666795577,0.0,0.9861999999999853,0.0,0.9861999999999853,0,-0.0,0.0,0.0,4,0.35799999999997567,0.5890000000000555,2,1.6589999999999918,2.395999999999958,0,0.0,0.0,0.8,0.0,0.015399999999999636,0,1,0,0,0,1,1,0,0,0,0.0,0.0,2,2.465499999999963,4.6889999999999645,0,0.0,0.0,0.0,1.0,0.0,0,1,0,0,0,1,1,0,0,0.5,0.0,0.5,0.0,0.0,0.0,0.0,0.0,0.0,0.0,0.0,0.0,0.6808510638297872,0.0,0.6808510638297872,0.3191489361702128,0.9034535552068337,0.0,0.43158529234475884,0.9499999999999773,0.3772000000000162,0.0,0.9861999999999853,0.9861999999999853,0.28639999999998056,0.32259999999998856,0.8830848666795577
EX_09-EE_c,EX_09,EX,EX_UND,UND,1,1214.0,1215.0,1212.0,1217.0,5.0,0.0,1.0,0.0,1.0,0,-0.0,0.0,0.9728000000000065,0.0,0.9728000000000065,0,-0.0,0.0,0.0,0,0.0,0.0,1,5.0,5.0,0,0.0,0.0,0.0,1.0,0.0,0,1,0,1,1,0,0,0,0,0,0.0,0.0,3,1.6213333333333442,3.69399999999996,0,0.0,0.0,0.0,1.0,0.0,0,1,0,0,0,1,1,0,0,0.0,0.0,0.0,0.0,0.0,0.0,0.0,0.0,0.0,0.0,0.0,0.0,1.0,0.0,1.0,0.0,-0.0,0.0,0.0,1.0,1.0,0.0,0.9728000000000065,0.9728000000000065,0.0,0.02719999999999345,0.0
EX_09-EE_c,EX_09,EX,EX_UND,UND,1,1254.0,1255.0,1252.0,1257.0,5.0,0.0,1.0,0.0,1.0,0,-0.0,0.0,0.9795999999999822,0.0,0.9795999999999822,0,-0.0,0.0,0.0,0,0.0,0.0,1,5.0,5.0,0,0.0,0.0,0.0,1.0,0.0,0,1,0,1,1,0,0,0,0,0,0.0,0.0,2,2.4489999999999554,3.5190000000000055,0,0.0,0.0,0.0,1.0,0.005600000000004002,0,1,0,0,0,1,1,0,0,0.0,0.0,0.0,0.0,0.0,0.0,0.0,0.0,0.0,0.0,0.0,0.0,1.0,0.0,1.0,0.0,-0.0,0.0,0.0,1.0,1.0,0.0,0.9795999999999822,0.9795999999999822,0.0,0.02040000000001785,0.0
EX_09-EE_c,EX_09,EX,EX_UND,UND,1,1349.0,1350.0,1347.0,1352.0,5.0,0.141399999999976,0.858600000000024,0.0,1.0,2,0.5878935751446364,0.05739999999996144,0.9153999999999997,0.0,0.972799999999961,2,0.3234821497392525,0.0,0.0,1,0.70699999999988,0.70699999999988,2,2.14650000000006,4.132000000000062,0,0.0,0.0,0.4,0.8264000000000123,0.0,0,1,0,1,1,0,0,0,0,1,0.2869999999998072,0.2869999999998072,3,1.525666666666666,2.035000000000082,0,0.0,0.0,0.4,0.40700000000001635,0.0,0,1,0,0,0,1,1,0,0,0.5,0.0,0.5,0.0,0.0,0.0,0.5,0.0,0.5,0.0,0.0,0.0,0.7959183673469388,0.0,0.7959183673469388,0.20408163265306123,0.9098719157030779,-0.10425720702853739,0.16468669927786167,1.0,0.717200000000048,0.06270482849023537,0.9727999999999611,0.8580000000000382,0.08400000000001455,0.05679999999997565,0.26441142540538387
EX_09-EE_c,EX_09,EX,EX_UND,UND,1,1613.0,1614.0,1611.0,1616.0,5.0,0.0,1.0,0.0,1.0,0,-0.0,0.0,0.9854000000000269,0.0,0.9854000000000269,0,-0.0,0.0,0.0,0,0.0,0.0,1,5.0,5.0,0,0.0,0.0,0.0,1.0,0.0,0,1,0,1,1,0,0,0,0,0,0.0,0.0,2,2.4635000000000673,4.102000000000089,0,0.0,0.0,0.0,1.0,0.0,0,1,0,0,0,1,1,0,0,0.0,0.0,0.0,0.0,0.0,0.0,0.0,0.0,0.0,0.0,0.0,0.0,1.0,0.0,1.0,0.0,-0.0,0.0,0.0,1.0,1.0,0.0,0.9854000000000269,0.9854000000000269,0.0,0.014599999999973079,0.0
EX_09-EE_c,EX_09,EX,EX_UND,UND,1,1674.0,1675.0,1672.0,1677.0,5.0,0.20960000000000037,0.7903999999999997,0.0,1.0,2,0.7407174585826712,0.0,0.9647999999999683,0.0,0.9647999999999683,0,-0.0,0.0,0.0,1,1.0480000000000018,1.0480000000000018,2,1.975999999999999,2.4629999999999654,0,0.0,0.0,0.4,0.29780000000000656,0.0,0,1,0,1,1,0,0,0,0,0,0.0,0.0,3,1.6079999999999472,2.9320000000000164,0,0.0,0.0,0.0,1.0,0.00520000000001346,0,1,0,0,0,1,1,0,0,0.5,0.0,0.5,0.0,0.0,0.0,0.0,0.0,0.0,0.0,0.0,0.0,0.7659574468085106,0.0,0.7659574468085106,0.23404255319148937,0.7849920887641584,0.0,0.2651821862348184,1.0,0.5807999999999993,0.0,0.9647999999999683,0.9647999999999683,0.20960000000000037,0.1743999999999687,0.7407174585826712
EX_10-EE_a,EX_10,EE,EE_UND,PART_UND,0,103.0,104.0,101.0,106.0,5.0,0.7076000000000022,0.0,0.15859999999999844,0.8662000000000006,4,0.6868088934027994,0.7951999999999998,0.12019999999999982,0.0,0.9153999999999997,1,0.561016454936018,0.526600000000002,0.526600000000002,5,0.7076000000000022,1.725999999999999,0,0.0,0.0,2,0.3964999999999961,0.6509999999999962,0.8,0.0,1.0,1,0,0,0,0,1,1,0,0,2,1.9879999999999995,2.198999999999998,1,0.6009999999999991,0.6009999999999991,0,0.0,0.0,0.2,0.12019999999999982,0.0,1,0,0,0,1,1,0,0,0,0.0,0.5,0.0,0.0,0.5,0.0,0.0,0.0,1.0,0.0,0.0,0.0,0.0,0.6578947368421053,0.6578947368421053,0.18421052631578946,1.2674626659936306,-0.20576372293827544,35.38000000000011,0.7076000000000022,-0.7076000000000022,6.615640599001672,0.9153999999999997,-0.6749999999999999,0.08759999999999757,0.12019999999999982,0.12579243846678134
EX_10-EE_a,EX_10,EE,EE_UND,UND,1,267.0,268.0,265.0,270.0,5.0,0.6136000000000081,0.2847999999999956,0.0,0.8984000000000038,2,0.9010980591514514,0.9740000000000009,0.0,0.0,0.9740000000000009,0,-0.0,0.587600000000009,0.587600000000009,3,1.0226666666666802,1.2280000000000086,1,1.4239999999999782,1.4239999999999782,0,0.0,0.0,0.4,0.008799999999996543,0.2988000000000056,1,0,0,0,0,1,1,0,0,2,2.4350000000000023,4.021000000000015,0,0.0,0.0,0,0.0,0.0,0.0,0.0,1.0,1,0,0,1,1,0,0,0,0,0.5,0.0,0.5,0.0,0.0,0.0,0.0,0.0,0.0,0.0,0.0,0.0,0.0,0.6590909090909091,0.6590909090909091,0.3409090909090909,0.9256859869821299,0.0,2.1544943820225337,0.8984000000000038,-0.3288000000000125,48.700000000000045,0.9740000000000009,-0.9740000000000009,0.3603999999999927,0.2847999999999956,0.9010980591514514
EX_10-EE_a,EX_10,EE,EE_UND,NON_UND,0,382.0,383.0,380.0,385.0,5.0,0.5,0.5,0.0,1.0,1,1.0,0.8906000000000063,0.0,0.0,0.8906000000000063,0,-0.0,0.46760000000000446,0.46760000000000446,1,2.5,2.5,1,2.5,2.5,0,0.0,0.0,0.2,0.0,0.5,1,0,0,0,1,1,0,0,0,5,0.8906000000000063,1.934000000000026,0,0.0,0.0,0,0.0,0.0,0.0,0.0,1.0,1,0,0,1,1,0,0,0,0,1.0,0.0,0.0,0.0,0.0,0.0,0.0,0.0,0.0,0.0,0.0,0.0,0.0,0.5581395348837209,0.5581395348837209,0.4418604651162791,0.9902246902198684,0.0,1.0,1.0,0.0,44.530000000000314,0.8906000000000063,-0.8906000000000063,0.3906000000000063,0.5,1.0
EX_10-EE_a,EX_10,EE,EE_UND,NON_UND,0,411.0,412.0,409.0,414.0,5.0,0.3893999999999892,0.38099999999999457,0.11319999999999482,0.8835999999999785,6,1.4240512103999818,0.8225999999999886,0.0,0.0,0.8225999999999886,0,-0.0,0.3491999999999962,0.3491999999999962,4,0.48674999999998647,0.7959999999999923,2,0.9524999999999864,1.545000000000016,1,0.5659999999999741,0.5659999999999741,1.2,0.0,0.1594000000000051,1,0,0,0,0,1,1,0,0,3,1.370999999999981,1.7799999999999727,0,0.0,0.0,0,0.0,0.0,0.0,0.0,1.0,1,0,0,1,1,0,0,0,0,0.3333333333333333,0.16666666666666666,0.3333333333333333,0.0,0.16666666666666666,0.0,0.0,0.0,0.0,0.0,0.0,0.0,0.0,0.4473684210526316,0.4473684210526316,0.39473684210526316,1.4689800860827833,0.0,1.0220472440944743,0.7703999999999838,-0.008399999999994634,41.12999999999943,0.8225999999999886,-0.8225999999999886,0.43319999999999936,0.38099999999999457,1.4240512103999818
EX_10-EE_a,EX_10,EE,EE_UND,UND,1,426.0,427.0,424.0,429.0,5.0,0.5775999999999953,0.21700000000000727,0.0,0.7946000000000026,2,0.8458685052702907,0.9275999999999953,0.0,0.0,0.9275999999999953,0,-0.0,0.5159999999999968,0.5159999999999968,3,0.9626666666666589,2.4470000000000027,1,1.0850000000000364,1.0850000000000364,0,0.0,0.0,0.4,0.0,0.25979999999999565,1,0,0,0,0,1,1,0,0,3,1.5459999999999923,3.322999999999979,0,0.0,0.0,0,0.0,0.0,0.0,0.0,1.0,1,0,0,1,1,0,0,0,0,0.5,0.0,0.5,0.0,0.0,0.0,0.0,0.0,0.0,0.0,0.0,0.0,0.0,0.7142857142857143,0.7142857142857143,0.2857142857142857,0.863120568566631,0.0,2.661751152073622,0.7946000000000026,-0.36059999999998804,46.37999999999977,0.9275999999999953,-0.9275999999999953,0.35,0.21700000000000727,0.8458685052702907
EX_10-EE_a,EX_10,EE,EE_UND,PART_UND,0,624.0,625.0,622.0,627.0,5.0,0.0,0.8681999999999789,0.0,0.8681999999999789,0,-0.0,0.0,1.0,0.0,1.0,0,-0.0,0.0,0.0,0,0.0,0.0,4,1.0852499999999736,2.899000000000001,0,0.0,0.0,0.0,1.0,0.0,0,1,0,1,1,0,0,0,0,0,0.0,0.0,1,5.0,5.0,0,0.0,0.0,0.0,1.0,0.0,0,1,0,0,0,1,1,0,0,0.0,0.0,0.0,0.0,0.0,0.0,0.0,0.0,0.0,0.0,0.0,0.0,1.0,0.0,1.0,0.0,-0.0,0.0,0.0,0.8681999999999789,0.8681999999999789,0.0,1.0,1.0,0.0,0.13180000000002112,0.0
EX_10-EE_a,EX_10,EE,EE_UND,UND,1,904.0,905.0,902.0,907.0,5.0,0.0,1.0,0.0,1.0,0,-0.0,0.14120000000000346,0.8182000000000016,0.0,0.9594000000000051,2,0.6027261599168486,0.0,0.0,0,0.0,0.0,1,5.0,5.0,0,0.0,0.0,0.0,1.0,0.0,0,1,0,1,1,0,0,0,0,1,0.7060000000000173,0.7060000000000173,3,1.3636666666666695,1.98599999999999,0,0.0,0.0,0.4,0.30119999999999436,0.0,0,1,0,0,0,1,1,0,0,0.0,0.0,0.0,0.0,0.0,0.0,0.5,0.0,0.5,0.0,0.0,0.0,0.851063829787234,0.0,0.851063829787234,0.14893617021276595,0.6071716548713029,0.0,0.0,1.0,1.0,0.17257394280127497,0.959400000000005,0.6769999999999982,0.14120000000000346,0.1817999999999984,0.6027261599168486
EX_10-EE_a,EX_10,EX,EX_UND,NON_UND,0,119.0,120.0,117.0,122.0,5.0,0.6707999999999998,0.2589999999999975,0.0,0.9297999999999973,4,0.8534737695062622,0.8331999999999994,0.0,0.0,0.8331999999999994,0,-0.0,0.5935999999999979,0.5935999999999979,4,0.8384999999999998,1.3529999999999944,2,0.6474999999999937,0.9289999999999878,0,0.0,0.0,0.8,0.0,0.36119999999999947,1,0,0,0,0,1,1,0,0,3,1.3886666666666656,1.9050000000000011,0,0.0,0.0,0,0.0,0.0,0.0,0.0,1.0,1,0,0,1,1,0,0,0,0,0.5,0.0,0.5,0.0,0.0,0.0,0.0,0.0,0.0,0.0,0.0,0.0,0.0,0.7142857142857143,0.7142857142857143,0.2857142857142857,0.863120568566631,0.0,2.5899613899614145,0.9297999999999973,-0.41180000000000233,41.65999999999997,0.8331999999999994,-0.8331999999999994,0.16239999999999954,0.2589999999999975,0.8534737695062622
EX_10-EE_a,EX_10,EX,EX_UND,NON_UND,0,133.0,134.0,131.0,136.0,5.0,0.7343999999999994,0.05600000000000023,0.04159999999999968,0.8319999999999993,4,0.6370309940059927,0.9636000000000025,0.0,0.0,0.9636000000000025,0,-0.0,0.6980000000000018,0.6980000000000018,3,1.223999999999999,1.7489999999999952,1,0.28000000000000114,0.28000000000000114,1,0.2079999999999984,0.2079999999999984,0.8,0.0,0.32160000000000083,1,0,0,0,0,1,1,0,0,3,1.606000000000004,2.7050000000000125,0,0.0,0.0,0,0.0,0.0,0.0,0.0,1.0,1,0,0,1,1,0,0,0,0,0.25,0.25,0.25,0.0,0.25,0.0,0.0,0.0,0.0,0.0,0.0,0.0,0.0,0.8974358974358975,0.8974358974358975,0.05128205128205128,0.5796354087834323,0.0,13.11428571428565,0.7903999999999997,-0.6783999999999991,48.18000000000012,0.9636000000000025,-0.9636000000000025,0.22920000000000307,0.05600000000000023,0.6370309940059927
EX_10-EE_a,EX_10,EX,EX_UND,NON_UND,0,247.0,248.0,245.0,250.0,5.0,0.7897999999999967,0.08039999999999736,0.0,0.8701999999999941,2,0.444405827989649,0.9262000000000057,0.0,0.0,0.9262000000000057,0,-0.0,0.7160000000000025,0.7160000000000025,4,0.987249999999996,1.9819999999999993,1,0.4019999999999868,0.4019999999999868,0,0.0,0.0,0.4,0.0,0.8336000000000012,1,0,0,0,0,1,1,0,0,3,1.5436666666666763,2.341000000000008,0,0.0,0.0,0,0.0,0.0,0.0,0.0,1.0,1,0,0,1,1,0,0,0,0,0.5,0.0,0.5,0.0,0.0,0.0,0.0,0.0,0.0,0.0,0.0,0.0,0.0,0.9047619047619048,0.9047619047619048,0.09523809523809523,0.4537163391869448,0.0,9.823383084577396,0.8701999999999941,-0.7093999999999994,46.31000000000029,0.9262000000000057,-0.9262000000000057,0.13640000000000896,0.08039999999999736,0.444405827989649
EX_10-EE_a,EX_10,EX,EX_UND,MISUND,0,265.0,266.0,263.0,268.0,5.0,0.24560000000000173,0.5815999999999917,0.0,0.8271999999999935,2,0.877474902395994,0.7129999999999995,0.1627999999999929,0.0,0.8757999999999925,2,0.6927880511142877,0.21960000000000263,0.21960000000000263,1,1.2280000000000086,1.2280000000000086,3,0.9693333333333195,1.4239999999999782,0,0.0,0.0,0.4,0.40879999999999656,0.03859999999999673,0,1,0,1,1,0,0,0,0,3,1.1883333333333326,2.021000000000015,1,0.8139999999999645,0.8139999999999645,0,0.0,0.0,0.4,0.04919999999999618,0.1642000000000053,1,0,0,1,1,0,0,0,0,0.5,0.0,0.5,0.0,0.0,0.0,0.5,0.0,0.5,0.0,0.0,0.0,0.1794871794871795,0.28205128205128205,0.46153846153846156,0.5384615384615384,1.4406868819964158,0.29315098498896436,0.42228335625860597,0.8271999999999934,0.33599999999999,4.379606879607068,0.8757999999999924,-0.5502000000000067,0.4673999999999978,0.4187999999999988,0.18468685128170637
EX_10-EE_a,EX_10,EX,EX_UND,NON_UND,0,358.0,359.0,356.0,361.0,5.0,0.35960000000001174,0.47959999999999353,0.0,0.8392000000000053,5,0.9851998616186726,0.7844000000000051,0.10199999999999818,0.0,0.8864000000000033,2,0.5150281823868106,0.32820000000001526,0.32820000000001526,4,0.44950000000001467,0.9110000000000014,3,0.7993333333333226,1.5279999999999632,0,0.0,0.0,1.0,0.0,0.08020000000000209,0,1,0,0,1,1,0,0,0,3,1.307333333333342,2.829999999999984,1,0.5099999999999909,0.5099999999999909,0,0.0,0.0,0.4,0.0,0.30639999999999645,1,0,0,1,1,0,0,0,0,0.6,0.0,0.4,0.0,0.0,0.0,0.5,0.0,0.5,0.0,0.0,0.0,0.13513513513513514,0.4594594594594595,0.5945945945945946,0.40540540540540543,1.433781265363535,0.36443449342783124,0.7497914929107936,0.8392000000000053,0.11999999999998179,7.69019607843156,0.8864000000000033,-0.6824000000000069,0.42479999999999335,0.3775999999999954,0.470171679231862
EX_10-EE_a,EX_10,EX,EX_UND,NON_UND,0,373.0,374.0,371.0,376.0,5.0,0.6103999999999928,0.295799999999997,0.0,0.9061999999999898,2,0.9112247324967246,0.677800000000002,0.087399999999991,0.015399999999999636,0.7805999999999926,3,0.6423124792568732,0.44800000000000184,0.44800000000000184,3,1.0173333333333214,1.2549999999999955,1,1.478999999999985,1.478999999999985,0,0.0,0.0,0.4,0.0,0.29420000000000074,1,0,0,0,0,1,1,0,0,3,1.12966666666667,1.8190000000000168,1,0.436999999999955,0.436999999999955,1,0.07699999999999818,0.07699999999999818,0.6,0.012000000000000455,0.12340000000000373,1,0,0,1,0,0,0,0,1,0.5,0.0,0.5,0.0,0.0,0.0,0.3333333333333333,0.3333333333333333,0.3333333333333333,0.0,0.0,0.0,0.0,0.631578947368421,0.631578947368421,0.3684210526315789,1.2674438038072335,-0.20498001542269692,2.0635564570655816,0.9061999999999899,-0.3145999999999958,7.755148741419585,0.765199999999993,-0.5904000000000109,0.06740000000000912,0.20840000000000602,0.26891225323985146
EX_10-EE_a,EX_10,EX,EX_UND,NON_UND,0,417.0,418.0,415.0,420.0,5.0,0.8488000000000057,0.07339999999999236,0.026599999999996272,0.9487999999999943,3,0.5739477772699506,0.30639999999999645,0.21639999999999873,0.38139999999999646,0.9041999999999917,3,1.5480553119624059,0.22880000000000109,0.22880000000000109,2,2.122000000000014,2.877999999999986,1,0.3669999999999618,0.3669999999999618,1,0.13299999999998136,0.13299999999998136,0.6,0.012199999999995725,0.2854000000000042,1,0,0,0,0,1,0,0,1,2,0.7659999999999911,1.1920000000000073,1,1.0819999999999936,1.0819999999999936,1,1.9069999999999823,1.9069999999999823,0.6,0.0,0.16380000000000336,0,0,1,1,1,0,0,0,0,0.3333333333333333,0.3333333333333333,0.3333333333333333,0.0,0.0,0.0,0.3333333333333333,0.0,0.0,0.3333333333333333,0.3333333333333333,0.0,0.06976744186046512,0.2558139534883721,0.32558139534883723,0.18604651162790697,1.9490727067346127,-0.07714542762891774,11.564032697548965,0.922199999999998,-0.7754000000000133,1.4158964879852045,0.5227999999999952,-0.08999999999999772,0.5424000000000092,0.14300000000000637,0.9741075346924553
EX_10-EE_a,EX_10,EX,EX_UND,UND,1,444.0,445.0,442.0,447.0,5.0,0.7605999999999995,0.170799999999997,0.0,0.9313999999999965,2,0.6874153566027926,0.7745999999999981,0.0,0.0,0.7745999999999981,0,-0.0,0.6157999999999901,0.6157999999999901,2,1.9014999999999986,2.6619999999999777,1,0.853999999999985,0.853999999999985,0,0.0,0.0,0.4,0.0,0.2282000000000039,1,0,0,0,0,1,1,0,0,3,1.2909999999999968,2.2549999999999955,0,0.0,0.0,0,0.0,0.0,0.0,0.0,1.0,1,0,0,1,1,0,0,0,0,0.5,0.0,0.5,0.0,0.0,0.0,0.0,0.0,0.0,0.0,0.0,0.0,0.0,0.8823529411764706,0.8823529411764706,0.11764705882352941,0.5225593745369408,0.0,4.45316159250593,0.9313999999999965,-0.5898000000000025,38.729999999999905,0.7745999999999981,-0.7745999999999981,0.01399999999999857,0.170799999999997,0.6874153566027926
EX_10-EE_a,EX_10,EX,EX_UND,PART_UND,0,634.0,635.0,632.0,637.0,5.0,0.0,0.9337999999999965,0.0,0.9337999999999965,0,-0.0,0.0,1.0,0.0,1.0,0,-0.0,0.0,0.0,0,0.0,0.0,2,2.3344999999999914,3.6860000000000355,0,0.0,0.0,0.0,1.0,0.0,0,1,0,1,1,0,0,0,0,0,0.0,0.0,1,5.0,5.0,0,0.0,0.0,0.0,1.0,0.0,0,1,0,0,0,1,1,0,0,0.0,0.0,0.0,0.0,0.0,0.0,0.0,0.0,0.0,0.0,0.0,0.0,1.0,0.0,1.0,0.0,-0.0,0.0,0.0,0.9337999999999965,0.9337999999999965,0.0,1.0,1.0,0.0,0.06620000000000348,0.0
EX_10-EE_a,EX_10,EX,EX_UND,UND,1,668.0,669.0,666.0,671.0,5.0,0.06240000000000236,0.8817999999999984,0.0,0.9442000000000007,2,0.35115108125601435,0.0,0.8636000000000195,0.0,0.8636000000000195,0,-0.0,0.0,0.0,1,0.3120000000000118,0.3120000000000118,3,1.469666666666664,2.59699999999998,0,0.0,0.0,0.4,0.6743999999999915,0.0,0,1,0,1,1,0,0,0,0,0,0.0,0.0,3,1.4393333333333658,1.7480000000000473,0,0.0,0.0,0.0,1.0,0.0,0,1,0,0,0,1,1,0,0,0.5,0.0,0.5,0.0,0.0,0.0,0.0,0.0,0.0,0.0,0.0,0.0,0.975,0.0,0.975,0.025,0.16866093149667025,0.0,0.07076434565661428,0.9442000000000007,0.819399999999996,0.0,0.8636000000000195,0.8636000000000195,0.06240000000000236,0.0181999999999789,0.35115108125601435
EX_10-EE_a,EX_10,EX,EX_UND,NON_UND,0,719.0,720.0,717.0,722.0,5.0,0.08720000000000709,0.8819999999999937,0.0,0.9692000000000007,1,0.43637337930595715,0.07380000000000564,0.866800000000012,0.0,0.9406000000000176,2,0.39673150332742846,0.009400000000005094,0.009400000000005094,1,0.43600000000003547,0.43600000000003547,1,4.409999999999968,4.409999999999968,0,0.0,0.0,0.2,0.0,0.11800000000000636,0,1,0,0,1,1,0,0,0,2,0.1845000000000141,0.32200000000000273,1,4.33400000000006,4.33400000000006,0,0.0,0.0,0.4,0.0,0.06859999999999218,0,1,0,1,1,0,0,0,0,1.0,0.0,0.0,0.0,0.0,0.0,0.5,0.0,0.5,0.0,0.0,0.0,0.8913043478260869,0.021739130434782608,0.9130434782608695,0.08695652173913043,0.6449854410242977,0.3125270551058903,0.09886621315193618,0.9692000000000007,0.7947999999999866,0.08514074757730113,0.9406000000000176,0.7930000000000064,0.013400000000001452,0.015199999999981673,0.039641875978528696
EX_10-EE_a,EX_10,EX,EX_UND,PART_UND,0,769.0,770.0,767.0,772.0,5.0,0.0,0.9577999999999974,0.0,0.9577999999999974,0,-0.0,0.0,0.9779999999999973,0.0,0.9779999999999973,0,-0.0,0.0,0.0,0,0.0,0.0,2,2.3944999999999936,3.995999999999981,0,0.0,0.0,0.0,1.0,0.0,0,1,0,1,1,0,0,0,0,0,0.0,0.0,2,2.444999999999993,3.9009999999999536,0,0.0,0.0,0.0,1.0,0.0,0,1,0,0,0,1,1,0,0,0.0,0.0,0.0,0.0,0.0,0.0,0.0,0.0,0.0,0.0,0.0,0.0,1.0,0.0,1.0,0.0,-0.0,0.0,0.0,0.9577999999999974,0.9577999999999974,0.0,0.9779999999999973,0.9779999999999973,0.0,0.020199999999999885,0.0
EX_10-EE_a,EX_10,EX,EX_UND,PART_UND,0,830.0,831.0,828.0,833.0,5.0,0.0,0.963000000000011,0.0,0.963000000000011,0,-0.0,0.0,0.913799999999992,0.0,0.913799999999992,0,-0.0,0.0,0.0,0,0.0,0.0,2,2.4075000000000273,2.691000000000031,0,0.0,0.0,0.0,1.0,0.0,0,1,0,1,1,0,0,0,0,0,0.0,0.0,3,1.5229999999999866,2.5699999999999363,0,0.0,0.0,0.0,1.0,0.0,0,1,0,0,0,1,1,0,0,0.0,0.0,0.0,0.0,0.0,0.0,0.0,0.0,0.0,0.0,0.0,0.0,1.0,0.0,1.0,0.0,-0.0,0.0,0.0,0.963000000000011,0.963000000000011,0.0,0.913799999999992,0.913799999999992,0.0,0.049200000000019006,0.0
EX_10-EE_a,EX_10,EX,EX_UND,NON_UND,0,883.0,884.0,881.0,886.0,5.0,0.0,1.0,0.0,1.0,0,-0.0,0.08319999999998799,0.7968000000000075,0.0,0.8799999999999955,2,0.4514626674788134,0.0,0.0,0,0.0,0.0,1,5.0,5.0,0,0.0,0.0,0.0,1.0,0.0,0,1,0,1,1,0,0,0,0,1,0.41599999999994,0.41599999999994,2,1.9920000000000186,3.3350000000000364,0,0.0,0.0,0.4,0.7490000000000009,0.0,0,1,0,0,0,1,1,0,0,0.0,0.0,0.0,0.0,0.0,0.0,0.5,0.0,0.5,0.0,0.0,0.0,0.9090909090909091,0.0,0.9090909090909091,0.09090909090909091,0.4394969869215134,0.0,0.0,1.0,1.0,0.10441767068271487,0.8799999999999955,0.7136000000000196,0.08319999999998799,0.2031999999999925,0.4514626674788134
EX_10-EE_a,EX_10,EX,EX_UND,NON_UND,0,907.0,908.0,905.0,910.0,5.0,0.0,0.9726000000000112,0.0,0.9726000000000112,0,-0.0,0.0,0.9594000000000051,0.0,0.9594000000000051,0,-0.0,0.0,0.0,0,0.0,0.0,2,2.431500000000028,3.4500000000000455,0,0.0,0.0,0.0,1.0,0.0,0,1,0,1,1,0,0,0,0,0,0.0,0.0,2,2.3985000000000127,3.5990000000000464,0,0.0,0.0,0.0,1.0,0.0,0,1,0,0,0,1,1,0,0,0.0,0.0,0.0,0.0,0.0,0.0,0.0,0.0,0.0,0.0,0.0,0.0,1.0,0.0,1.0,0.0,-0.0,0.0,0.0,0.9726000000000112,0.9726000000000112,0.0,0.9594000000000051,0.9594000000000051,0.0,0.013200000000006096,0.0
EX_10-EE_a,EX_10,EX,EX_UND,NON_UND,0,929.0,930.0,927.0,932.0,5.0,0.0,0.9484000000000151,0.0,0.9484000000000151,0,-0.0,0.07859999999998309,0.8135999999999968,0.0,0.8921999999999798,2,0.4300852083036807,0.0,0.0,0,0.0,0.0,2,2.3710000000000377,4.152000000000044,0,0.0,0.0,0.0,1.0,0.0,0,1,0,1,1,0,0,0,0,1,0.3929999999999154,0.3929999999999154,4,1.016999999999996,2.893000000000029,0,0.0,0.0,0.4,0.3428000000000111,0.0,0,1,0,0,0,1,1,0,0,0.0,0.0,0.0,0.0,0.0,0.0,0.5,0.0,0.5,0.0,0.0,0.0,0.9069767441860465,0.0,0.9069767441860465,0.09302325581395349,0.44648134689680297,0.0,0.0,0.9484000000000151,0.9484000000000151,0.09660766961649876,0.8921999999999799,0.7350000000000136,0.07859999999998309,0.13480000000001835,0.4300852083036807
EX_10-EE_a,EX_10,EX,EX_UND,NON_UND,0,1023.0,1024.0,1021.0,1026.0,5.0,0.0,0.9642000000000053,0.0,0.9642000000000053,0,-0.0,0.0,0.9782000000000153,0.0,0.9782000000000153,0,-0.0,0.0,0.0,0,0.0,0.0,2,2.410500000000013,4.071000000000026,0,0.0,0.0,0.0,1.0,0.0,0,1,0,1,1,0,0,0,0,0,0.0,0.0,2,2.445500000000038,4.298000000000002,0,0.0,0.0,0.0,1.0,0.0,0,1,0,0,0,1,1,0,0,0.0,0.0,0.0,0.0,0.0,0.0,0.0,0.0,0.0,0.0,0.0,0.0,1.0,0.0,1.0,0.0,-0.0,0.0,0.0,0.9642000000000053,0.9642000000000053,0.0,0.9782000000000153,0.9782000000000153,0.0,0.014000000000010004,0.0
EX_10-EE_a,EX_10,EX,EX_UND,UND,1,1222.0,1223.0,1220.0,1225.0,5.0,0.0,0.9766000000000077,0.0,0.9766000000000077,0,-0.0,0.0,0.9042000000000371,0.0,0.9042000000000371,0,-0.0,0.0,0.0,0,0.0,0.0,2,2.441500000000019,2.7180000000000746,0,0.0,0.0,0.0,1.0,0.0,0,1,0,1,1,0,0,0,0,0,0.0,0.0,3,1.5070000000000618,2.574000000000069,0,0.0,0.0,0.0,1.0,0.0,0,1,0,0,0,1,1,0,0,0.0,0.0,0.0,0.0,0.0,0.0,0.0,0.0,0.0,0.0,0.0,0.0,1.0,0.0,1.0,0.0,-0.0,0.0,0.0,0.9766000000000077,0.9766000000000077,0.0,0.9042000000000371,0.9042000000000371,0.0,0.0723999999999706,0.0
EX_10-EE_a,EX_10,EX,EX_UND,PART_UND,0,1319.0,1320.0,1317.0,1322.0,5.0,0.0,0.9575999999999567,0.0,0.9575999999999567,0,-0.0,0.0,0.9130000000000564,0.0,0.9130000000000564,0,-0.0,0.0,0.0,0,0.0,0.0,3,1.595999999999928,2.5119999999999436,0,0.0,0.0,0.0,1.0,0.0,0,1,0,1,1,0,0,0,0,0,0.0,0.0,4,1.1412500000000705,2.831000000000131,0,0.0,0.0,0.0,1.0,0.0,0,1,0,0,0,1,1,0,0,0.0,0.0,0.0,0.0,0.0,0.0,0.0,0.0,0.0,0.0,0.0,0.0,1.0,0.0,1.0,0.0,-0.0,0.0,0.0,0.9575999999999567,0.9575999999999567,0.0,0.9130000000000564,0.9130000000000564,0.0,0.044599999999900275,0.0
EX_10-EE_c,EX_10,EE,EE_UND,UND,1,99.0,100.0,97.0,102.0,5.0,0.37320000000000564,0.4697999999999979,0.0,0.8430000000000035,4,0.9905071180263544,0.7641999999999995,0.172999999999999,0.0,0.9371999999999986,2,0.6900211139524668,0.3390000000000043,0.3390000000000043,5,0.37320000000000564,0.8050000000000068,2,1.1744999999999948,1.7109999999999985,0,0.0,0.0,0.8,0.0,0.3032000000000011,0,1,0,0,0,1,1,0,0,3,1.273666666666666,1.7800000000000011,1,0.8649999999999949,0.8649999999999949,0,0.0,0.0,0.4,0.0,0.4469999999999999,1,0,0,1,1,0,0,0,0,0.5,0.0,0.5,0.0,0.0,0.0,0.5,0.0,0.5,0.0,0.0,0.0,0.21052631578947367,0.4473684210526316,0.6578947368421053,0.34210526315789475,1.5218068650991126,0.4646213682914464,0.7943805874840514,0.8430000000000035,0.09659999999999225,4.417341040462451,0.9371999999999985,-0.5912000000000006,0.3909999999999939,0.2967999999999989,0.3004860040738876
EX_10-EE_c,EX_10,EE,EE_UND,PART_UND,0,158.0,159.0,156.0,161.0,5.0,0.646999999999997,0.18499999999999658,0.027799999999996317,0.8597999999999899,6,0.9456894685437967,0.7676000000000045,0.0,0.11959999999999696,0.8872000000000014,2,0.5704732108992258,0.46100000000000135,0.46100000000000135,5,0.646999999999997,1.306999999999988,2,0.4624999999999915,0.8029999999999973,1,0.13899999999998158,0.13899999999998158,1.2,0.0,0.5862000000000023,1,0,0,0,0,1,1,0,0,5,0.7676000000000045,3.2860000000000014,0,0.0,0.0,1,0.5979999999999848,0.5979999999999848,0.4,0.0,1.0,1,0,0,1,1,0,0,0,0,0.3333333333333333,0.16666666666666666,0.3333333333333333,0.0,0.16666666666666666,0.0,0.0,0.5,0.0,0.0,0.5,0.0,0.0,0.631578947368421,0.631578947368421,0.18421052631578946,1.4268654219689036,-0.22360679774997894,3.497297297297346,0.8319999999999936,-0.4620000000000004,38.38000000000022,0.7676000000000045,-0.7676000000000045,0.12060000000000748,0.18499999999999658,0.3752162576445709
EX_10-EE_c,EX_10,EE,EE_UND,UND,1,194.0,195.0,192.0,197.0,5.0,0.7601999999999975,0.2066000000000031,0.0,0.9668000000000007,4,0.7484858518009756,0.9677999999999998,0.0,0.0,0.9677999999999998,0,-0.0,0.7601999999999975,0.7601999999999975,4,0.9502499999999969,1.9480000000000075,2,0.5165000000000077,0.6750000000000114,0,0.0,0.0,0.8,0.0,0.24379999999999882,1,0,0,0,0,1,1,0,0,2,2.4194999999999993,2.509999999999991,0,0.0,0.0,0,0.0,0.0,0.0,0.0,1.0,1,0,0,1,1,0,0,0,0,0.5,0.0,0.5,0.0,0.0,0.0,0.0,0.0,0.0,0.0,0.0,0.0,0.0,0.8085106382978723,0.8085106382978723,0.19148936170212766,0.7045767128725936,0.0,3.6795740561470773,0.9668000000000007,-0.5535999999999944,48.389999999999986,0.9677999999999998,-0.9677999999999998,0.20760000000000223,0.2066000000000031,0.7484858518009756
EX_10-EE_c,EX_10,EE,EE_UND,PART_UND,0,247.0,248.0,245.0,250.0,5.0,0.5900000000000034,0.33279999999999743,0.0,0.9228000000000008,3,0.9432144155924629,0.7300000000000069,0.0,0.18599999999999567,0.9160000000000025,2,0.7279996656992469,0.5900000000000034,0.5900000000000034,2,1.4750000000000085,2.3610000000000184,2,0.8319999999999936,1.407999999999987,0,0.0,0.0,0.6,0.0,0.14560000000000173,1,0,0,0,1,1,0,0,0,3,1.216666666666678,2.872000000000014,0,0.0,0.0,4,0.2324999999999946,0.38800000000000523,0.4,0.0,1.0,1,0,0,1,1,0,0,0,0,0.6666666666666666,0.0,0.3333333333333333,0.0,0.0,0.0,0.0,0.5,0.0,0.0,0.5,0.0,0.0,0.6904761904761905,0.6904761904761905,0.14285714285714285,1.2008243676018613,0.6679474875720742,1.7728365384615623,0.9228000000000008,-0.257200000000006,36.50000000000034,0.7300000000000069,-0.7300000000000069,0.14000000000000346,0.33279999999999743,0.21521474989321598
EX_10-EE_c,EX_10,EE,EE_UND,UND,1,308.0,309.0,306.0,311.0,5.0,0.7906000000000063,0.20919999999999844,0.0,0.9998000000000047,3,0.7400310594288205,0.6867999999999939,0.0,0.2928000000000111,0.9796000000000049,4,0.8799390447070758,0.5265999999999963,0.5265999999999963,2,1.9765000000000157,3.427000000000021,2,0.5229999999999961,0.63900000000001,0,0.0,0.0,0.6,0.0,0.1052000000000021,1,0,0,0,1,1,0,0,0,3,1.1446666666666563,1.6089999999999804,0,0.0,0.0,3,0.4880000000000185,1.0610000000000355,0.8,0.0,1.0,1,0,0,1,1,0,0,0,0,0.6666666666666666,0.0,0.3333333333333333,0.0,0.0,0.0,0.0,0.5,0.0,0.0,0.5,0.0,0.0,0.5714285714285714,0.5714285714285714,0.14285714285714285,1.547832858795412,-0.06666666666666664,3.7791586998088538,0.9998000000000047,-0.5814000000000079,34.33999999999969,0.6867999999999939,-0.6867999999999939,0.10380000000001244,0.20919999999999844,0.13990798527825532
EX_10-EE_c,EX_10,EE,EE_UND,UND,1,367.0,368.0,365.0,370.0,5.0,0.0,1.0,0.0,1.0,0,-0.0,0.44279999999999975,0.5572000000000003,0.0,1.0,3,0.9905387648091599,0.0,0.0,0,0.0,0.0,1,5.0,5.0,0,0.0,0.0,0.0,1.0,0.0,0,1,0,1,1,0,0,0,0,2,1.1069999999999993,1.350999999999999,2,1.3930000000000007,1.6730000000000018,0,0.0,0.0,0.6,0.0,0.27019999999999983,0,1,0,1,0,0,1,0,0,0.0,0.0,0.0,0.0,0.0,0.0,0.6666666666666666,0.0,0.3333333333333333,0.0,0.0,0.0,0.56,0.0,0.56,0.44,0.9895875212220556,0.0,0.0,1.0,1.0,0.7946877243359647,1.0,0.1144000000000005,0.44279999999999975,0.44279999999999975,0.9905387648091599
EX_10-EE_c,EX_10,EE,EE_UND,NON_UND,0,499.0,500.0,497.0,502.0,5.0,0.0,0.9867999999999938,0.0,0.9867999999999938,0,-0.0,0.03559999999999945,0.9074000000000069,0.0,0.9430000000000064,1,0.2318878351528376,0.0,0.0,0,0.0,0.0,2,2.4669999999999845,3.367999999999995,0,0.0,0.0,0.0,1.0,0.0,0,1,0,1,1,0,0,0,0,1,0.17799999999999727,0.17799999999999727,3,1.5123333333333449,2.399000000000001,0,0.0,0.0,0.2,0.0,0.03559999999999945,0,1,0,1,0,0,1,0,0,0.0,0.0,0.0,0.0,0.0,0.0,1.0,0.0,0.0,0.0,0.0,0.0,0.9565217391304348,0.0,0.9565217391304348,0.043478260869565216,0.2580186686648155,0.0,0.0,0.9867999999999938,0.9867999999999938,0.03923297333039363,0.9430000000000063,0.8718000000000075,0.03559999999999945,0.07939999999998693,0.2318878351528376
EX_10-EE_c,EX_10,EE,EE_UND,PART_UND,0,559.0,560.0,557.0,562.0,5.0,0.07019999999999982,0.8468000000000074,0.0,0.9170000000000073,1,0.38991898031555794,0.197400000000016,0.7541999999999917,0.0,0.9516000000000077,3,0.7365610077056012,0.07019999999999982,0.07019999999999982,1,0.3509999999999991,0.3509999999999991,1,4.234000000000037,4.234000000000037,0,0.0,0.0,0.2,0.0,0.15319999999999254,0,1,0,0,1,1,0,0,0,2,0.49350000000004,0.6620000000000346,3,1.2569999999999861,1.8360000000000127,0,0.0,0.0,0.6,0.0,0.1326000000000022,0,1,0,1,0,0,1,0,0,1.0,0.0,0.0,0.0,0.0,0.0,0.6666666666666666,0.0,0.3333333333333333,0.0,0.0,0.0,0.8409090909090909,0.09090909090909091,0.9318181818181818,0.06818181818181818,0.7888711179456015,0.72702917999997,0.08290033065658857,0.9170000000000073,0.7766000000000076,0.2617342879872954,0.9516000000000077,0.5567999999999756,0.1272000000000162,0.09260000000001578,0.34664202739004324
EX_10-EE_c,EX_10,EE,EE_UND,PART_UND,0,580.0,581.0,578.0,583.0,5.0,0.0,0.9756000000000086,0.0,0.9756000000000086,0,-0.0,0.005999999999994543,0.9786000000000058,0.0,0.9846000000000004,1,0.053605860652028464,0.0,0.0,0,0.0,0.0,1,4.878000000000043,4.878000000000043,0,0.0,0.0,0.0,1.0,0.02439999999999145,0,1,0,1,1,0,0,0,0,1,0.029999999999972715,0.029999999999972715,1,4.893000000000029,4.893000000000029,0,0.0,0.0,0.2,0.9940000000000054,0.0,0,1,0,0,1,1,0,0,0,0.0,0.0,0.0,0.0,0.0,0.0,0.0,0.0,1.0,0.0,0.0,0.0,1.0,0.0,1.0,0.0,-0.0,0.0,0.0,0.9756000000000086,0.9756000000000086,0.006131207847940433,0.9846000000000004,0.9726000000000112,0.005999999999994543,0.002999999999997227,0.053605860652028464
EX_10-EE_c,EX_10,EE,EE_UND,PART_UND,0,806.0,807.0,804.0,809.0,5.0,0.0,1.0,0.0,1.0,0,-0.0,0.012799999999992906,0.9657999999999902,0.0,0.978599999999983,1,0.10058087278232158,0.0,0.0,0,0.0,0.0,1,5.0,5.0,0,0.0,0.0,0.0,1.0,0.0,0,1,0,1,1,0,0,0,0,1,0.06399999999996453,0.06399999999996453,2,2.4144999999999754,2.4710000000000036,0,0.0,0.0,0.2,0.0,0.012799999999992906,0,1,0,1,0,0,1,0,0,0.0,0.0,0.0,0.0,0.0,0.0,1.0,0.0,0.0,0.0,0.0,0.0,0.9795918367346939,0.0,0.9795918367346939,0.02040816326530612,0.14372616993938178,0.0,0.0,1.0,1.0,0.013253261544826088,0.9785999999999832,0.9529999999999973,0.012799999999992906,0.03420000000000978,0.10058087278232158
EX_10-EE_c,EX_10,EE,EE_UND,UND,1,835.0,836.0,833.0,838.0,5.0,0.24680000000000746,0.7531999999999925,0.0,1.0,2,0.8061667363639484,0.8435999999999921,0.011599999999998546,0.0,0.8551999999999907,1,0.10358793526791087,0.24680000000000746,0.24680000000000746,1,1.2340000000000373,1.2340000000000373,2,1.8829999999999814,2.894999999999982,0,0.0,0.0,0.4,0.5789999999999964,0.0,0,1,0,1,1,0,0,0,0,1,4.217999999999961,4.217999999999961,1,0.057999999999992724,0.057999999999992724,0,0.0,0.0,0.2,0.0,0.9884000000000015,1,0,0,1,0,0,1,0,0,0.5,0.0,0.5,0.0,0.0,0.0,1.0,0.0,0.0,0.0,0.0,0.0,0.0,0.3023255813953488,0.3023255813953488,0.6976744186046512,0.8841151220488479,0.0,0.3276686139139802,1.0,0.5063999999999851,42.17999999999961,0.8551999999999906,-0.8319999999999936,0.5967999999999847,0.741599999999994,0.7025788010960375
EX_10-EE_c,EX_10,EE,EE_UND,UND,1,997.0,998.0,995.0,1000.0,5.0,0.06059999999999945,0.772199999999998,0.06459999999997308,0.8973999999999706,4,0.7223764139151745,0.6942000000000007,0.2551999999999907,0.0,0.9493999999999915,2,0.8397393831508868,0.06059999999999945,0.06059999999999945,1,0.30299999999999727,0.30299999999999727,4,0.9652499999999975,1.9460000000000264,2,0.1614999999999327,0.20499999999992724,0.8,0.38920000000000526,0.0,0,1,0,1,1,0,0,0,0,2,1.7355000000000018,3.177000000000021,2,0.6379999999999768,0.9109999999999445,0,0.0,0.0,0.4,0.0,0.05879999999999654,1,0,0,1,1,0,0,0,0,0.25,0.0,0.25,0.25,0.0,0.25,0.5,0.0,0.5,0.0,0.0,0.0,0.30952380952380953,0.07142857142857142,0.38095238095238093,0.5476190476190477,1.5433313196960834,0.18569533817705192,0.07847707847707797,0.8327999999999974,0.7115999999999986,2.720219435736779,0.9493999999999914,-0.43900000000001,0.6336000000000013,0.5170000000000072,0.11736296923571232
EX_10-EE_c,EX_10,EE,EE_UND,NON_UND,0,1225.0,1226.0,1223.0,1228.0,5.0,0.0,0.8907999999999902,0.0,0.8907999999999902,0,-0.0,0.5199999999999818,0.4641999999999825,0.0,0.9841999999999643,1,0.9976800473346369,0.0,0.0,0,0.0,0.0,3,1.4846666666666504,2.2070000000001073,0,0.0,0.0,0.0,1.0,0.0,0,1,0,1,1,0,0,0,0,1,2.599999999999909,2.599999999999909,1,2.3209999999999127,2.3209999999999127,0,0.0,0.0,0.2,0.4800000000000182,0.0,1,0,0,0,1,1,0,0,0,0.0,0.0,0.0,0.0,0.0,0.0,0.0,0.0,1.0,0.0,0.0,0.0,0.5111111111111111,0.0,0.5111111111111111,0.4888888888888889,0.9996437496778561,0.0,0.0,0.8907999999999902,0.8907999999999902,1.120206807410602,0.9841999999999643,-0.055799999999999295,0.5199999999999818,0.42660000000000764,0.9976800473346369
EX_10-EE_c,EX_10,EE,EE_UND,UND,1,1247.0,1248.0,1245.0,1250.0,5.0,0.0,0.9324000000000069,0.0,0.9324000000000069,0,-0.0,0.059000000000014555,0.9147999999999683,0.0,0.9737999999999829,1,0.32977223699716274,0.0,0.0,0,0.0,0.0,2,2.3310000000000173,2.9449999999999363,0,0.0,0.0,0.0,1.0,0.0,0,1,0,1,1,0,0,0,0,1,0.29500000000007276,0.29500000000007276,2,2.286999999999921,2.839999999999918,0,0.0,0.0,0.2,0.0,0.059000000000014555,0,1,0,1,0,0,1,0,0,0.0,0.0,0.0,0.0,0.0,0.0,1.0,0.0,0.0,0.0,0.0,0.0,0.9347826086956522,0.0,0.9347826086956522,0.06521739130434782,0.34781691357106326,0.0,0.0,0.9324000000000069,0.9324000000000069,0.06449497157850524,0.9737999999999829,0.8557999999999537,0.059000000000014555,0.017600000000038585,0.32977223699716274
EX_10-EE_c,EX_10,EE,EE_UND,PART_UND,0,1404.03,1405.01,1402.03,1407.01,4.980000000000018,0.0,0.9899598393574389,0.0,0.9899598393574389,0,-0.0,0.31485943775099956,0.639357429718867,0.0,0.9542168674698666,2,0.9148919685735719,0.0,0.0,0,0.0,0.0,1,4.930000000000064,4.930000000000064,0,0.0,0.0,0.0,1.0,0.0,0,1,0,1,1,0,0,0,0,2,0.7839999999999918,1.0670000000000073,1,3.183999999999969,3.183999999999969,0,0.0,0.0,0.4016064257028098,0.0,0.12389558232930914,0,1,0,1,1,0,0,0,0,0.0,0.0,0.0,0.0,0.0,0.0,0.5,0.0,0.5,0.0,0.0,0.0,0.6739130434782609,0.0,0.6739130434782609,0.32608695652173914,0.9108783787500366,0.0,0.0,0.9899598393574389,0.9899598393574389,0.4924623115577885,0.9542168674698666,0.32449799196786744,0.31485943775099956,0.3506024096385719,0.9148919685735719
EX_10-EE_c,EX_10,EE,EE_UND,UND,1,1409.0,1410.0,1407.0,1412.0,5.0,0.0,0.9155999999999949,0.0,0.9155999999999949,0,-0.0,0.23460000000000036,0.7403999999999996,0.0,0.975,1,0.7960621456846836,0.0,0.0,0,0.0,0.0,2,2.2889999999999873,3.714999999999918,0,0.0,0.0,0.0,1.0,0.02179999999998472,0,1,0,1,1,0,0,0,0,1,1.1730000000000018,1.1730000000000018,2,1.850999999999999,2.0820000000001073,0,0.0,0.0,0.2,0.0,0.23479999999999562,0,1,0,1,0,0,1,0,0,0.0,0.0,0.0,0.0,0.0,0.0,1.0,0.0,0.0,0.0,0.0,0.0,0.8181818181818182,0.0,0.8181818181818182,0.18181818181818182,0.6840384356390417,0.0,0.0,0.9155999999999949,0.9155999999999949,0.3168557536466781,0.975,0.5057999999999993,0.23460000000000036,0.17519999999999525,0.7960621456846836
EX_10-EE_c,EX_10,EX,EX_UND,NON_UND,0,90.0,91.0,88.0,93.0,5.0,0.6830000000000013,0.13460000000000036,0.0,0.8176000000000017,3,0.6452675493760403,0.9818000000000012,0.0,0.0,0.9818000000000012,0,-0.0,0.6716000000000009,0.6716000000000009,3,1.1383333333333354,2.285000000000011,2,0.3365000000000009,0.6069999999999993,0,0.0,0.0,0.6,0.0,0.2566000000000003,1,0,0,0,1,1,0,0,0,2,2.454500000000003,2.733000000000004,0,0.0,0.0,0,0.0,0.0,0.0,0.0,1.0,1,0,0,1,1,0,0,0,0,0.6666666666666666,0.0,0.3333333333333333,0.0,0.0,0.0,0.0,0.0,0.0,0.0,0.0,0.0,0.0,0.8461538461538461,0.8461538461538461,0.15384615384615385,0.6193821946787638,0.0,5.074294205052002,0.8176000000000017,-0.5484000000000009,49.09000000000006,0.9818000000000012,-0.9818000000000012,0.29879999999999995,0.13460000000000036,0.6452675493760403
EX_10-EE_c,EX_10,EX,EX_UND,MISUND,0,242.0,243.0,240.0,245.0,5.0,0.9686000000000036,0.0,0.0,0.9686000000000036,0,-0.0,0.8153999999999939,0.0,0.05600000000000023,0.8713999999999942,2,0.3441453989954095,0.8153999999999939,0.8153999999999939,2,2.421500000000009,3.562000000000012,0,0.0,0.0,0,0.0,0.0,0.0,0.0,1.0,1,0,0,0,0,1,1,0,0,5,0.8153999999999939,3.016999999999996,0,0.0,0.0,2,0.14000000000000057,0.19700000000000273,0.4,0.0,1.0,1,0,0,1,1,0,0,0,0,0.0,0.0,0.0,0.0,0.0,0.0,0.0,0.5,0.0,0.0,0.5,0.0,0.0,0.9318181818181818,0.9318181818181818,0.0,0.3591016256485496,0.0,48.43000000000018,0.9686000000000036,-0.9686000000000036,40.7699999999997,0.8153999999999939,-0.8153999999999939,0.15320000000000966,0.0,0.3441453989954095
EX_10-EE_c,EX_10,EX,EX_UND,PART_UND,0,367.0,368.0,365.0,370.0,5.0,0.0,1.0,0.0,1.0,0,-0.0,0.44279999999999975,0.5572000000000003,0.0,1.0,3,0.9905387648091599,0.0,0.0,0,0.0,0.0,1,5.0,5.0,0,0.0,0.0,0.0,1.0,0.0,0,1,0,1,1,0,0,0,0,2,1.1069999999999993,1.350999999999999,2,1.3930000000000007,1.6730000000000018,0,0.0,0.0,0.6,0.0,0.27019999999999983,0,1,0,1,0,0,1,0,0,0.0,0.0,0.0,0.0,0.0,0.0,0.6666666666666666,0.0,0.3333333333333333,0.0,0.0,0.0,0.56,0.0,0.56,0.44,0.9895875212220556,0.0,0.0,1.0,1.0,0.7946877243359647,1.0,0.1144000000000005,0.44279999999999975,0.44279999999999975,0.9905387648091599
EX_10-EE_c,EX_10,EX,EX_UND,PART_UND,0,444.0,445.0,442.0,447.0,5.0,0.0,1.0,0.0,1.0,0,-0.0,0.0,1.0,0.0,1.0,0,-0.0,0.0,0.0,0,0.0,0.0,1,5.0,5.0,0,0.0,0.0,0.0,1.0,0.0,0,1,0,1,1,0,0,0,0,0,0.0,0.0,1,5.0,5.0,0,0.0,0.0,0.0,1.0,0.0,0,1,0,0,0,1,1,0,0,0.0,0.0,0.0,0.0,0.0,0.0,0.0,0.0,0.0,0.0,0.0,0.0,1.0,0.0,1.0,0.0,-0.0,0.0,0.0,1.0,1.0,0.0,1.0,1.0,0.0,0.0,0.0
EX_10-EE_c,EX_10,EX,EX_UND,PART_UND,0,483.0,484.0,481.0,486.0,5.0,0.4319999999999936,0.5577999999999974,0.0,0.9897999999999911,3,0.9883161443049173,0.09099999999999682,0.8490000000000009,0.0,0.9399999999999977,1,0.45879638961327573,0.0,0.0,2,1.079999999999984,1.6859999999999786,2,1.3944999999999936,1.468999999999994,0,0.0,0.0,0.6,0.010000000000002274,0.34740000000000465,0,1,0,0,1,1,0,0,0,1,0.4549999999999841,0.4549999999999841,3,1.4150000000000016,2.9320000000000164,0,0.0,0.0,0.2,0.9090000000000031,0.0,0,1,0,0,1,1,0,0,0,0.6666666666666666,0.0,0.3333333333333333,0.0,0.0,0.0,0.0,0.0,1.0,0.0,0.0,0.0,0.5,0.0,0.5,0.5,1.3332891789974604,-0.25888105444920784,0.7744711366080954,0.989799999999991,0.1258000000000038,0.10718492343933654,0.9399999999999977,0.758000000000004,0.3409999999999968,0.29120000000000346,0.5295197546916416
EX_10-EE_c,EX_10,EX,EX_UND,NON_UND,0,497.0,498.0,495.0,500.0,5.0,0.0,0.9639999999999986,0.0,0.9639999999999986,0,-0.0,0.07019999999999982,0.8812000000000012,0.0,0.951400000000001,2,0.3798960098386377,0.0,0.0,0,0.0,0.0,2,2.4099999999999966,4.038000000000011,0,0.0,0.0,0.0,1.0,0.0,0,1,0,1,1,0,0,0,0,1,0.3509999999999991,0.3509999999999991,3,1.4686666666666686,2.2520000000000095,0,0.0,0.0,0.4,0.3653999999999996,0.0,0,1,0,0,0,1,1,0,0,0.0,0.0,0.0,0.0,0.0,0.0,0.5,0.0,0.5,0.0,0.0,0.0,0.9347826086956522,0.0,0.9347826086956522,0.06521739130434782,0.34781691357106326,0.0,0.0,0.9639999999999986,0.9639999999999986,0.07966409441670418,0.951400000000001,0.8110000000000014,0.07019999999999982,0.08279999999999743,0.3798960098386377
EX_10-EE_c,EX_10,EX,EX_UND,PART_UND,0,545.0,546.0,543.0,548.0,5.0,0.0,0.9582000000000107,0.0,0.9582000000000107,0,-0.0,0.0,0.978599999999983,0.0,0.978599999999983,0,-0.0,0.0,0.0,0,0.0,0.0,2,2.395500000000027,3.6970000000000027,0,0.0,0.0,0.0,1.0,0.0,0,1,0,1,1,0,0,0,0,0,0.0,0.0,2,2.4464999999999577,3.794999999999959,0,0.0,0.0,0.0,1.0,0.0,0,1,0,0,0,1,1,0,0,0.0,0.0,0.0,0.0,0.0,0.0,0.0,0.0,0.0,0.0,0.0,0.0,1.0,0.0,1.0,0.0,-0.0,0.0,0.0,0.9582000000000107,0.9582000000000107,0.0,0.978599999999983,0.978599999999983,0.0,0.02039999999997233,0.0
EX_10-EE_c,EX_10,EX,EX_UND,PART_UND,0,558.0,559.0,556.0,561.0,5.0,0.12719999999999346,0.7772000000000162,0.0,0.9044000000000096,3,0.5859274305008431,0.24600000000000363,0.6743999999999915,0.0,0.9203999999999951,5,0.8375273406935841,0.07999999999999545,0.07999999999999545,2,0.31799999999998363,0.39999999999997726,2,1.9430000000000405,3.2340000000000373,0,0.0,0.0,0.6,0.012599999999997636,0.059799999999995634,0,1,0,0,1,1,0,0,0,3,0.4100000000000061,0.88900000000001,3,1.1239999999999857,1.7069999999999936,0,0.0,0.0,1.0,0.0,0.03659999999999854,0,1,0,1,0,0,1,0,0,0.6666666666666666,0.0,0.3333333333333333,0.0,0.0,0.0,0.6,0.0,0.4,0.0,0.0,0.0,0.7619047619047619,0.09523809523809523,0.8571428571428571,0.14285714285714285,1.1158974114826457,0.5247361959576216,0.16366443643848533,0.9044000000000096,0.6500000000000228,0.36476868327403134,0.9203999999999951,0.4283999999999878,0.11880000000001018,0.10280000000002476,0.2515999101927411
EX_10-EE_c,EX_10,EX,EX_UND,PART_UND,0,580.0,581.0,578.0,583.0,5.0,0.0,0.9756000000000086,0.0,0.9756000000000086,0,-0.0,0.005999999999994543,0.9786000000000058,0.0,0.9846000000000004,1,0.053605860652028464,0.0,0.0,0,0.0,0.0,1,4.878000000000043,4.878000000000043,0,0.0,0.0,0.0,1.0,0.02439999999999145,0,1,0,1,1,0,0,0,0,1,0.029999999999972715,0.029999999999972715,1,4.893000000000029,4.893000000000029,0,0.0,0.0,0.2,0.9940000000000054,0.0,0,1,0,0,1,1,0,0,0,0.0,0.0,0.0,0.0,0.0,0.0,0.0,0.0,1.0,0.0,0.0,0.0,1.0,0.0,1.0,0.0,-0.0,0.0,0.0,0.9756000000000086,0.9756000000000086,0.006131207847940433,0.9846000000000004,0.9726000000000112,0.005999999999994543,0.002999999999997227,0.053605860652028464
EX_10-EE_c,EX_10,EX,EX_UND,PART_UND,0,805.0,806.0,803.0,808.0,5.0,0.07159999999998945,0.8490000000000009,0.027800000000002,0.9483999999999924,2,0.5736663505716755,0.2127999999999929,0.7657999999999902,0.0,0.978599999999983,1,0.7554903427846524,0.07159999999998945,0.07159999999998945,1,0.35799999999994725,0.35799999999994725,1,4.2450000000000045,4.2450000000000045,1,0.13900000000001,0.13900000000001,0.4,0.0,0.15099999999999908,0,1,0,0,1,1,0,0,0,1,1.0639999999999645,1.0639999999999645,2,1.9144999999999754,2.4710000000000036,0,0.0,0.0,0.2,0.0,0.2127999999999929,0,1,0,1,0,0,1,0,0,0.0,0.5,0.0,0.0,0.0,0.5,1.0,0.0,0.0,0.0,0.0,0.0,0.8260869565217391,0.08695652173913043,0.9130434782608695,0.06521739130434782,0.9110373253391929,0.6725927091345493,0.08433451118962235,0.9205999999999903,0.7774000000000114,0.27787934186471097,0.978599999999983,0.5529999999999973,0.14120000000000346,0.08320000000001071,0.18182399221297696
EX_10-EE_c,EX_10,EX,EX_UND,NON_UND,0,894.0,895.0,892.0,897.0,5.0,0.0,0.9708000000000083,0.0,0.9708000000000083,0,-0.0,0.0,1.0,0.0,1.0,0,-0.0,0.0,0.0,0,0.0,0.0,2,2.427000000000021,3.8640000000000327,0,0.0,0.0,0.0,1.0,0.0,0,1,0,1,1,0,0,0,0,0,0.0,0.0,1,5.0,5.0,0,0.0,0.0,0.0,1.0,0.0,0,1,0,0,0,1,1,0,0,0.0,0.0,0.0,0.0,0.0,0.0,0.0,0.0,0.0,0.0,0.0,0.0,1.0,0.0,1.0,0.0,-0.0,0.0,0.0,0.9708000000000083,0.9708000000000083,0.0,1.0,1.0,0.0,0.029199999999991677,0.0
EX_10-EE_c,EX_10,EX,EX_UND,NON_UND,0,998.0,999.0,996.0,1001.0,5.0,0.19500000000000456,0.6187999999999875,0.06459999999997308,0.8783999999999651,5,1.114987320655746,0.6554000000000088,0.30199999999997545,0.0,0.9573999999999842,3,0.8993508869327348,0.07239999999999328,0.07239999999999328,2,0.48750000000001137,0.6720000000000255,5,0.6187999999999875,1.1619999999999209,2,0.1614999999999327,0.20499999999992724,1.0,0.18920000000000528,0.0,0,1,0,1,0,0,1,0,0,2,1.6385000000000218,3.2180000000000746,2,0.7549999999999386,0.7969999999999118,0,0.0,0.0,0.6,0.1645999999999958,0.0,1,0,0,0,1,1,0,0,0,0.2,0.0,0.4,0.2,0.0,0.2,0.3333333333333333,0.0,0.6666666666666666,0.0,0.0,0.0,0.23809523809523808,0.07142857142857142,0.30952380952380953,0.6190476190476191,1.9023802250170618,-0.27116307227332026,0.3151260504201818,0.8137999999999921,0.4237999999999829,2.170198675496894,0.9573999999999843,-0.3534000000000333,0.4604000000000042,0.316800000000012,0.2156364337230111
EX_10-EE_c,EX_10,EX,EX_UND,NON_UND,0,1118.0,1119.0,1116.0,1121.0,5.0,0.0,0.9746000000000095,0.0,0.9746000000000095,0,-0.0,0.31660000000001676,0.6391999999999826,0.0,0.9557999999999993,2,0.9161891182362367,0.0,0.0,0,0.0,0.0,2,2.4365000000000236,3.453999999999951,0,0.0,0.0,0.0,1.0,0.0,0,1,0,1,1,0,0,0,0,1,1.5830000000000837,1.5830000000000837,3,1.0653333333333042,1.7059999999999036,0,0.0,0.0,0.4,0.09020000000000436,0.0,0,1,0,0,0,1,1,0,0,0.0,0.0,0.0,0.0,0.0,0.0,0.5,0.0,0.5,0.0,0.0,0.0,0.6808510638297872,0.0,0.6808510638297872,0.3191489361702128,0.9034535552068337,0.0,0.0,0.9746000000000095,0.9746000000000095,0.49530663329165425,0.9557999999999993,0.3225999999999658,0.31660000000001676,0.3354000000000269,0.9161891182362367
EX_10-EE_c,EX_10,EX,EX_UND,NON_UND,0,1129.0,1130.0,1127.0,1132.0,5.0,0.0,0.9572000000000116,0.0,0.9572000000000116,0,-0.0,0.12880000000000108,0.8531999999999698,0.0,0.9819999999999709,2,0.5606133732634354,0.0,0.0,0,0.0,0.0,2,2.393000000000029,4.2029999999999745,0,0.0,0.0,0.0,1.0,0.0,0,1,0,1,1,0,0,0,0,1,0.6440000000000055,0.6440000000000055,3,1.4219999999999497,2.520999999999958,0,0.0,0.0,0.4,0.6659999999999855,0.0,0,1,0,0,0,1,1,0,0,0.0,0.0,0.0,0.0,0.0,0.0,0.5,0.0,0.5,0.0,0.0,0.0,0.8723404255319149,0.0,0.8723404255319149,0.1276595744680851,0.5509844433017146,0.0,0.0,0.9572000000000116,0.9572000000000116,0.15096108766995506,0.9819999999999709,0.7243999999999686,0.12880000000000108,0.10400000000004184,0.5606133732634354
EX_10-EE_c,EX_10,EX,EX_UND,MISUND,0,1250.0,1251.0,1248.0,1253.0,5.0,0.0,1.0,0.0,1.0,0,-0.0,0.0,1.0,0.0,1.0,0,-0.0,0.0,0.0,0,0.0,0.0,1,5.0,5.0,0,0.0,0.0,0.0,1.0,0.0,0,1,0,1,1,0,0,0,0,0,0.0,0.0,1,5.0,5.0,0,0.0,0.0,0.0,1.0,0.0,0,1,0,0,0,1,1,0,0,0.0,0.0,0.0,0.0,0.0,0.0,0.0,0.0,0.0,0.0,0.0,0.0,1.0,0.0,1.0,0.0,-0.0,0.0,0.0,1.0,1.0,0.0,1.0,1.0,0.0,0.0,0.0
EX_11-EE_a,EX_11,EE,EE_UND,NON_UND,0,139.26,140.26,137.26,142.26,5.0,0.24359999999999787,0.7564000000000022,0.0,1.0,4,0.8009758736382637,0.4019999999999982,0.5675999999999988,0.0,0.9695999999999969,2,0.9788548303011088,0.1519999999999982,0.1519999999999982,2,0.6089999999999947,0.7599999999999909,3,1.2606666666666702,1.9240000000000066,0,0.0,0.0,0.8,0.18380000000000224,0.0,0,1,0,1,1,0,0,0,0,1,2.009999999999991,2.009999999999991,2,1.418999999999997,2.436000000000007,0,0.0,0.0,0.4,0.4872000000000014,0.0,0,1,0,0,0,1,1,0,0,0.5,0.0,0.5,0.0,0.0,0.0,0.5,0.0,0.5,0.0,0.0,0.0,0.5102040816326531,0.14285714285714285,0.6530612244897959,0.3469387755102041,1.6993301393273401,0.24980606237745312,0.322051824431514,1.0,0.5128000000000044,0.7082452431289624,0.9695999999999969,0.16560000000000058,0.15840000000000032,0.1888000000000034,0.17787895666284503
EX_11-EE_a,EX_11,EE,EE_UND,UND,1,183.38,184.38,181.38,186.38,5.0,0.4124000000000024,0.45600000000000024,0.1315999999999974,1.0,6,1.42863019939552,0.49999999999999434,0.4132000000000005,0.052800000000002,0.9659999999999969,4,1.2450366054665247,0.354200000000003,0.354200000000003,3,0.6873333333333372,1.070999999999998,1,2.280000000000001,2.280000000000001,3,0.21933333333332902,0.4399999999999977,1.2,0.0,0.402800000000002,0,1,0,0,0,1,0,0,1,4,0.6249999999999929,1.1379999999999768,1,2.0660000000000025,2.0660000000000025,1,0.26400000000001,0.26400000000001,0.8,0.0,0.45600000000000024,1,0,0,1,1,0,0,0,0,0.0,0.5,0.16666666666666666,0.0,0.16666666666666666,0.16666666666666666,0.25,0.25,0.25,0.0,0.25,0.0,0.4166666666666667,0.375,0.8125,0.0625,1.9704372523105547,0.629940788348712,0.9043859649122854,0.8684000000000026,0.04359999999999786,1.2100677637947572,0.9131999999999949,-0.08679999999999383,0.08759999999999196,0.04279999999999973,0.1835935939289952
EX_11-EE_a,EX_11,EE,EE_UND,MISUND,0,214.02,215.02,212.02,217.02,5.0,0.3758000000000038,0.6241999999999962,0.0,1.0,1,0.9550216061998243,0.6126000000000034,0.3873999999999967,0.0,1.0,3,0.9631011633450253,0.28040000000000304,0.28040000000000304,1,1.879000000000019,1.879000000000019,1,3.120999999999981,3.120999999999981,0,0.0,0.0,0.2,0.6241999999999962,0.0,0,1,0,1,0,0,1,0,0,2,1.5315000000000083,1.7139999999999986,2,0.9684999999999917,1.4599999999999795,0,0.0,0.0,0.6,0.29199999999999593,0.0,1,0,0,0,1,1,0,0,0,0.0,0.0,1.0,0.0,0.0,0.0,0.3333333333333333,0.0,0.6666666666666666,0.0,0.0,0.0,0.3,0.26,0.56,0.44,1.8877445088616336,0.18711379979593726,0.6020506247997535,1.0,0.2483999999999924,1.581311306143543,1.0,-0.22520000000000667,0.23679999999999957,0.2367999999999995,0.008079557145200922
EX_11-EE_a,EX_11,EE,EE_UND,NON_UND,0,269.62,270.62,267.62,272.62,5.0,0.10619999999998982,0.8662000000000034,0.0,0.9723999999999933,2,0.49754153744115437,0.06639999999999872,0.7936000000000035,0.0,0.8600000000000023,1,0.3922688396344214,0.06639999999999872,0.06639999999999872,2,0.26549999999997453,0.4479999999999791,1,4.331000000000017,4.331000000000017,0,0.0,0.0,0.4,0.0,0.035799999999994725,0,1,0,0,0,1,1,0,0,1,0.33199999999999363,0.33199999999999363,3,1.3226666666666727,1.5190000000000055,0,0.0,0.0,0.2,0.9336000000000013,0.04279999999999973,0,1,0,0,1,1,0,0,0,0.5,0.0,0.5,0.0,0.0,0.0,0.0,0.0,1.0,0.0,0.0,0.0,0.9285714285714286,0.07142857142857142,1.0,0.0,0.37123232664087563,1.0,0.12260447933501431,0.9723999999999933,0.7600000000000136,0.0836693548387077,0.8600000000000022,0.7272000000000048,0.03979999999999109,0.07259999999999989,0.10527269780673298
EX_11-EE_a,EX_11,EE,EE_UND,PART_UND,0,329.62,330.62,327.62,332.62,5.0,0.8807999999999993,0.095799999999997,0.0,0.9765999999999962,2,0.4629290204901867,0.49500000000000455,0.39659999999998946,0.03980000000000246,0.9313999999999965,5,1.203519082221351,0.3758000000000038,0.3758000000000038,2,2.201999999999998,2.776999999999987,1,0.478999999999985,0.478999999999985,0,0.0,0.0,0.4,0.0,0.5788000000000011,1,0,0,0,0,1,1,0,0,3,0.8250000000000076,1.2420000000000186,3,0.6609999999999824,1.1709999999999923,1,0.19900000000001228,0.19900000000001228,1.0,0.0,0.2577999999999975,1,0,0,1,1,0,0,0,0,0.5,0.0,0.5,0.0,0.0,0.0,0.2,0.2,0.4,0.0,0.0,0.2,0.0,0.40425531914893614,0.40425531914893614,0.5531914893617021,1.5852499344814905,-0.337768118074074,9.194154488518025,0.9765999999999962,-0.7850000000000023,1.2481089258699387,0.891599999999994,-0.09840000000001509,0.3857999999999947,0.30079999999999246,0.7405900617311644
EX_11-EE_a,EX_11,EE,EE_UND,UND,1,413.66,414.66,411.66,416.66,5.0,0.3018000000000029,0.6864000000000032,0.0,0.9882000000000062,3,0.8877964560307534,0.37380000000000563,0.5635999999999968,0.0,0.9374000000000023,3,0.9702221194939075,0.16140000000000326,0.16140000000000326,2,0.7545000000000073,1.299000000000035,2,1.7160000000000082,3.2660000000000196,0,0.0,0.0,0.6,0.0,0.053799999999989724,0,1,0,0,1,1,0,0,0,2,0.9345000000000141,0.9730000000000132,2,1.4089999999999918,1.967999999999961,0,0.0,0.0,0.6,0.3935999999999922,0.0,0,1,0,0,1,1,0,0,0,0.6666666666666666,0.0,0.3333333333333333,0.0,0.0,0.0,0.3333333333333333,0.0,0.6666666666666666,0.0,0.0,0.0,0.46808510638297873,0.1702127659574468,0.6382978723404256,0.3617021276595745,1.831647127990459,0.2117629581560446,0.43968531468531685,0.9882000000000062,0.38460000000000033,0.6632363378282607,0.9374000000000025,0.18979999999999114,0.07200000000000273,0.12280000000000646,0.08242566346315405
EX_11-EE_a,EX_11,EE,EE_UND,MISUND,0,488.62,489.62,486.62,491.62,5.0,0.6567999999999984,0.16920000000000074,0.1740000000000009,1.0,3,1.270999589957815,0.5562000000000011,0.269399999999996,0.0,0.8255999999999972,4,0.9111098644152904,0.40699999999999364,0.40699999999999364,2,1.641999999999996,2.173000000000002,1,0.8460000000000036,0.8460000000000036,1,0.8700000000000045,0.8700000000000045,0.6,0.0,0.8307999999999993,1,0,0,0,1,1,0,0,0,6,0.46350000000000097,0.9599999999999795,2,0.67349999999999,0.8480000000000132,0,0.0,0.0,0.8,0.0,0.004599999999993542,1,0,0,1,1,0,0,0,0,0.3333333333333333,0.3333333333333333,0.0,0.0,0.3333333333333333,0.0,0.5,0.0,0.5,0.0,0.0,0.0,0.09523809523809523,0.5,0.5952380952380952,0.2857142857142857,1.936781259256497,0.03257311709922279,3.881796690307302,0.8259999999999992,-0.48759999999999765,2.0645879732739774,0.8255999999999971,-0.28680000000000516,0.10059999999999725,0.10019999999999524,0.35988972554252463
EX_11-EE_a,EX_11,EE,EE_UND,MISUND,0,636.5,637.5,634.5,639.5,5.0,0.6395999999999958,0.36040000000000416,0.0,1.0,6,0.9430147184002332,0.8193999999999733,0.1066000000000031,0.0,0.9259999999999764,2,0.5151652774203097,0.6039999999999737,0.6039999999999737,4,0.7994999999999948,1.1509999999999536,3,0.6006666666666737,1.115000000000009,0,0.0,0.0,1.2,0.0,0.23019999999999072,1,0,0,0,0,1,1,0,0,3,1.3656666666666222,1.4879999999999427,1,0.5330000000000155,0.5330000000000155,0,0.0,0.0,0.4,0.013200000000006184,0.6450000000000046,1,0,0,1,1,0,0,0,0,0.5,0.0,0.5,0.0,0.0,0.0,0.5,0.0,0.5,0.0,0.0,0.0,0.1111111111111111,0.6666666666666666,0.7777777777777778,0.2222222222222222,1.224394445405986,0.5,1.7746947835737747,1.0,-0.2791999999999917,7.6866791744835785,0.9259999999999764,-0.7127999999999701,0.17979999999997742,0.2538000000000011,0.4278494409799235
EX_11-EE_a,EX_11,EE,EE_UND,UND,1,678.06,679.06,676.06,681.06,5.0,0.6599999999999909,0.27080000000000837,0.0,0.9307999999999993,2,0.8699228138282152,0.0,0.9062000000000126,0.0,0.9062000000000126,0,-0.0,0.0,0.0,2,1.6499999999999773,1.8010000000000446,1,1.3540000000000418,1.3540000000000418,0,0.0,0.0,0.4,0.0,0.42940000000000966,1,0,0,0,0,1,1,0,0,0,0.0,0.0,1,4.531000000000063,4.531000000000063,0,0.0,0.0,0.0,1.0,0.0,0,1,0,0,0,1,1,0,0,0.5,0.0,0.5,0.0,0.0,0.0,0.0,0.0,0.0,0.0,0.0,0.0,0.32558139534883723,0.0,0.32558139534883723,0.6744186046511628,0.9103480624345153,0.0,2.4372230428359325,0.9307999999999993,-0.38919999999998256,0.0,0.9062000000000126,0.9062000000000126,0.6599999999999909,0.6354000000000042,0.8699228138282152
EX_11-EE_a,EX_11,EE,EE_UND,PART_UND,0,854.18,855.18,852.18,857.18,5.0,0.0,0.6895999999999958,0.0,0.6895999999999958,0,-0.0,0.0,0.9256000000000085,0.0,0.9256000000000085,0,-0.0,0.0,0.0,0,0.0,0.0,2,1.7239999999999895,1.7960000000000491,0,0.0,0.0,0.0,1.0,0.0,0,1,0,1,1,0,0,0,0,0,0.0,0.0,3,1.5426666666666808,3.49899999999991,0,0.0,0.0,0.0,1.0,0.0,0,1,0,0,0,1,1,0,0,0.0,0.0,0.0,0.0,0.0,0.0,0.0,0.0,0.0,0.0,0.0,0.0,1.0,0.0,1.0,0.0,-0.0,0.0,0.0,0.6895999999999958,0.6895999999999958,0.0,0.9256000000000085,0.9256000000000085,0.0,0.23600000000001276,0.0
EX_11-EE_a,EX_11,EE,EE_UND,UND,1,949.94,950.94,947.94,952.94,5.0,0.0,1.0,0.0,1.0,0,-0.0,0.1981999999999971,0.7814000000000079,0.0,0.9796000000000049,2,0.7265587038356279,0.0,0.0,0,0.0,0.0,1,5.0,5.0,0,0.0,0.0,0.0,1.0,0.0,0,1,0,1,1,0,0,0,0,1,0.9909999999999854,0.9909999999999854,3,1.3023333333333464,2.050000000000068,0,0.0,0.0,0.4,0.39179999999998927,0.0,0,1,0,0,0,1,1,0,0,0.0,0.0,0.0,0.0,0.0,0.0,0.5,0.0,0.5,0.0,0.0,0.0,0.7959183673469388,0.0,0.7959183673469388,0.20408163265306123,0.7300166301457938,0.0,0.0,1.0,1.0,0.2536472997184478,0.9796000000000049,0.5832000000000108,0.1981999999999971,0.21859999999999213,0.7265587038356279
EX_11-EE_a,EX_11,EE,EE_UND,PART_UND,0,1042.66,1043.66,1040.66,1045.66,5.0,0.0,0.9816000000000258,0.0,0.9816000000000258,0,-0.0,0.119399999999996,0.8483999999999924,0.0,0.9677999999999883,4,0.538978214855154,0.0,0.0,0,0.0,0.0,2,2.4540000000000646,3.97199999999998,0,0.0,0.0,0.0,1.0,0.0,0,1,0,1,1,0,0,0,0,2,0.29849999999999,0.4580000000000837,5,0.8483999999999924,1.79300000000012,0,0.0,0.0,0.8,0.48719999999998437,0.0,0,1,0,0,0,1,1,0,0,0.0,0.0,0.0,0.0,0.0,0.0,0.5,0.0,0.5,0.0,0.0,0.0,0.875,0.0,0.875,0.125,0.5435644431995964,0.0,0.0,0.9816000000000258,0.9816000000000258,0.14073550212163727,0.9677999999999883,0.7289999999999964,0.119399999999996,0.1332000000000334,0.538978214855154
EX_11-EE_a,EX_11,EE,EE_UND,MISUND,0,1171.18,1172.18,1169.18,1174.18,5.0,0.3420000000000073,0.6417999999999665,0.0,0.9837999999999738,2,0.9319350983973431,0.15720000000001164,0.7489999999999781,0.0,0.9061999999999898,3,0.6655851356311757,0.0,0.0,1,1.7100000000000364,1.7100000000000364,3,1.0696666666666108,1.8999999999998636,0,0.0,0.0,0.4,0.5103999999999814,0.0,0,1,0,1,1,0,0,0,0,2,0.3930000000000291,0.7229999999999563,6,0.6241666666666484,1.066000000000031,0,0.0,0.0,0.6,0.15639999999998508,0.0,0,1,0,0,1,1,0,0,0,0.5,0.0,0.5,0.0,0.0,0.0,0.3333333333333333,0.0,0.6666666666666666,0.0,0.0,0.0,0.4888888888888889,0.0,0.4888888888888889,0.5111111111111111,1.4760563286819344,-0.3287979746107145,0.532876285447219,0.9837999999999738,0.2997999999999592,0.2098798397864035,0.9061999999999898,0.5917999999999665,0.18479999999999566,0.10720000000001162,0.2663499627661674
EX_11-EE_a,EX_11,EE,EE_UND,MISUND,0,1254.7,1255.7,1252.7,1257.7,5.0,0.6494000000000142,0.3505999999999858,0.0,1.0,3,0.9346027650807571,0.6371999999999843,0.3079999999999927,0.0,0.9451999999999771,1,0.9106373299797035,0.3057999999999993,0.3057999999999993,2,1.6235000000000355,2.025000000000091,2,0.8764999999999645,1.29099999999994,0,0.0,0.0,0.6,0.09239999999999782,0.0,1,0,0,1,0,0,1,0,0,3,1.0619999999999739,1.219000000000051,1,1.5399999999999636,1.5399999999999636,0,0.0,0.0,0.2,0.0,0.6920000000000073,1,0,0,1,0,0,1,0,0,0.3333333333333333,0.0,0.6666666666666666,0.0,0.0,0.0,1.0,0.0,0.0,0.0,0.0,0.0,0.0,0.3191489361702128,0.3191489361702128,0.6808510638297872,1.5823848906242048,-0.5153882032022076,1.8522532800913876,1.0,-0.2988000000000284,2.0688311688311667,0.9451999999999771,-0.3291999999999916,0.012200000000029854,0.04259999999999309,0.023965435101053645
EX_11-EE_a,EX_11,EE,EE_UND,PART_UND,0,1520.3,1521.3,1518.3,1523.3,5.0,0.3721999999999753,0.6136000000000422,0.0,0.9858000000000174,1,0.9563014718896939,0.34140000000002146,0.5464000000000396,0.0,0.8878000000000611,4,0.9611895890635743,0.11759999999999309,0.11759999999999309,1,1.8609999999998763,1.8609999999998763,2,1.5340000000001055,1.8920000000000528,0,0.0,0.0,0.2,0.6278000000000248,0.0,0,1,0,1,0,0,1,0,0,2,0.8535000000000537,1.2789999999999964,5,0.5464000000000396,1.2729999999999109,0,0.0,0.0,0.8,0.24420000000000072,0.0,0,1,0,0,0,1,1,0,0,0.0,0.0,1.0,0.0,0.0,0.0,0.5,0.0,0.5,0.0,0.0,0.0,0.32558139534883723,0.13953488372093023,0.46511627906976744,0.5348837209302325,1.9405428540788994,-0.10762764703941,0.6065840938721474,0.9858000000000176,0.24140000000006695,0.6248169838945767,0.8878000000000611,0.20500000000001817,0.03079999999995381,0.06720000000000259,0.00488811717388038
EX_11-EE_a,EX_11,EX,EX_UND,MISUND,0,199.5,200.5,197.5,202.5,5.0,0.9177999999999997,0.06580000000000155,0.0,0.9836000000000013,2,0.3542361096632266,0.6259999999999991,0.197199999999998,0.0,0.823199999999997,4,0.7942960835690971,0.5437999999999988,0.5437999999999988,2,2.2944999999999993,3.320999999999998,1,0.32900000000000773,0.32900000000000773,0,0.0,0.0,0.4,0.0,0.6644000000000005,1,0,0,0,0,1,1,0,0,4,0.7824999999999989,1.0660000000000025,2,0.492999999999995,0.7210000000000036,0,0.0,0.0,0.8,0.0,0.2677999999999997,1,0,0,1,1,0,0,0,0,0.5,0.0,0.5,0.0,0.0,0.0,0.5,0.0,0.5,0.0,0.0,0.0,0.0,0.675,0.675,0.325,1.1630248196510937,-0.16439898730535732,13.948328267476871,0.9836000000000013,-0.8519999999999982,3.174442190669399,0.823199999999997,-0.4288000000000011,0.2918000000000006,0.13139999999999644,0.4400599739058705
EX_11-EE_a,EX_11,EX,EX_UND,UND,1,232.1,233.1,230.1,235.1,5.0,0.6541999999999973,0.34580000000000266,0.0,1.0,3,0.9302610627809973,0.5324000000000012,0.4447999999999979,0.0,0.9771999999999992,2,0.9941954441791396,0.27019999999999983,0.27019999999999983,2,1.6354999999999933,2.2409999999999854,2,0.8645000000000067,1.3670000000000186,0,0.0,0.0,0.6,0.27340000000000375,0.0,1,0,0,1,0,0,1,0,0,2,1.331000000000003,1.7129999999999939,1,2.2239999999999895,2.2239999999999895,0,0.0,0.0,0.4,0.0,0.18980000000000247,1,0,0,1,1,0,0,0,0,0.3333333333333333,0.0,0.6666666666666666,0.0,0.0,0.0,0.5,0.0,0.5,0.0,0.0,0.0,0.08163265306122448,0.2857142857142857,0.3673469387755102,0.6326530612244898,1.8500703487967942,-0.3131319120995556,1.8918449971081328,1.0,-0.3083999999999947,1.1969424460431737,0.9771999999999992,-0.08760000000000329,0.12179999999999613,0.09899999999999526,0.06393438139814234
EX_11-EE_a,EX_11,EX,EX_UND,NON_UND,0,260.42,261.42,258.42,263.42,5.0,0.4341999999999985,0.3631999999999948,0.20260000000000672,1.0,2,1.5199314598031888,0.09440000000000737,0.7287999999999897,0.0,0.823199999999997,1,0.5138564418907254,0.0,0.0,1,2.1709999999999923,2.1709999999999923,1,1.815999999999974,1.815999999999974,1,1.0130000000000337,1.0130000000000337,0.4,0.3631999999999948,0.0,1,0,0,1,0,0,0,0,1,1,0.47200000000003683,0.47200000000003683,2,1.8219999999999743,2.454999999999984,0,0.0,0.0,0.2,0.9055999999999926,0.14379999999999882,0,1,0,0,1,1,0,0,0,0.0,0.5,0.5,0.0,0.0,0.0,0.0,0.0,1.0,0.0,0.0,0.0,0.275,0.0,0.275,0.5,1.7193793404575042,-0.33333333333333337,1.1954845814978103,0.7973999999999932,-0.07100000000000367,0.1295279912184532,0.823199999999997,0.6343999999999823,0.3397999999999911,0.3655999999999949,1.0060750179124633
EX_11-EE_a,EX_11,EX,EX_UND,NON_UND,0,284.14,285.14,282.14,287.14,5.0,0.7927999999999997,0.0,0.18559999999999946,0.9783999999999992,1,0.7008381514616404,0.8230000000000018,0.0,0.10839999999999464,0.9313999999999965,2,0.5188764994571421,0.6158000000000016,0.6158000000000016,1,3.9639999999999986,3.9639999999999986,0,0.0,0.0,1,0.9279999999999973,0.9279999999999973,0.2,0.20720000000000027,1.0,1,0,0,0,0,0,1,1,0,3,1.3716666666666697,2.812000000000012,0,0.0,0.0,1,0.5419999999999732,0.5419999999999732,0.4,0.0,1.0,1,0,0,1,1,0,0,0,0,0.0,0.0,0.0,0.0,1.0,0.0,0.0,0.5,0.0,0.0,0.5,0.0,0.0,0.6666666666666666,0.6666666666666666,0.0,1.224394445405986,-0.1889822365046136,39.639999999999986,0.7927999999999997,-0.7927999999999997,41.15000000000009,0.8230000000000018,-0.8230000000000018,0.030200000000002114,0.0,0.18196165200449832
EX_11-EE_a,EX_11,EX,EX_UND,NON_UND,0,319.54,320.54,317.54,322.54,5.0,0.6426000000000045,0.35739999999999555,0.0,1.0,2,0.9405038072920875,0.2803999999999974,0.5692000000000007,0.0,0.8495999999999981,2,0.9149648500750405,0.222199999999998,0.222199999999998,2,1.6065000000000111,2.535000000000025,1,1.7869999999999777,1.7869999999999777,0,0.0,0.0,0.4,0.0,0.13559999999999944,1,0,0,0,0,1,1,0,0,2,0.7009999999999934,0.9689999999999941,5,0.5692000000000007,0.8770000000000095,0,0.0,0.0,0.4,0.0,0.1937999999999988,0,1,0,1,1,0,0,0,0,0.5,0.0,0.5,0.0,0.0,0.0,0.5,0.0,0.5,0.0,0.0,0.0,0.32558139534883723,0.2558139534883721,0.5813953488372093,0.4186046511627907,1.8282423558623775,0.2573074415024866,1.7979854504756925,1.0,-0.28520000000000895,0.4926212227687931,0.8495999999999981,0.28880000000000333,0.3622000000000071,0.21180000000000515,0.02553895721704702
EX_11-EE_a,EX_11,EX,EX_UND,PART_UND,0,343.58,344.58,341.58,346.58,5.0,0.6817999999999984,0.2844000000000051,0.025,0.9912000000000034,6,1.0220547793289345,0.65,0.19079999999999017,0.0,0.8407999999999902,3,0.7726153235769126,0.49940000000000284,0.49940000000000284,5,0.6817999999999984,1.2230000000000132,2,0.7110000000000127,1.156000000000006,1,0.125,0.125,1.2,0.0,0.13659999999999856,1,0,0,0,0,1,1,0,0,3,1.0833333333333333,1.8319999999999936,2,0.47699999999997544,0.49399999999997135,0,0.0,0.0,0.6,0.0,0.45540000000000874,1,0,0,1,0,0,1,0,0,0.3333333333333333,0.16666666666666666,0.3333333333333333,0.0,0.16666666666666666,0.0,0.6666666666666666,0.0,0.3333333333333333,0.0,0.0,0.0,0.07317073170731707,0.6097560975609756,0.6829268292682927,0.2926829268292683,1.6533851203452676,0.1104426577240936,2.397327707454241,0.9662000000000035,-0.3973999999999933,3.4067085953880163,0.8407999999999902,-0.4592000000000098,0.031799999999998385,0.09360000000001492,0.24943945575202187
EX_11-EE_a,EX_11,EX,EX_UND,PART_UND,0,415.74,416.74,413.74,418.74,5.0,0.3964000000000055,0.6035999999999945,0.0,1.0,3,0.9688057373228227,0.5254000000000019,0.4120000000000005,0.0,0.9374000000000023,4,0.9894175804580199,0.24160000000000537,0.24160000000000537,2,0.9910000000000139,1.299000000000035,2,1.5089999999999861,1.5629999999999882,0,0.0,0.0,0.6,0.2909999999999968,0.0,0,1,0,1,0,0,1,0,0,3,0.8756666666666698,1.4420000000000073,2,1.0300000000000011,1.2099999999999795,0,0.0,0.0,0.8,0.0,0.2033999999999992,1,0,0,1,1,0,0,0,0,0.3333333333333333,0.0,0.6666666666666666,0.0,0.0,0.0,0.5,0.0,0.5,0.0,0.0,0.0,0.30434782608695654,0.2608695652173913,0.5652173913043478,0.43478260869565216,1.9336649380006277,0.1640825308284734,0.6567263088137991,1.0,0.20719999999998895,1.275242718446605,0.9374000000000023,-0.11340000000000139,0.12899999999999634,0.191599999999994,0.02061184313519715
EX_11-EE_a,EX_11,EX,EX_UND,PART_UND,0,466.74,467.74,464.74,469.74,5.0,0.0,0.9733999999999924,0.0,0.9733999999999924,0,-0.0,0.5714000000000056,0.3103999999999928,0.0,0.8817999999999984,3,0.9358479428383228,0.0,0.0,0,0.0,0.0,3,1.6223333333333205,2.22199999999998,0,0.0,0.0,0.0,1.0,0.0,0,1,0,1,1,0,0,0,0,3,0.9523333333333426,1.6610000000000014,2,0.775999999999982,1.2230000000000132,0,0.0,0.0,0.6,0.0,0.49120000000000347,1,0,0,1,0,0,1,0,0,0.0,0.0,0.0,0.0,0.0,0.0,0.6666666666666666,0.0,0.3333333333333333,0.0,0.0,0.0,0.3488372093023256,0.0,0.3488372093023256,0.6511627906976745,0.9330252953592911,0.0,0.0,0.9733999999999924,0.9733999999999924,1.8408505154639783,0.8817999999999984,-0.2610000000000128,0.5714000000000056,0.6629999999999996,0.9358479428383228
EX_11-EE_a,EX_11,EX,EX_UND,UND,1,482.62,483.62,480.62,485.62,5.0,0.1141999999999939,0.7138000000000033,0.15679999999999836,0.9847999999999957,2,1.1190609729898284,0.9248000000000047,0.0,0.0,0.9248000000000047,0,-0.0,0.06639999999999872,0.06639999999999872,1,0.5709999999999695,0.5709999999999695,1,3.569000000000017,3.569000000000017,1,0.7839999999999918,0.7839999999999918,0.4,0.0,0.12939999999999827,0,1,0,0,0,1,0,0,1,2,2.312000000000012,3.7800000000000296,0,0.0,0.0,0,0.0,0.0,0.0,0.04779999999999518,1.0,1,0,0,1,1,0,0,0,0,0.5,0.0,0.0,0.5,0.0,0.0,0.0,0.0,0.0,0.0,0.0,0.0,0.0,0.06818181818181818,0.06818181818181818,0.7727272727272727,0.9735200604764283,0.0,0.1599887923788083,0.8279999999999972,0.5996000000000095,46.24000000000024,0.9248000000000047,-0.9248000000000047,0.8106000000000109,0.7138000000000033,1.1190609729898284
EX_11-EE_a,EX_11,EX,EX_UND,PART_UND,0,491.92,492.94,489.92,494.94,5.019999999999982,0.42450199203187977,0.5577689243027818,0.0,0.9822709163346616,5,0.986681143121592,0.7782868525896407,0.14701195219122418,0.0,0.9252988047808649,3,0.6316246560880363,0.35537848605577654,0.35537848605577654,3,0.7103333333333429,0.853999999999985,3,0.9333333333333181,1.7629999999999768,0,0.0,0.0,0.9960159362549836,0.0,0.17011952191234822,0,1,0,0,1,1,0,0,0,3,1.3023333333333273,3.2520000000000095,2,0.36899999999997135,0.4989999999999668,0,0.0,0.0,0.5976095617529902,0.0,0.1513944223107557,1,0,0,1,0,0,1,0,0,0.6,0.0,0.4,0.0,0.0,0.0,0.6666666666666666,0.0,0.3333333333333333,0.0,0.0,0.0,0.1111111111111111,0.4,0.5111111111111111,0.4888888888888889,1.5161429545796212,0.20294468765472773,0.7610714285714512,0.9822709163346616,0.13326693227090203,5.29403794037979,0.9252988047808649,-0.6312749003984165,0.3537848605577609,0.4107569721115576,0.35505648703355575
EX_11-EE_a,EX_11,EX,EX_UND,PART_UND,0,522.02,523.02,520.02,525.02,5.0,0.8128000000000384,0.14399999999998273,0.04299999999998363,0.9998000000000047,6,0.8407324215931535,0.6355999999999995,0.34519999999999984,0.0,0.9807999999999992,2,0.9358042049647477,0.5096000000000231,0.5096000000000231,4,1.016000000000048,1.7180000000000746,2,0.3599999999999568,0.3849999999999909,1,0.21499999999991815,0.21499999999991815,1.2,0.0,0.5211999999999989,1,0,0,0,0,1,1,0,0,2,1.5889999999999986,2.158999999999992,2,0.8629999999999995,1.4120000000000346,0,0.0,0.0,0.4,0.2824000000000069,0.0,1,0,0,0,0,1,1,0,0,0.3333333333333333,0.16666666666666666,0.3333333333333333,0.0,0.16666666666666666,0.0,0.5,0.0,0.5,0.0,0.0,0.0,0.061224489795918366,0.5306122448979592,0.5918367346938775,0.3673469387755102,1.6897186888065732,0.0070124089181651935,5.644444444445388,0.9568000000000211,-0.6688000000000557,1.8412514484356888,0.9807999999999993,-0.29039999999999966,0.17720000000003888,0.20120000000001712,0.09507178337159417
EX_11-EE_a,EX_11,EX,EX_UND,PART_UND,0,543.5,544.5,541.5,546.5,5.0,0.2091999999999871,0.02619999999999436,0.7562000000000125,0.991599999999994,3,0.9102848198378959,0.9210000000000036,0.0,0.0,0.9210000000000036,0,-0.0,0.16559999999999492,0.16559999999999492,1,1.0459999999999354,1.0459999999999354,1,0.1309999999999718,0.1309999999999718,2,1.8905000000000314,2.01400000000001,0.6,0.411200000000008,0.9738000000000057,0,0,1,0,1,0,0,1,0,3,1.5350000000000061,1.9650000000000318,0,0.0,0.0,0,0.0,0.0,0.0,0.0,1.0,1,0,0,1,1,0,0,0,0,0.0,0.3333333333333333,0.0,0.0,0.3333333333333333,0.3333333333333333,0.0,0.0,0.0,0.0,0.0,0.0,0.0,0.17391304347826086,0.17391304347826086,0.021739130434782608,0.8116103358772054,0.0,7.984732824428707,0.23539999999998146,-0.18299999999999272,46.05000000000018,0.9210000000000036,-0.9210000000000036,0.7118000000000165,0.02619999999999436,0.9102848198378959
EX_11-EE_a,EX_11,EX,EX_UND,PART_UND,0,565.42,566.42,563.42,568.42,5.0,0.34699999999998,0.6368000000000166,0.0,0.9837999999999966,3,0.9364685304808162,0.7330000000000154,0.17239999999999328,0.0,0.9054000000000088,3,0.7023347858121218,0.291599999999994,0.291599999999994,2,0.86749999999995,0.9799999999999045,2,1.5920000000000414,1.8180000000000973,0,0.0,0.0,0.6,0.28940000000000055,0.0,0,1,0,1,0,0,1,0,0,2,1.8325000000000387,3.2930000000000064,2,0.4309999999999832,0.7590000000000146,0,0.0,0.0,0.6,0.0,0.07440000000001419,1,0,0,1,0,0,1,0,0,0.3333333333333333,0.0,0.6666666666666666,0.0,0.0,0.0,0.6666666666666666,0.0,0.3333333333333333,0.0,0.0,0.0,0.17391304347826086,0.32608695652173914,0.5,0.5,1.5950651181407451,0.2451225919516296,0.5449120603014619,0.9837999999999966,0.2898000000000366,4.251740139211392,0.9054000000000086,-0.5606000000000222,0.3860000000000354,0.4644000000000233,0.2341337446686944
EX_11-EE_a,EX_11,EX,EX_UND,PART_UND,0,593.7,594.7,591.7,596.7,5.0,0.0012000000000170984,0.9987999999999829,0.0,1.0,1,0.01337349474765146,0.23360000000000128,0.6353999999999814,0.0,0.8689999999999827,2,0.8397587014631933,0.0,0.0,1,0.0060000000000854925,0.0060000000000854925,1,4.9939999999999145,4.9939999999999145,0,0.0,0.0,0.2,0.9987999999999829,0.0,0,1,0,1,0,0,1,0,0,1,1.1680000000000064,1.1680000000000064,5,0.6353999999999814,0.8669999999999618,0,0.0,0.0,0.4,0.08439999999998235,0.0,0,1,0,0,0,1,1,0,0,0.0,0.0,1.0,0.0,0.0,0.0,0.5,0.0,0.5,0.0,0.0,0.0,0.7441860465116279,0.0,0.7441860465116279,0.2558139534883721,0.8203636429576731,0.0,0.0012014417300932308,1.0,0.9975999999999658,0.36764242996538893,0.8689999999999827,0.4017999999999802,0.23239999999998417,0.3634000000000015,0.8263852067155418
EX_11-EE_a,EX_11,EX,EX_UND,UND,1,635.46,636.46,633.46,638.46,5.0,0.6589999999999918,0.3410000000000082,0.0,1.0,5,0.9257724232145459,0.7383999999999787,0.15619999999998982,0.0,0.8945999999999685,4,0.668127333843602,0.5423999999999751,0.5423999999999751,3,1.0983333333333196,2.1909999999999172,3,0.568333333333347,1.018000000000029,0,0.0,0.0,1.0,0.0,0.43819999999998344,1,0,0,0,1,1,0,0,0,4,0.9229999999999734,1.4879999999999427,2,0.39049999999997453,0.5330000000000155,0,0.0,0.0,0.8,0.0,0.1548000000000002,1,0,0,1,1,0,0,0,0,0.6,0.0,0.4,0.0,0.0,0.0,0.5,0.0,0.5,0.0,0.0,0.0,0.11363636363636363,0.5909090909090909,0.7045454545454546,0.29545454545454547,1.554994309611336,0.2825264598420043,1.9325513196480235,1.0,-0.31799999999998363,4.727272727272899,0.8945999999999685,-0.582199999999989,0.07939999999998693,0.18480000000001837,0.2576450893709439
EX_11-EE_a,EX_11,EX,EX_UND,UND,1,681.78,682.78,679.78,684.78,5.0,0.5549999999999955,0.0,0.0,0.5549999999999955,0,-0.0,0.11800000000000636,0.7413999999999987,0.0,0.859400000000005,2,0.5771373549467184,0.11800000000000636,0.11800000000000636,1,2.7749999999999773,2.7749999999999773,0,0.0,0.0,0,0.0,0.0,0.0,0.0,1.0,1,0,0,0,0,1,1,0,0,1,0.5900000000000318,0.5900000000000318,3,1.2356666666666645,2.3829999999999245,0,0.0,0.0,0.4,0.377800000000002,0.0,0,1,0,0,0,1,1,0,0,0.0,0.0,0.0,0.0,0.0,0.0,0.5,0.0,0.5,0.0,0.0,0.0,0.0,0.2857142857142857,0.2857142857142857,0.7142857142857143,0.863120568566631,0.0,27.749999999999773,0.5549999999999955,-0.5549999999999955,0.15915834906933715,0.859400000000005,0.6233999999999924,0.4369999999999891,0.7413999999999987,0.5771373549467184
EX_11-EE_a,EX_11,EX,EX_UND,UND,1,732.26,733.26,730.26,735.26,5.0,0.0,1.0,0.0,1.0,0,-0.0,0.0,1.0,0.0,1.0,0,-0.0,0.0,0.0,0,0.0,0.0,1,5.0,5.0,0,0.0,0.0,0.0,1.0,0.0,0,1,0,1,1,0,0,0,0,0,0.0,0.0,1,5.0,5.0,0,0.0,0.0,0.0,1.0,0.0,0,1,0,0,0,1,1,0,0,0.0,0.0,0.0,0.0,0.0,0.0,0.0,0.0,0.0,0.0,0.0,0.0,1.0,0.0,1.0,0.0,-0.0,0.0,0.0,1.0,1.0,0.0,1.0,1.0,0.0,0.0,0.0
EX_11-EE_a,EX_11,EX,EX_UND,UND,1,798.94,799.94,796.94,801.94,5.0,0.0,1.0,0.0,1.0,0,-0.0,0.0,1.0,0.0,1.0,0,-0.0,0.0,0.0,0,0.0,0.0,1,5.0,5.0,0,0.0,0.0,0.0,1.0,0.0,0,1,0,1,1,0,0,0,0,0,0.0,0.0,1,5.0,5.0,0,0.0,0.0,0.0,1.0,0.0,0,1,0,0,0,1,1,0,0,0.0,0.0,0.0,0.0,0.0,0.0,0.0,0.0,0.0,0.0,0.0,0.0,1.0,0.0,1.0,0.0,-0.0,0.0,0.0,1.0,1.0,0.0,1.0,1.0,0.0,0.0,0.0
EX_11-EE_a,EX_11,EX,EX_UND,UND,1,854.46,855.46,852.46,857.46,5.0,0.0,0.6895999999999958,0.0,0.6895999999999958,0,-0.0,0.0,0.9256000000000085,0.0,0.9256000000000085,0,-0.0,0.0,0.0,0,0.0,0.0,2,1.7239999999999895,1.9320000000000164,0,0.0,0.0,0.0,1.0,0.0,0,1,0,1,1,0,0,0,0,0,0.0,0.0,3,1.5426666666666808,3.7789999999999964,0,0.0,0.0,0.0,1.0,0.0,0,1,0,0,0,1,1,0,0,0.0,0.0,0.0,0.0,0.0,0.0,0.0,0.0,0.0,0.0,0.0,0.0,1.0,0.0,1.0,0.0,-0.0,0.0,0.0,0.6895999999999958,0.6895999999999958,0.0,0.9256000000000085,0.9256000000000085,0.0,0.23600000000001276,0.0
EX_11-EE_a,EX_11,EX,EX_UND,UND,1,913.02,914.02,911.02,916.02,5.0,0.0,1.0,0.0,1.0,0,-0.0,0.07899999999999636,0.9003999999999905,0.0,0.979399999999987,2,0.4045062033477045,0.0,0.0,0,0.0,0.0,1,5.0,5.0,0,0.0,0.0,0.0,1.0,0.0,0,1,0,1,1,0,0,0,0,1,0.3949999999999818,0.3949999999999818,2,2.2509999999999764,4.390999999999963,0,0.0,0.0,0.4,0.8988000000000056,0.0,0,1,0,0,0,1,1,0,0,0.0,0.0,0.0,0.0,0.0,0.0,0.5,0.0,0.5,0.0,0.0,0.0,0.9183673469387755,0.0,0.9183673469387755,0.08163265306122448,0.40790598013897633,0.0,0.0,1.0,1.0,0.08773878276321323,0.979399999999987,0.8213999999999941,0.07899999999999636,0.09960000000000946,0.4045062033477045
EX_11-EE_a,EX_11,EX,EX_UND,UND,1,952.3,953.3,950.3,955.3,5.0,0.0,1.0,0.0,1.0,0,-0.0,0.2817999999999984,0.6531999999999926,0.0,0.934999999999991,5,0.8829838478046572,0.0,0.0,0,0.0,0.0,1,5.0,5.0,0,0.0,0.0,0.0,1.0,0.0,0,1,0,1,1,0,0,0,0,3,0.46966666666666396,0.5900000000000318,3,1.0886666666666542,2.312999999999988,0,0.0,0.0,1.0,0.0,0.11800000000000636,0,1,0,1,0,0,1,0,0,0.0,0.0,0.0,0.0,0.0,0.0,0.6,0.0,0.4,0.0,0.0,0.0,0.717391304347826,0.0,0.717391304347826,0.2826086956521739,0.8589810370425963,0.0,0.0,1.0,1.0,0.43141457440294184,0.934999999999991,0.3713999999999942,0.2817999999999984,0.34680000000000744,0.8829838478046572
EX_11-EE_a,EX_11,EX,EX_UND,MISUND,0,1073.34,1074.34,1071.34,1076.34,5.0,0.0,0.9655999999999949,0.0,0.9655999999999949,0,-0.0,0.0,0.8210000000000036,0.0,0.8210000000000036,0,-0.0,0.0,0.0,0,0.0,0.0,3,1.6093333333333248,2.1219999999998436,0,0.0,0.0,0.0,1.0,0.0,0,1,0,1,1,0,0,0,0,0,0.0,0.0,2,2.052500000000009,2.4139999999999873,0,0.0,0.0,0.0,1.0,0.0,0,1,0,0,0,1,1,0,0,0.0,0.0,0.0,0.0,0.0,0.0,0.0,0.0,0.0,0.0,0.0,0.0,1.0,0.0,1.0,0.0,-0.0,0.0,0.0,0.9655999999999949,0.9655999999999949,0.0,0.8210000000000036,0.8210000000000036,0.0,0.1445999999999913,0.0
EX_11-EE_a,EX_11,EX,EX_UND,UND,1,1126.74,1127.74,1124.74,1129.74,5.0,0.0,0.9656000000000404,0.0,0.9656000000000404,0,-0.0,0.0,0.9126000000000204,0.0,0.9126000000000204,0,-0.0,0.0,0.0,0,0.0,0.0,3,1.6093333333334006,1.9400000000000546,0,0.0,0.0,0.0,1.0,0.0,0,1,0,1,1,0,0,0,0,0,0.0,0.0,3,1.5210000000000339,2.6130000000000564,0,0.0,0.0,0.0,1.0,0.015000000000009095,0,1,0,0,0,1,1,0,0,0.0,0.0,0.0,0.0,0.0,0.0,0.0,0.0,0.0,0.0,0.0,0.0,1.0,0.0,1.0,0.0,-0.0,0.0,0.0,0.9656000000000404,0.9656000000000404,0.0,0.9126000000000204,0.9126000000000204,0.0,0.05300000000002003,0.0
EX_11-EE_a,EX_11,EX,EX_UND,MISUND,0,1176.7,1177.7,1174.7,1179.7,5.0,0.05280000000002474,0.9471999999999753,0.0,1.0,2,0.2981741421236848,0.03739999999997963,0.9626000000000203,0.0,1.0,1,0.23024157326257028,0.0,0.0,1,0.2640000000001237,0.2640000000001237,2,2.367999999999938,4.096000000000004,0,0.0,0.0,0.4,0.12799999999997452,0.0,0,1,0,1,1,0,0,0,0,1,0.18699999999989814,0.18699999999989814,1,4.813000000000102,4.813000000000102,0,0.0,0.0,0.2,0.0,0.03739999999997963,0,1,0,1,0,0,1,0,0,0.5,0.0,0.5,0.0,0.0,0.0,1.0,0.0,0.0,0.0,0.0,0.0,0.9,0.0,0.9,0.1,0.566090653034748,-0.051571062312939675,0.05574324324327081,1.0,0.8943999999999506,0.03885310617076547,1.0,0.9252000000000407,0.015400000000045107,0.015400000000045044,0.06793256886111454
EX_11-EE_a,EX_11,EX,EX_UND,UND,1,1217.82,1218.82,1215.82,1220.82,5.0,0.11159999999999855,0.8722000000000207,0.0,0.9838000000000193,2,0.5101987776920973,0.38440000000000507,0.42179999999998474,0.0,0.8061999999999898,3,0.9984470479770937,0.11159999999999855,0.11159999999999855,1,0.5579999999999927,0.5579999999999927,2,2.180500000000052,3.525000000000091,0,0.0,0.0,0.4,0.721199999999999,0.0,0,1,0,1,1,0,0,0,0,2,0.9610000000000127,0.9729999999999563,2,1.0544999999999618,1.6639999999999873,0,0.0,0.0,0.6,0.0,0.18980000000001382,0,1,0,1,0,0,1,0,0,0.5,0.0,0.5,0.0,0.0,0.0,0.6666666666666666,0.0,0.3333333333333333,0.0,0.0,0.0,0.525,0.125,0.65,0.35,1.3931462133474315,0.39735970711951313,0.12795230451730782,0.9838000000000193,0.7606000000000221,0.9113323850166405,0.8061999999999898,0.03739999999997967,0.27280000000000654,0.450400000000036,0.4882482702849964
EX_11-EE_a,EX_11,EX,EX_UND,MISUND,0,1261.3,1262.3,1259.3,1264.3,5.0,0.33140000000003056,0.6481999999999516,0.0,0.9795999999999822,3,0.9231839283759646,0.5769999999999982,0.3135999999999967,0.0,0.890599999999995,3,0.9359490620020973,0.1324000000000524,0.1324000000000524,2,0.8285000000000764,1.490000000000009,2,1.620499999999879,2.9149999999999636,0,0.0,0.0,0.6,0.0,0.03340000000002874,0,1,0,0,1,1,0,0,0,2,1.4424999999999955,1.8969999999999345,2,0.7839999999999918,1.3279999999999745,0,0.0,0.0,0.6,0.0,0.2730000000000018,1,0,0,1,0,0,1,0,0,0.6666666666666666,0.0,0.3333333333333333,0.0,0.0,0.0,0.6666666666666666,0.0,0.3333333333333333,0.0,0.0,0.0,0.18604651162790697,0.16279069767441862,0.3488372093023256,0.6511627906976745,1.7688518461265001,-0.19099336131046796,0.5112619561864475,0.9795999999999822,0.31679999999992103,1.8399234693877686,0.890599999999995,-0.26340000000000147,0.24559999999996762,0.3345999999999549,0.01276513362613263
EX_11-EE_a,EX_11,EX,EX_UND,UND,1,1281.86,1282.86,1279.86,1284.86,5.0,0.1811999999999898,0.8188000000000102,0.0,1.0,2,0.6826951727582808,0.0,0.9429999999999836,0.0,0.9429999999999836,0,-0.0,0.0,0.0,1,0.9059999999999491,0.9059999999999491,2,2.0470000000000255,3.492999999999938,0,0.0,0.0,0.4,0.12020000000002255,0.0,0,1,0,1,1,0,0,0,0,0,0.0,0.0,4,1.1787499999999795,3.3769999999999527,0,0.0,0.0,0.0,1.0,0.0,0,1,0,0,0,1,1,0,0,0.5,0.0,0.5,0.0,0.0,0.0,0.0,0.0,0.0,0.0,0.0,0.0,0.8085106382978723,0.0,0.8085106382978723,0.19148936170212766,0.7045767128725936,0.0,0.22129946262822126,1.0,0.6376000000000204,0.0,0.9429999999999836,0.9429999999999836,0.1811999999999898,0.12419999999997344,0.6826951727582808
EX_11-EE_a,EX_11,EX,EX_UND,UND,1,1321.34,1322.34,1319.34,1324.34,5.0,0.0,1.0,0.0,1.0,0,-0.0,0.0,1.0,0.0,1.0,0,-0.0,0.0,0.0,0,0.0,0.0,1,5.0,5.0,0,0.0,0.0,0.0,1.0,0.0,0,1,0,1,1,0,0,0,0,0,0.0,0.0,1,5.0,5.0,0,0.0,0.0,0.0,1.0,0.0,0,1,0,0,0,1,1,0,0,0.0,0.0,0.0,0.0,0.0,0.0,0.0,0.0,0.0,0.0,0.0,0.0,1.0,0.0,1.0,0.0,-0.0,0.0,0.0,1.0,1.0,0.0,1.0,1.0,0.0,0.0,0.0
EX_11-EE_a,EX_11,EX,EX_UND,PART_UND,0,1475.34,1476.34,1473.34,1478.34,5.0,0.10860000000002401,0.8781999999999698,0.0,0.9867999999999938,2,0.5000748834857657,0.0431999999999789,0.9326000000000022,0.0,0.9757999999999811,1,0.2615446239549908,0.0,0.0,1,0.54300000000012,0.54300000000012,3,1.4636666666666163,3.5,0,0.0,0.0,0.4,0.08240000000000691,0.0,0,1,0,1,1,0,0,0,0,1,0.2159999999998945,0.2159999999998945,2,2.3315000000000055,4.133000000000038,0,0.0,0.0,0.2,0.9568000000000211,0.0,0,1,0,0,1,1,0,0,0,0.5,0.0,0.5,0.0,0.0,0.0,0.0,0.0,1.0,0.0,0.0,0.0,0.8571428571428571,0.0,0.8571428571428571,0.14285714285714285,0.714975716948989,-0.06953840623693441,0.12366203598272346,0.9867999999999938,0.7695999999999458,0.04632211022944328,0.9757999999999811,0.8894000000000233,0.06540000000004512,0.05440000000003242,0.2385302595307749
EX_11-EE_a,EX_11,EX,EX_UND,PART_UND,0,1519.7,1520.7,1517.7,1522.7,5.0,0.25219999999999343,0.733600000000024,0.0,0.9858000000000174,1,0.8203927162046796,0.34140000000002146,0.5464000000000396,0.0,0.8878000000000611,4,0.9611895890635743,0.11759999999999309,0.11759999999999309,1,1.2609999999999673,1.2609999999999673,2,1.83400000000006,1.8920000000000528,0,0.0,0.0,0.2,0.7478000000000066,0.0,0,1,0,1,0,0,1,0,0,2,0.8535000000000537,1.2789999999999964,5,0.5464000000000396,0.6820000000000164,0,0.0,0.0,0.8,0.36419999999998254,0.0,0,1,0,0,0,1,1,0,0,0.0,0.0,1.0,0.0,0.0,0.0,0.5,0.0,0.5,0.0,0.0,0.0,0.46511627906976744,0.13953488372093023,0.6046511627906976,0.3953488372093023,1.8097098776925307,0.13317145820043164,0.34378407851688275,0.9858000000000174,0.4814000000000306,0.6248169838945767,0.8878000000000611,0.20500000000001817,0.08920000000002803,0.18719999999998438,0.14079687285889475
EX_11-EE_a,EX_11,EX,EX_UND,NON_UND,0,1567.02,1568.02,1565.02,1570.02,5.0,0.043400000000019645,0.9117999999999483,0.0,0.955199999999968,1,0.2666813759194423,0.0,0.907799999999952,0.0,0.907799999999952,0,-0.0,0.0,0.0,1,0.21700000000009823,0.21700000000009823,4,1.1397499999999354,2.8640000000000327,0,0.0,0.0,0.2,0.0,0.043400000000019645,0,1,0,0,1,1,0,0,0,0,0.0,0.0,3,1.51299999999992,2.897999999999911,0,0.0,0.0,0.0,1.0,0.0,0,1,0,0,0,1,1,0,0,1.0,0.0,0.0,0.0,0.0,0.0,0.0,0.0,0.0,0.0,0.0,0.0,0.9302325581395349,0.0,0.9302325581395349,0.06976744186046512,0.3650551896402848,0.0,0.04759815749070202,0.955199999999968,0.8683999999999287,0.0,0.907799999999952,0.907799999999952,0.043400000000019645,0.00399999999999634,0.2666813759194423
EX_11-EE_b,EX_11,EE,EE_UND,NON_UND,0,135.46,136.46,133.46,138.46,5.0,0.08179999999999836,0.8961999999999989,0.0,0.9779999999999973,2,0.41487713809162563,0.7994000000000028,0.0,0.17679999999999724,0.9762000000000001,2,0.6825002319250132,0.08179999999999836,0.08179999999999836,1,0.4089999999999918,0.4089999999999918,3,1.493666666666665,2.3259999999999934,0,0.0,0.0,0.4,0.8577999999999975,0.0,0,1,0,1,1,0,0,0,0,2,1.998500000000007,2.102000000000004,0,0.0,0.0,2,0.44199999999999307,0.48299999999997567,0.4,0.0,1.0,1,0,0,1,1,0,0,0,0,0.5,0.0,0.5,0.0,0.0,0.0,0.0,0.5,0.0,0.0,0.5,0.0,0.0,0.0851063829787234,0.0851063829787234,0.7446808510638298,1.0540589454420242,0.1381365031419941,0.09127426913635178,0.9779999999999972,0.8144000000000006,39.97000000000014,0.7994000000000028,-0.7994000000000028,0.7176000000000045,0.8961999999999989,0.26762309383338756
EX_11-EE_b,EX_11,EE,EE_UND,NON_UND,0,184.82,185.82,182.82,187.82,5.0,0.627800000000002,0.372199999999998,0.0,1.0,2,0.9523463455125798,0.26979999999999793,0.6592000000000041,0.0,0.929000000000002,4,0.8692629205718199,0.17539999999999623,0.17539999999999623,2,1.569500000000005,2.1920000000000073,1,1.86099999999999,1.86099999999999,0,0.0,0.0,0.4,0.0,0.43840000000000146,1,0,0,0,0,1,1,0,0,4,0.3372499999999974,0.5929999999999893,4,0.8240000000000052,1.103999999999985,0,0.0,0.0,0.8,0.11720000000000255,0.0,0,1,0,0,0,1,1,0,0,0.5,0.0,0.5,0.0,0.0,0.0,0.5,0.0,0.5,0.0,0.0,0.0,0.25,0.1875,0.4375,0.5625,1.8085872693442389,-0.00399320137236544,1.68672756582484,1.0,-0.25560000000000405,0.4092839805825186,0.929000000000002,0.3894000000000062,0.3580000000000041,0.28700000000000614,0.08308342494075993
EX_11-EE_b,EX_11,EE,EE_UND,UND,1,201.3,202.3,199.3,204.3,5.0,0.3133999999999958,0.6702000000000055,0.0,0.9836000000000013,3,0.9028804257907262,0.5897999999999968,0.36440000000000056,0.0,0.9541999999999973,3,0.9593663495354696,0.26439999999999486,0.26439999999999486,2,0.7834999999999894,0.9819999999999993,2,1.6755000000000138,1.9510000000000218,0,0.0,0.0,0.6,0.0,0.2127999999999986,0,1,0,0,1,1,0,0,0,3,0.9829999999999947,1.5630000000000166,2,0.9110000000000014,1.0900000000000034,0,0.0,0.0,0.6,0.0,0.3229999999999961,1,0,0,1,0,0,1,0,0,0.6666666666666666,0.0,0.3333333333333333,0.0,0.0,0.0,0.6666666666666666,0.0,0.3333333333333333,0.0,0.0,0.0,0.3191489361702128,0.2765957446808511,0.5957446808510638,0.40425531914893614,1.8213130480153938,0.2888958112649041,0.46762160549088816,0.9836000000000013,0.35680000000000966,1.6185510428100875,0.9541999999999973,-0.22539999999999621,0.276400000000001,0.3058000000000049,0.05648592374474337
EX_11-EE_b,EX_11,EE,EE_UND,UND,1,256.82,257.82,254.82,259.82,5.0,0.47839999999999916,0.5216000000000008,0.0,1.0,3,0.9986533733661458,0.7034000000000049,0.24460000000000265,0.0,0.9480000000000075,2,0.8237390445680702,0.46899999999999975,0.46899999999999975,2,1.195999999999998,1.490000000000009,2,1.304000000000002,2.4369999999999834,0,0.0,0.0,0.6,0.03420000000000414,0.0,0,1,0,1,0,0,1,0,0,3,1.1723333333333414,1.759999999999991,1,1.2230000000000132,1.2230000000000132,0,0.0,0.0,0.4,0.0,0.39560000000000173,1,0,0,1,1,0,0,0,0,0.3333333333333333,0.0,0.6666666666666666,0.0,0.0,0.0,0.5,0.0,0.5,0.0,0.0,0.0,0.2708333333333333,0.4583333333333333,0.7291666666666666,0.2708333333333333,1.5366514948526366,0.560611910581388,0.9171779141104264,1.0,0.04320000000000168,2.875715453802115,0.9480000000000075,-0.45880000000000226,0.22500000000000575,0.2769999999999982,0.17491432879807556
EX_11-EE_b,EX_11,EE,EE_UND,UND,1,395.1,396.1,393.1,398.1,5.0,0.38179999999999836,0.537600000000009,0.0697999999999979,0.9892000000000053,2,1.278109741751313,0.6751999999999952,0.22419999999999618,0.0,0.8993999999999914,4,0.8101306549976006,0.30119999999999436,0.30119999999999436,2,0.9544999999999959,1.641999999999996,1,2.688000000000045,2.688000000000045,1,0.34899999999998954,0.34899999999998954,0.4,0.0697999999999979,0.462399999999991,0,1,0,0,1,0,0,1,0,3,1.1253333333333255,1.7509999999999764,3,0.3736666666666603,0.9429999999999836,0,0.0,0.0,0.8,0.005399999999997363,0.0,1,0,0,0,0,1,1,0,0,0.5,0.0,0.0,0.0,0.5,0.0,0.5,0.0,0.5,0.0,0.0,0.0,0.2222222222222222,0.35555555555555557,0.5777777777777777,0.3333333333333333,1.9234635988815665,0.42249140322758877,0.7101934523809375,0.9194000000000073,0.1558000000000106,3.0115967885816537,0.8993999999999914,-0.45099999999999907,0.2933999999999969,0.3134000000000128,0.46797908675371236
EX_11-EE_b,EX_11,EE,EE_UND,UND,1,402.78,403.78,400.78,405.78,5.0,0.661200000000008,0.24619999999999892,0.08039999999999736,0.9878000000000042,6,1.181784087799026,0.7129999999999995,0.0,0.2870000000000005,1.0,2,0.8648143527316731,0.5105999999999995,0.5105999999999995,4,0.82650000000001,1.5629999999999882,2,0.6154999999999973,0.94399999999996,1,0.4019999999999868,0.4019999999999868,1.2,0.0,0.08980000000000246,1,0,0,0,0,1,1,0,0,2,1.7824999999999989,1.8929999999999723,0,0.0,0.0,1,1.4350000000000023,1.4350000000000023,0.4,0.0,1.0,1,0,0,1,1,0,0,0,0,0.3333333333333333,0.16666666666666666,0.3333333333333333,0.0,0.16666666666666666,0.0,0.0,0.5,0.0,0.0,0.5,0.0,0.0,0.5102040816326531,0.5510204081632653,0.14285714285714285,2.045135381717218,0.2600974109953021,2.6856214459789234,0.9074000000000069,-0.4150000000000091,35.64999999999998,0.7129999999999995,-0.7129999999999995,0.05179999999999152,0.24619999999999892,0.31696973506735293
EX_11-EE_b,EX_11,EE,EE_UND,MISUND,0,485.54,486.54,483.54,488.54,5.0,0.41439999999998917,0.5716000000000122,0.0,0.9860000000000013,4,0.9815858933710733,0.9562000000000012,0.0,0.0,0.9562000000000012,0,-0.0,0.3869999999999891,0.3869999999999891,2,1.035999999999973,1.4069999999999823,3,0.952666666666687,1.5060000000000286,0,0.0,0.0,0.8,0.147199999999998,0.0,0,1,0,1,1,0,0,0,0,3,1.5936666666666686,3.1000000000000227,0,0.0,0.0,0,0.0,0.0,0.0,0.0,1.0,1,0,0,1,1,0,0,0,0,0.5,0.0,0.5,0.0,0.0,0.0,0.0,0.0,0.0,0.0,0.0,0.0,0.0,0.40425531914893614,0.40425531914893614,0.5957446808510638,0.9733854352299556,0.0,0.724982505248391,0.9860000000000013,0.15720000000002304,47.81000000000006,0.9562000000000012,-0.9562000000000012,0.541800000000012,0.5716000000000122,0.9815858933710733
EX_11-EE_b,EX_11,EE,EE_UND,PART_UND,0,589.22,590.22,587.22,592.22,5.0,0.16900000000000545,0.3236000000000104,0.469399999999996,0.9620000000000118,3,1.4746338795430989,1.0,0.0,0.0,1.0,0,-0.0,0.16900000000000545,0.16900000000000545,1,0.8450000000000273,0.8450000000000273,1,1.6180000000000518,1.6180000000000518,2,1.17349999999999,1.7690000000000055,0.6,0.3765999999999849,0.5455999999999903,0,0,1,0,0,0,0,1,1,1,5.0,5.0,0,0.0,0.0,0,0.0,0.0,0.0,0.0,1.0,1,0,0,1,1,0,0,0,0,0.3333333333333333,0.0,0.0,0.3333333333333333,0.3333333333333333,0.0,0.0,0.0,0.0,0.0,0.0,0.0,0.0,0.1875,0.1875,0.3333333333333333,1.489728125673404,0.0,0.5222496909765143,0.4926000000000158,0.15460000000000493,50.0,1.0,-1.0,0.8309999999999945,0.3236000000000104,1.4746338795430989
EX_11-EE_b,EX_11,EE,EE_UND,UND,1,730.26,731.26,728.26,733.26,5.0,0.0,1.0,0.0,1.0,0,-0.0,0.0431999999999789,0.92800000000002,0.0,0.971199999999999,2,0.26247324205941547,0.0,0.0,0,0.0,0.0,1,5.0,5.0,0,0.0,0.0,0.0,1.0,0.0,0,1,0,1,1,0,0,0,0,1,0.2159999999998945,0.2159999999998945,3,1.5466666666667,2.9820000000000846,0,0.0,0.0,0.4,0.22160000000001218,0.0,0,1,0,0,0,1,1,0,0,0.0,0.0,0.0,0.0,0.0,0.0,0.5,0.0,0.5,0.0,0.0,0.0,0.9591836734693877,0.0,0.9591836734693877,0.04081632653061224,0.2460225782203316,0.0,0.0,1.0,1.0,0.04655172413790729,0.971199999999999,0.8848000000000411,0.0431999999999789,0.07199999999997997,0.26247324205941547
EX_11-EE_b,EX_11,EE,EE_UND,UND,1,790.54,791.54,788.54,793.54,5.0,0.0,0.9638000000000148,0.0,0.9638000000000148,0,-0.0,0.2711999999999989,0.6751999999999952,0.0,0.9463999999999941,5,0.8642354815248401,0.0,0.0,0,0.0,0.0,3,1.6063333333333578,2.284999999999968,0,0.0,0.0,0.0,1.0,0.0,0,1,0,1,1,0,0,0,0,3,0.4519999999999982,0.6079999999999472,3,1.1253333333333255,1.6539999999999964,0,0.0,0.0,1.0,0.3180000000000064,0.0,0,1,0,0,1,1,0,0,0,0.0,0.0,0.0,0.0,0.0,0.0,0.4,0.0,0.6,0.0,0.0,0.0,0.717391304347826,0.0,0.717391304347826,0.2826086956521739,0.8589810370425963,0.0,0.0,0.9638000000000148,0.9638000000000148,0.401658767772513,0.9463999999999941,0.40399999999999636,0.2711999999999989,0.2886000000000195,0.8642354815248401
EX_11-EE_b,EX_11,EE,EE_UND,PART_UND,0,886.74,887.74,884.74,889.74,5.0,0.14600000000000363,0.8137999999999692,0.0,0.9597999999999729,2,0.6151079417389029,0.44759999999998856,0.5524000000000114,0.0,1.0,6,0.9920628448882647,0.14600000000000363,0.14600000000000363,1,0.7300000000000182,0.7300000000000182,4,1.0172499999999616,1.4509999999999081,0,0.0,0.0,0.4,0.41620000000000346,0.0,0,1,0,1,1,0,0,0,0,3,0.7459999999999809,1.3659999999999854,4,0.6905000000000143,1.044999999999959,0,0.0,0.0,1.2,0.08820000000000619,0.0,0,1,0,0,0,1,1,0,0,0.5,0.0,0.5,0.0,0.0,0.0,0.5,0.0,0.5,0.0,0.0,0.0,0.5416666666666666,0.16666666666666666,0.7083333333333334,0.2916666666666667,1.4284124677945966,0.48617243480439765,0.179405259277475,0.9597999999999729,0.6677999999999655,0.8102824040549951,1.0,0.10480000000002287,0.30159999999998494,0.2613999999999578,0.37695490314936175
EX_11-EE_b,EX_11,EE,EE_UND,MISUND,0,970.74,971.74,968.74,973.74,5.0,0.0,0.9789999999999963,0.0,0.9789999999999963,0,-0.0,0.12140000000001691,0.8785999999999831,0.0,1.0,3,0.5333717781061577,0.0,0.0,0,0.0,0.0,2,2.447499999999991,4.218999999999937,0,0.0,0.0,0.0,1.0,0.0,0,1,0,1,1,0,0,0,0,2,0.3035000000000423,0.3670000000000755,2,2.1964999999999577,3.7719999999999345,0,0.0,0.0,0.6,0.7543999999999869,0.0,0,1,0,0,1,1,0,0,0,0.0,0.0,0.0,0.0,0.0,0.0,0.3333333333333333,0.0,0.6666666666666666,0.0,0.0,0.0,0.8775510204081632,0.0,0.8775510204081632,0.12244897959183673,0.5363596511250623,0.0,0.0,0.9789999999999963,0.9789999999999963,0.1381743683132475,1.0,0.7571999999999661,0.12140000000001691,0.10040000000001326,0.5333717781061577
EX_11-EE_b,EX_11,EE,EE_UND,UND,1,1159.9,1160.9,1157.9,1162.9,5.0,0.0,0.9159999999999855,0.0,0.9159999999999855,0,-0.0,0.0,1.0,0.0,1.0,0,-0.0,0.0,0.0,0,0.0,0.0,3,1.5266666666666424,2.1079999999999472,0,0.0,0.0,0.0,1.0,0.0,0,1,0,1,1,0,0,0,0,0,0.0,0.0,1,5.0,5.0,0,0.0,0.0,0.0,1.0,0.0,0,1,0,0,0,1,1,0,0,0.0,0.0,0.0,0.0,0.0,0.0,0.0,0.0,0.0,0.0,0.0,0.0,1.0,0.0,1.0,0.0,-0.0,0.0,0.0,0.9159999999999855,0.9159999999999855,0.0,1.0,1.0,0.0,0.08400000000001451,0.0
EX_11-EE_b,EX_11,EE,EE_UND,UND,1,1517.78,1518.78,1515.78,1520.78,5.0,0.08500000000003638,0.9149999999999636,0.0,1.0,2,0.4195564962386717,0.0,1.0,0.0,1.0,0,-0.0,0.0,0.0,1,0.4250000000001819,0.4250000000001819,2,2.287499999999909,3.578999999999951,0,0.0,0.0,0.4,0.7157999999999902,0.0,0,1,0,1,1,0,0,0,0,0,0.0,0.0,1,5.0,5.0,0,0.0,0.0,0.0,1.0,0.0,0,1,0,0,0,1,1,0,0,0.5,0.0,0.5,0.0,0.0,0.0,0.0,0.0,0.0,0.0,0.0,0.0,0.9,0.0,0.9,0.1,0.4689955935892812,0.0,0.09289617486343144,1.0,0.8299999999999272,0.0,1.0,1.0,0.08500000000003638,0.08500000000003638,0.4195564962386717
EX_11-EE_b,EX_11,EE,EE_UND,MISUND,0,1528.54,1529.54,1526.54,1531.54,5.0,0.19020000000000437,0.7753999999999905,0.0,0.9655999999999949,2,0.715838656400492,0.6329999999999473,0.35100000000002185,0.0,0.9839999999999691,3,0.9399160259337389,0.12219999999997526,0.12219999999997526,1,0.9510000000000218,0.9510000000000218,4,0.9692499999999882,1.6700000000000728,0,0.0,0.0,0.4,0.7472000000000207,0.0,0,1,0,1,1,0,0,0,0,2,1.5824999999998681,2.4589999999998327,2,0.8775000000000546,1.4149999999999636,0,0.0,0.0,0.6,0.29900000000002364,0.0,1,0,0,0,1,1,0,0,0,0.5,0.0,0.5,0.0,0.0,0.0,0.3333333333333333,0.0,0.6666666666666666,0.0,0.0,0.0,0.2916666666666667,0.125,0.4166666666666667,0.5833333333333334,1.633628414061469,0.020925875812005758,0.2452927521279426,0.9655999999999949,0.5851999999999862,1.803418803418541,0.9839999999999691,-0.2819999999999254,0.4427999999999429,0.4243999999999687,0.22407736953324686
EX_11-EE_b,EX_11,EE,EE_UND,UND,1,1543.7,1544.7,1541.7,1546.7,5.0,0.0,0.9639999999999873,0.0,0.9639999999999873,0,-0.0,0.20460000000002765,0.7576000000000022,0.0,0.9622000000000298,3,0.7464944573884964,0.0,0.0,0,0.0,0.0,3,1.6066666666666454,2.79099999999994,0,0.0,0.0,0.0,1.0,0.0,0,1,0,1,1,0,0,0,0,2,0.5115000000000691,0.5630000000001019,3,1.2626666666666704,3.088999999999942,0,0.0,0.0,0.6,0.6991999999999734,0.0,0,1,0,0,1,1,0,0,0,0.0,0.0,0.0,0.0,0.0,0.0,0.3333333333333333,0.0,0.6666666666666666,0.0,0.0,0.0,0.7872340425531915,0.0,0.7872340425531915,0.2127659574468085,0.7467366074830679,0.0,0.0,0.9639999999999873,0.9639999999999873,0.27006335797258063,0.9622000000000298,0.5529999999999745,0.20460000000002765,0.20639999999998515,0.7464944573884964
EX_11-EE_b,EX_11,EE,EE_UND,UND,1,1573.3,1574.3,1571.3,1576.3,5.0,0.15480000000002292,0.5557999999999993,0.0,0.7106000000000222,2,0.7562112633638796,0.21840000000001963,0.49760000000001126,0.0,0.716000000000031,2,0.8873504436685582,0.15100000000002184,0.15100000000002184,1,0.7740000000001146,0.7740000000001146,4,0.6947499999999991,1.3130000000001019,0,0.0,0.0,0.4,0.39780000000000654,0.0,0,1,0,1,1,0,0,0,0,1,1.0920000000000982,1.0920000000000982,3,0.8293333333333521,0.9239999999999782,0,0.0,0.0,0.4,0.33040000000000874,0.0,0,1,0,0,0,1,1,0,0,0.5,0.0,0.5,0.0,0.0,0.0,0.5,0.0,0.5,0.0,0.0,0.0,0.6764705882352942,0.23529411764705882,0.9117647058823529,0.08823529411764706,1.181674238559905,0.8020951585420792,0.2785174523210204,0.7106000000000222,0.4009999999999764,0.4389067524116051,0.7160000000000308,0.2791999999999916,0.06359999999999671,0.05819999999998804,0.13113918030467864
EX_11-EE_b,EX_11,EX,EX_UND,UND,1,130.54,131.54,128.54,133.54,5.0,0.2004000000000019,0.16299999999999953,0.6185999999999978,0.9819999999999993,4,1.317947655828693,0.9827999999999975,0.0,0.0,0.9827999999999975,0,-0.0,0.2004000000000019,0.2004000000000019,2,0.5010000000000048,0.5370000000000061,1,0.8149999999999977,0.8149999999999977,2,1.5464999999999947,1.7589999999999861,0.8,0.28480000000000133,0.8370000000000004,0,0,1,0,1,0,0,1,0,2,2.4569999999999936,3.540999999999997,0,0.0,0.0,0,0.0,0.0,0.0,0.0,1.0,1,0,0,1,1,0,0,0,0,0.25,0.25,0.0,0.0,0.5,0.0,0.0,0.0,0.0,0.0,0.0,0.0,0.0,0.1875,0.1875,0.16666666666666666,1.2910164458258657,0.0,1.2294478527607515,0.36340000000000144,-0.037400000000002376,49.13999999999987,0.9827999999999975,-0.9827999999999975,0.7823999999999955,0.16299999999999953,1.317947655828693
EX_11-EE_b,EX_11,EX,EX_UND,NON_UND,0,244.5,245.5,242.5,247.5,5.0,0.8425999999999988,0.147199999999998,0.0,0.9897999999999968,1,0.6066200416322569,0.8389999999999986,0.023599999999999,0.13740000000000235,1.0,3,0.7334937305213953,0.7051999999999964,0.7051999999999964,1,4.212999999999994,4.212999999999994,1,0.73599999999999,0.73599999999999,0,0.0,0.0,0.2,0.0,0.852800000000002,1,0,0,0,1,1,0,0,0,2,2.0974999999999966,3.673000000000002,1,0.117999999999995,0.117999999999995,1,0.6870000000000118,0.6870000000000118,0.6,0.0,0.976400000000001,1,0,0,1,0,0,1,0,0,1.0,0.0,0.0,0.0,0.0,0.0,0.3333333333333333,0.3333333333333333,0.0,0.0,0.3333333333333333,0.0,0.02,0.72,0.74,0.12,1.2182849995616565,-0.018866805135549093,5.7241847826087655,0.9897999999999968,-0.6954000000000008,35.550847457628564,0.8625999999999976,-0.8153999999999997,0.0036000000000001586,0.123599999999999,0.12687368888913841
EX_11-EE_b,EX_11,EX,EX_UND,UND,1,261.18,262.18,259.18,264.18,5.0,0.276400000000001,0.7115999999999986,0.0,0.9879999999999995,1,0.8551196107033923,0.342999999999995,0.5868000000000052,0.0,0.9298000000000002,1,0.949821054794304,0.24560000000000173,0.24560000000000173,1,1.382000000000005,1.382000000000005,1,3.5579999999999927,3.5579999999999927,0,0.0,0.0,0.2,0.0,0.28840000000000143,0,1,0,0,1,1,0,0,0,3,0.5716666666666583,0.8070000000000164,2,1.467000000000013,2.4259999999999877,0,0.0,0.0,0.2,0.0,0.390199999999993,0,1,0,1,0,0,1,0,0,1.0,0.0,0.0,0.0,0.0,0.0,1.0,0.0,0.0,0.0,0.0,0.0,0.6170212765957447,0.2765957446808511,0.8936170212765957,0.10638297872340426,1.2865717097846459,0.7848650023382523,0.38842046093311067,0.9879999999999995,0.4351999999999976,0.5845262440354327,0.9298000000000002,0.24380000000001023,0.066599999999994,0.12479999999999336,0.09470144409091175
EX_11-EE_b,EX_11,EX,EX_UND,NON_UND,0,306.1,307.1,304.1,309.1,5.0,0.5420000000000073,0.444399999999996,0.0,0.9864000000000033,3,0.9929262631335134,0.7604000000000042,0.145799999999997,0.05879999999999654,0.9649999999999977,6,0.9287945873673407,0.36960000000000265,0.36960000000000265,2,1.3550000000000182,2.1480000000000246,2,1.11099999999999,1.6049999999999613,0,0.0,0.0,0.6,0.3209999999999923,0.0,1,0,0,1,0,0,1,0,0,5,0.7604000000000042,1.3079999999999927,2,0.3644999999999925,0.3930000000000291,1,0.2939999999999827,0.2939999999999827,1.2,0.0,0.148599999999999,1,0,0,1,1,0,0,0,0,0.3333333333333333,0.0,0.6666666666666666,0.0,0.0,0.0,0.3333333333333333,0.16666666666666666,0.3333333333333333,0.0,0.16666666666666666,0.0,0.06382978723404255,0.3617021276595745,0.425531914893617,0.5106382978723404,1.864478102670617,-0.1969335028472152,1.219621962196247,0.9864000000000033,-0.09760000000001123,5.215363511659945,0.9062000000000012,-0.6146000000000071,0.21839999999999693,0.29859999999999903,0.06413167576617274
EX_11-EE_b,EX_11,EX,EX_UND,NON_UND,0,317.46,318.46,315.46,320.46,5.0,0.4046000000000049,0.5817999999999983,0.0,0.9864000000000033,3,0.976594064037432,1.0,0.0,0.0,1.0,0,-0.0,0.4046000000000049,0.4046000000000049,2,1.0115000000000123,1.4670000000000414,2,1.454499999999996,1.766999999999996,0,0.0,0.0,0.6,0.35339999999999916,0.0,0,1,0,1,0,0,1,0,0,1,5.0,5.0,0,0.0,0.0,0,0.0,0.0,0.0,0.0,1.0,1,0,0,1,1,0,0,0,0,0.3333333333333333,0.0,0.6666666666666666,0.0,0.0,0.0,0.0,0.0,0.0,0.0,0.0,0.0,0.0,0.40816326530612246,0.40816326530612246,0.5918367346938775,0.9755259511264973,0.0,0.6954279821244518,0.9864000000000033,0.17719999999999342,50.0,1.0,-1.0,0.595399999999995,0.5817999999999983,0.976594064037432
EX_11-EE_b,EX_11,EX,EX_UND,PART_UND,0,345.9,346.9,343.9,348.9,5.0,0.6840000000000032,0.30079999999999246,0.0,0.9847999999999957,5,0.8878426422708598,0.9148000000000025,0.08519999999999754,0.0,1.0,2,0.4202417729096014,0.5988000000000057,0.5988000000000057,3,1.1400000000000052,1.336999999999989,3,0.5013333333333208,0.8740000000000236,0,0.0,0.0,1.0,0.0,0.2632000000000062,1,0,0,0,1,1,0,0,0,2,2.287000000000006,3.7970000000000255,1,0.4259999999999877,0.4259999999999877,0,0.0,0.0,0.4,0.0,0.7594000000000051,1,0,0,1,1,0,0,0,0,0.6,0.0,0.4,0.0,0.0,0.0,0.5,0.0,0.5,0.0,0.0,0.0,0.0,0.5918367346938775,0.5918367346938775,0.40816326530612246,1.3066598794771638,-0.22390553775994954,2.2739361702128336,0.9847999999999957,-0.3832000000000107,10.737089201878273,1.0,-0.829600000000005,0.23079999999999934,0.2155999999999949,0.46760086936125844
EX_11-EE_b,EX_11,EX,EX_UND,UND,1,387.3,388.3,385.3,390.3,5.0,0.6781999999999812,0.23460000000001174,0.08720000000000709,1.0,5,1.1775609304984052,0.978200000000004,0.0,0.0,0.978200000000004,0,-0.0,0.6781999999999812,0.6781999999999812,3,1.1303333333333019,1.5979999999999563,2,0.5865000000000293,0.5950000000000273,1,0.43600000000003547,0.43600000000003547,1.0,0.0,0.217999999999995,1,0,0,0,0,1,0,0,1,2,2.4455000000000098,4.709000000000003,0,0.0,0.0,0,0.0,0.0,0.0,0.0,1.0,1,0,0,1,1,0,0,0,0,0.4,0.2,0.4,0.0,0.0,0.0,0.0,0.0,0.0,0.0,0.0,0.0,0.0,0.6938775510204082,0.6938775510204082,0.24489795918367346,1.1096450662921697,0.0,2.8908780903663565,0.912799999999993,-0.4435999999999694,48.910000000000196,0.978200000000004,-0.978200000000004,0.3000000000000228,0.23460000000001174,1.1775609304984052
EX_11-EE_b,EX_11,EX,EX_UND,NON_UND,0,418.34,419.34,416.34,421.34,5.0,0.32180000000000747,0.5199999999999931,0.15819999999999937,1.0,5,1.437805583978828,1.0,0.0,0.0,1.0,0,-0.0,0.32180000000000747,0.32180000000000747,3,0.5363333333333458,0.6929999999999836,1,2.599999999999966,2.599999999999966,2,0.3954999999999984,0.5470000000000255,1.0,0.0,0.4800000000000068,0,1,0,0,1,1,0,0,0,1,5.0,5.0,0,0.0,0.0,0,0.0,0.0,0.0,0.0,1.0,1,0,0,1,1,0,0,0,0,0.2,0.4,0.0,0.0,0.4,0.0,0.0,0.0,0.0,0.0,0.0,0.0,0.0,0.34,0.34,0.5,1.452190728862247,0.0,0.6188461538461764,0.8418000000000005,0.19819999999998567,50.0,1.0,-1.0,0.6781999999999926,0.5199999999999931,1.437805583978828
EX_11-EE_b,EX_11,EX,EX_UND,PART_UND,0,543.78,544.78,541.78,546.78,5.0,0.26219999999998433,0.11580000000001292,0.574000000000001,0.9519999999999982,2,1.3221553209385042,0.9882000000000062,0.0,0.0,0.9882000000000062,0,-0.0,0.2503999999999905,0.2503999999999905,1,1.3109999999999218,1.3109999999999218,1,0.5790000000000646,0.5790000000000646,2,1.4350000000000023,2.244000000000028,0.4,0.7378000000000157,0.0,0,0,1,1,0,0,1,0,0,2,2.4705000000000155,4.526000000000067,0,0.0,0.0,0,0.0,0.0,0.0,0.0,1.0,1,0,0,1,1,0,0,0,0,0.0,0.0,0.0,0.5,0.5,0.0,0.0,0.0,0.0,0.0,0.0,0.0,0.0,0.2765957446808511,0.2765957446808511,0.1276595744680851,1.3371116355547852,0.0,2.2642487046628244,0.3779999999999972,-0.14639999999997141,49.41000000000031,0.9882000000000062,-0.9882000000000062,0.7260000000000219,0.11580000000001292,1.3221553209385042
EX_11-EE_b,EX_11,EX,EX_UND,UND,1,568.58,569.58,566.58,571.58,5.0,0.1074000000000069,0.7150000000000091,0.1487999999999829,0.971199999999999,2,1.0912293952651506,0.8763999999999896,0.0928000000000111,0.0,0.9692000000000007,2,0.4553737704554385,0.0900000000000091,0.0900000000000091,1,0.5370000000000346,0.5370000000000346,1,3.5750000000000455,3.5750000000000455,1,0.7439999999999145,0.7439999999999145,0.4,0.8925999999999931,0.177599999999984,0,1,0,0,0,0,1,1,0,3,1.4606666666666495,2.200999999999908,1,0.4640000000000555,0.4640000000000555,0,0.0,0.0,0.4,0.0,0.4401999999999816,1,0,0,1,1,0,0,0,0,0.0,0.0,0.5,0.0,0.0,0.5,0.5,0.0,0.5,0.0,0.0,0.0,0.0851063829787234,0.0851063829787234,0.1702127659574468,0.6595744680851063,1.4358636256777835,0.0930232558139535,0.15020979020979797,0.822400000000016,0.6076000000000021,9.443965517240139,0.9692000000000007,-0.7835999999999785,0.7689999999999827,0.622199999999998,0.6358556248097121
EX_11-EE_b,EX_11,EX,EX_UND,UND,1,608.38,609.38,606.38,611.38,5.0,0.11700000000000728,0.26820000000000166,0.5493999999999915,0.9346000000000003,3,1.3427102377191573,0.9514000000000123,0.0,0.037200000000007095,0.9886000000000195,2,0.23131343970191304,0.11700000000000728,0.11700000000000728,1,0.5850000000000364,0.5850000000000364,3,0.44700000000000273,0.6309999999999718,3,0.9156666666666524,1.191000000000031,0.6,0.8829999999999927,0.0,0,0,1,1,0,0,1,0,0,2,2.378500000000031,2.4320000000000164,0,0.0,0.0,1,0.18600000000003547,0.18600000000003547,0.4,0.0,1.0,1,0,0,1,1,0,0,0,0,0.0,0.0,0.3333333333333333,0.3333333333333333,0.0,0.3333333333333333,0.0,0.5,0.0,0.0,0.5,0.0,0.0,0.10638297872340426,0.14893617021276595,0.2978723404255319,1.5306730632752616,0.07273929674533079,0.4362416107382795,0.3852000000000089,0.1511999999999944,47.57000000000062,0.9514000000000123,-0.9514000000000123,0.834400000000005,0.26820000000000166,1.1113967980172443
EX_11-EE_b,EX_11,EX,EX_UND,UND,1,656.46,657.46,654.46,659.46,5.0,0.0,1.0,0.0,1.0,0,-0.0,0.0,1.0,0.0,1.0,0,-0.0,0.0,0.0,0,0.0,0.0,1,5.0,5.0,0,0.0,0.0,0.0,1.0,0.0,0,1,0,1,1,0,0,0,0,0,0.0,0.0,1,5.0,5.0,0,0.0,0.0,0.0,1.0,0.0,0,1,0,0,0,1,1,0,0,0.0,0.0,0.0,0.0,0.0,0.0,0.0,0.0,0.0,0.0,0.0,0.0,1.0,0.0,1.0,0.0,-0.0,0.0,0.0,1.0,1.0,0.0,1.0,1.0,0.0,0.0,0.0
EX_11-EE_b,EX_11,EX,EX_UND,UND,1,711.98,712.06,709.98,714.06,4.079999999999927,0.0,0.9821078431372597,0.0,0.9821078431372597,0,-0.0,0.0,1.0,0.0,1.0,0,-0.0,0.0,0.0,0,0.0,0.0,2,2.003499999999974,2.0499999999999545,0,0.0,0.0,0.0,1.0,0.0,0,1,0,1,1,0,0,0,0,0,0.0,0.0,1,4.079999999999927,4.079999999999927,0,0.0,0.0,0.0,1.0,0.0,0,1,0,0,0,1,1,0,0,0.0,0.0,0.0,0.0,0.0,0.0,0.0,0.0,0.0,0.0,0.0,0.0,1.0,0.0,1.0,0.0,-0.0,0.0,0.0,0.9821078431372597,0.9821078431372597,0.0,1.0,1.0,0.0,0.01789215686274026,0.0
EX_11-EE_b,EX_11,EX,EX_UND,UND,1,712.06,713.06,710.06,715.06,5.0,0.0,0.9714000000000169,0.0,0.9714000000000169,0,-0.0,0.0,1.0,0.0,1.0,0,-0.0,0.0,0.0,0,0.0,0.0,3,1.6190000000000282,1.9820000000000846,0,0.0,0.0,0.0,1.0,0.0,0,1,0,1,1,0,0,0,0,0,0.0,0.0,1,5.0,5.0,0,0.0,0.0,0.0,1.0,0.0,0,1,0,0,0,1,1,0,0,0.0,0.0,0.0,0.0,0.0,0.0,0.0,0.0,0.0,0.0,0.0,0.0,1.0,0.0,1.0,0.0,-0.0,0.0,0.0,0.9714000000000169,0.9714000000000169,0.0,1.0,1.0,0.0,0.028599999999983083,0.0
EX_11-EE_b,EX_11,EX,EX_UND,UND,1,790.06,791.06,788.06,793.06,5.0,0.0,0.9638000000000148,0.0,0.9638000000000148,0,-0.0,0.255600000000004,0.7101999999999862,0.0,0.9657999999999902,5,0.8336841012396091,0.0,0.0,0,0.0,0.0,3,1.6063333333333578,2.1720000000000255,0,0.0,0.0,0.0,1.0,0.0,0,1,0,1,1,0,0,0,0,3,0.42600000000000665,0.6079999999999472,3,1.1836666666666436,1.856999999999971,0,0.0,0.0,1.0,0.0,0.028600000000005822,0,1,0,1,0,0,1,0,0,0.0,0.0,0.0,0.0,0.0,0.0,0.6,0.0,0.4,0.0,0.0,0.0,0.7333333333333333,0.0,0.7333333333333333,0.26666666666666666,0.8366407419411672,0.0,0.0,0.9638000000000148,0.9638000000000148,0.3598986201070247,0.9657999999999902,0.4545999999999822,0.255600000000004,0.2536000000000286,0.8336841012396091
EX_11-EE_b,EX_11,EX,EX_UND,UND,1,848.1,849.1,846.1,851.1,5.0,0.0,0.984400000000005,0.0,0.984400000000005,0,-0.0,0.04940000000001419,0.9329999999999927,0.0,0.9824000000000069,2,0.28760645421095266,0.0,0.0,0,0.0,0.0,2,2.4610000000000127,3.5710000000000264,0,0.0,0.0,0.0,1.0,0.0,0,1,0,1,1,0,0,0,0,1,0.24700000000007094,0.24700000000007094,2,2.332499999999982,4.150999999999954,0,0.0,0.0,0.4,0.8301999999999907,0.0,0,1,0,0,0,1,1,0,0,0.0,0.0,0.0,0.0,0.0,0.0,0.5,0.0,0.5,0.0,0.0,0.0,0.9583333333333334,0.0,0.9583333333333334,0.041666666666666664,0.24988229283318544,0.0,0.0,0.984400000000005,0.984400000000005,0.0529474812433168,0.9824000000000069,0.8835999999999785,0.04940000000001419,0.051400000000012325,0.28760645421095266
EX_11-EE_b,EX_11,EX,EX_UND,UND,1,959.34,960.34,957.34,962.34,5.0,0.03679999999999382,0.9632000000000062,0.0,1.0,1,0.2274228269115772,0.06859999999999218,0.9152000000000043,0.0,0.9837999999999966,2,0.36491383415404044,0.0,0.0,1,0.18399999999996908,0.18399999999996908,1,4.816000000000031,4.816000000000031,0,0.0,0.0,0.2,0.0,0.03679999999999382,0,1,0,0,1,1,0,0,0,1,0.3429999999999609,0.3429999999999609,2,2.288000000000011,3.69500000000005,0,0.0,0.0,0.4,0.17619999999999436,0.0,0,1,0,0,0,1,1,0,0,1.0,0.0,0.0,0.0,0.0,0.0,0.5,0.0,0.5,0.0,0.0,0.0,0.8775510204081632,0.0,0.8775510204081632,0.12244897959183673,0.6488040389684693,-0.061502080535259004,0.03820598006643852,1.0,0.9264000000000123,0.0749562937062848,0.9837999999999966,0.8466000000000121,0.031799999999998364,0.04800000000000182,0.13749100724246324
EX_11-EE_b,EX_11,EX,EX_UND,UND,1,1005.5,1006.5,1003.5,1008.5,5.0,0.0,1.0,0.0,1.0,0,-0.0,0.0,1.0,0.0,1.0,0,-0.0,0.0,0.0,0,0.0,0.0,1,5.0,5.0,0,0.0,0.0,0.0,1.0,0.0,0,1,0,1,1,0,0,0,0,0,0.0,0.0,1,5.0,5.0,0,0.0,0.0,0.0,1.0,0.0,0,1,0,0,0,1,1,0,0,0.0,0.0,0.0,0.0,0.0,0.0,0.0,0.0,0.0,0.0,0.0,0.0,1.0,0.0,1.0,0.0,-0.0,0.0,0.0,1.0,1.0,0.0,1.0,1.0,0.0,0.0,0.0
EX_11-EE_b,EX_11,EX,EX_UND,UND,1,1013.3,1014.3,1011.3,1016.3,5.0,0.0,1.0,0.0,1.0,0,-0.0,0.0,0.9894000000000005,0.0,0.9894000000000005,0,-0.0,0.0,0.0,0,0.0,0.0,1,5.0,5.0,0,0.0,0.0,0.0,1.0,0.0,0,1,0,1,1,0,0,0,0,0,0.0,0.0,2,2.4735000000000014,3.219000000000051,0,0.0,0.0,0.0,1.0,0.0,0,1,0,0,0,1,1,0,0,0.0,0.0,0.0,0.0,0.0,0.0,0.0,0.0,0.0,0.0,0.0,0.0,1.0,0.0,1.0,0.0,-0.0,0.0,0.0,1.0,1.0,0.0,0.9894000000000005,0.9894000000000005,0.0,0.010599999999999499,0.0
EX_11-EE_b,EX_11,EX,EX_UND,PART_UND,0,1054.38,1055.38,1052.38,1057.38,5.0,0.0,0.9856000000000222,0.0,0.9856000000000222,0,-0.0,0.0680000000000291,0.9155999999999949,0.0,0.983600000000024,2,0.36268279499335004,0.0,0.0,0,0.0,0.0,2,2.4640000000000555,2.818000000000211,0,0.0,0.0,0.0,1.0,0.0,0,1,0,1,1,0,0,0,0,1,0.3400000000001455,0.3400000000001455,2,2.2889999999999873,2.824000000000069,0,0.0,0.0,0.4,0.36719999999995706,0.0,0,1,0,0,0,1,1,0,0,0.0,0.0,0.0,0.0,0.0,0.0,0.5,0.0,0.5,0.0,0.0,0.0,0.9387755102040817,0.0,0.9387755102040817,0.061224489795918366,0.3322866302216151,0.0,0.0,0.9856000000000222,0.9856000000000222,0.0742682394058863,0.983600000000024,0.8475999999999657,0.0680000000000291,0.07000000000002737,0.36268279499335004
EX_11-EE_b,EX_11,EX,EX_UND,UND,1,1224.7,1225.7,1222.7,1227.7,5.0,0.0,0.984400000000005,0.0,0.984400000000005,0,-0.0,0.13500000000003637,0.8473999999999705,0.0,0.9824000000000069,1,0.5774381388391099,0.0,0.0,0,0.0,0.0,2,2.4610000000000127,2.5750000000000455,0,0.0,0.0,0.0,1.0,0.0,0,1,0,1,1,0,0,0,0,2,0.33750000000009095,0.45600000000013097,1,4.236999999999853,4.236999999999853,0,0.0,0.0,0.2,0.8473999999999705,0.0,0,1,0,0,1,1,0,0,0,0.0,0.0,0.0,0.0,0.0,0.0,0.0,0.0,1.0,0.0,0.0,0.0,0.875,0.0,0.875,0.125,0.5435644431995964,0.0,0.0,0.984400000000005,0.984400000000005,0.15931083313670175,0.9824000000000068,0.7123999999999342,0.13500000000003637,0.13700000000003454,0.5774381388391099
EX_11-EE_b,EX_11,EX,EX_UND,UND,1,1332.46,1333.46,1330.46,1335.46,5.0,0.0,0.9677999999999883,0.0,0.9677999999999883,0,-0.0,0.06179999999999382,0.9382000000000061,0.0,1.0,2,0.33454918967260516,0.0,0.0,0,0.0,0.0,3,1.6129999999999807,4.057000000000016,0,0.0,0.0,0.0,1.0,0.0,0,1,0,1,1,0,0,0,0,1,0.3089999999999691,0.3089999999999691,2,2.3455000000000155,3.893000000000029,0,0.0,0.0,0.4,0.15960000000000035,0.0,0,1,0,0,0,1,1,0,0,0.0,0.0,0.0,0.0,0.0,0.0,0.5,0.0,0.5,0.0,0.0,0.0,0.9166666666666666,0.0,0.9166666666666666,0.08333333333333333,0.41381685030363374,0.0,0.0,0.9677999999999883,0.9677999999999883,0.06587081645703839,1.0,0.8764000000000123,0.06179999999999382,0.029599999999982196,0.33454918967260516
EX_11-EE_b,EX_11,EX,EX_UND,UND,1,1343.06,1344.06,1341.06,1346.06,5.0,0.0,1.0,0.0,1.0,0,-0.0,0.0,1.0,0.0,1.0,0,-0.0,0.0,0.0,0,0.0,0.0,1,5.0,5.0,0,0.0,0.0,0.0,1.0,0.0,0,1,0,1,1,0,0,0,0,0,0.0,0.0,1,5.0,5.0,0,0.0,0.0,0.0,1.0,0.0,0,1,0,0,0,1,1,0,0,0.0,0.0,0.0,0.0,0.0,0.0,0.0,0.0,0.0,0.0,0.0,0.0,1.0,0.0,1.0,0.0,-0.0,0.0,0.0,1.0,1.0,0.0,1.0,1.0,0.0,0.0,0.0
EX_11-EE_b,EX_11,EX,EX_UND,UND,1,1421.5,1422.5,1419.5,1424.5,5.0,0.0,0.9629999999999654,0.0,0.9629999999999654,0,-0.0,0.056199999999989814,0.9318000000000211,0.0,0.9880000000000109,1,0.31494360627515694,0.0,0.0,0,0.0,0.0,3,1.6049999999999425,2.7439999999999145,0,0.0,0.0,0.0,1.0,0.0,0,1,0,1,1,0,0,0,0,1,0.28099999999994907,0.28099999999994907,2,2.3295000000000528,2.5930000000000746,0,0.0,0.0,0.2,0.0,0.056199999999989814,0,1,0,1,0,0,1,0,0,0.0,0.0,0.0,0.0,0.0,0.0,1.0,0.0,0.0,0.0,0.0,0.0,0.9375,0.0,0.9375,0.0625,0.3372900666170139,0.0,0.0,0.9629999999999654,0.9629999999999654,0.06031337196822123,0.9880000000000109,0.8756000000000312,0.056199999999989814,0.031199999999944383,0.31494360627515694
EX_11-EE_c,EX_11,EE,EE_UND,NON_UND,0,186.54,187.54,184.54,189.54,5.0,0.9225999999999999,0.0774000000000001,0.0,1.0,2,0.39295100862309834,0.6752000000000009,0.20960000000000037,0.0,0.8848000000000014,2,0.789829574690696,0.6105999999999995,0.6105999999999995,2,2.3064999999999998,4.126000000000005,1,0.38700000000000045,0.38700000000000045,0,0.0,0.0,0.4,0.0,0.09739999999999896,1,0,0,0,0,1,1,0,0,5,0.6752000000000009,0.9259999999999877,2,0.5240000000000009,0.9549999999999841,0,0.0,0.0,0.4,0.018600000000003548,0.0,1,0,0,0,0,1,1,0,0,0.5,0.0,0.5,0.0,0.0,0.0,0.5,0.0,0.5,0.0,0.0,0.0,0.0,0.6956521739130435,0.6956521739130435,0.30434782608695654,1.1492297615162819,-0.16265001215808886,11.919896640826858,1.0,-0.8451999999999997,3.221374045801525,0.8848000000000013,-0.46560000000000057,0.24739999999999895,0.13220000000000026,0.3968785660675977
EX_11-EE_c,EX_11,EE,EE_UND,NON_UND,0,217.62,218.62,215.62,220.62,5.0,0.20439999999999828,0.7956000000000018,0.0,1.0,2,0.7306412862464695,0.5201999999999998,0.3649999999999977,0.0,0.8851999999999975,2,0.9777109180805807,0.08299999999999841,0.08299999999999841,1,1.0219999999999914,1.0219999999999914,2,1.9890000000000043,2.781000000000006,0,0.0,0.0,0.4,0.5562000000000011,0.0,0,1,0,1,1,0,0,0,0,4,0.6502499999999998,1.1550000000000011,3,0.6083333333333295,1.3269999999999982,0,0.0,0.0,0.4,0.0,0.24499999999999886,1,0,0,1,1,0,0,0,0,0.5,0.0,0.5,0.0,0.0,0.0,0.5,0.0,0.5,0.0,0.0,0.0,0.2826086956521739,0.10869565217391304,0.391304347826087,0.6086956521739131,1.7112375587957276,-0.11738253537896065,0.2569130216189012,1.0,0.5912000000000035,1.425205479452063,0.8851999999999975,-0.15520000000000206,0.3158000000000015,0.43060000000000404,0.24706963183411124
EX_11-EE_c,EX_11,EE,EE_UND,NON_UND,0,273.7,274.7,271.7,276.7,5.0,0.8830000000000041,0.10199999999999818,0.0,0.9850000000000023,1,0.4801591365826275,0.4524000000000001,0.4590000000000032,0.0,0.9114000000000033,1,0.9999621715835293,0.3560000000000059,0.3560000000000059,1,4.4150000000000205,4.4150000000000205,1,0.5099999999999909,0.5099999999999909,0,0.0,0.0,0.2,0.0,0.8980000000000018,1,0,0,0,1,1,0,0,0,4,0.5655000000000001,0.7970000000000255,1,2.295000000000016,2.295000000000016,0,0.0,0.0,0.2,0.48279999999999745,0.0,0,1,0,0,1,1,0,0,0,1.0,0.0,0.0,0.0,0.0,0.0,0.0,0.0,1.0,0.0,0.0,0.0,0.0,0.4,0.4,0.6,1.3340625404347208,-0.31936744575832954,8.656862745098234,0.9850000000000023,-0.7810000000000059,0.9856209150326731,0.9114000000000033,0.006600000000003103,0.43060000000000404,0.357000000000005,0.5198030350009017
EX_11-EE_c,EX_11,EE,EE_UND,NON_UND,0,388.54,389.54,386.54,391.54,5.0,0.4504000000000019,0.5495999999999981,0.0,1.0,2,0.9928897903340868,0.4882000000000062,0.4438000000000102,0.0,0.9320000000000164,4,0.9983622671873587,0.2536000000000058,0.2536000000000058,2,1.1260000000000048,1.525000000000034,1,2.7479999999999905,2.7479999999999905,0,0.0,0.0,0.4,0.0,0.1453999999999951,0,1,0,0,0,1,1,0,0,5,0.4882000000000062,0.7680000000000291,2,1.1095000000000255,1.3280000000000314,0,0.0,0.0,0.8,0.0,0.34819999999999707,1,0,0,1,1,0,0,0,0,0.5,0.0,0.5,0.0,0.0,0.0,0.5,0.0,0.5,0.0,0.0,0.0,0.2826086956521739,0.2826086956521739,0.5652173913043478,0.43478260869565216,1.984550967151372,0.13257575757575754,0.8195050946142712,1.0,0.09919999999999618,1.1000450653447387,0.9320000000000164,-0.044399999999996,0.037800000000004275,0.1057999999999879,0.0054724768532719015
EX_11-EE_c,EX_11,EE,EE_UND,NON_UND,0,490.9,491.9,488.9,493.9,5.0,0.7265999999999962,0.2648000000000025,0.0,0.9913999999999987,3,0.8372681513839453,0.6480000000000132,0.23719999999999572,0.0,0.8852000000000089,1,0.8385250710669749,0.39560000000000173,0.39560000000000173,3,1.2109999999999939,1.632000000000005,2,0.6620000000000061,1.0810000000000173,0,0.0,0.0,0.6,0.21620000000000344,0.0,1,0,0,1,0,0,1,0,0,5,0.6480000000000132,1.26400000000001,1,1.1859999999999786,1.1859999999999786,0,0.0,0.0,0.2,0.0,0.7628000000000043,1,0,0,1,0,0,1,0,0,0.3333333333333333,0.0,0.6666666666666666,0.0,0.0,0.0,1.0,0.0,0.0,0.0,0.0,0.0,0.0,0.46511627906976744,0.46511627906976744,0.5348837209302325,1.5306401102506704,-0.36478009283544,2.7439577039274528,0.9913999999999987,-0.46179999999999377,2.7318718381114038,0.885200000000009,-0.4108000000000175,0.07859999999998302,0.027600000000006758,0.0012569196830296558
EX_11-EE_c,EX_11,EE,EE_UND,NON_UND,0,594.7,595.7,592.7,597.7,5.0,0.7388000000000374,0.23519999999998617,0.0,0.9740000000000236,4,0.7974902402845192,0.21940000000001875,0.716800000000012,0.0,0.9362000000000308,1,0.7855203856088443,0.18480000000001837,0.18480000000001837,4,0.9235000000000468,2.15400000000011,2,0.5879999999999654,1.0619999999998981,0,0.0,0.0,0.8,0.0,0.44800000000000184,1,0,0,0,0,1,1,0,0,2,0.5485000000000468,1.0860000000000127,1,3.58400000000006,3.58400000000006,0,0.0,0.0,0.2,0.7401999999999817,0.008199999999987995,0,1,0,0,1,1,0,0,0,0.5,0.0,0.5,0.0,0.0,0.0,0.0,0.0,1.0,0.0,0.0,0.0,0.24444444444444444,0.17777777777777778,0.4222222222222222,0.5777777777777777,1.5329608174545994,0.17588161767036212,3.141156462585378,0.9740000000000236,-0.5036000000000512,0.30608258928573534,0.9362000000000308,0.49739999999999324,0.5194000000000187,0.4816000000000258,0.011969854675674907
EX_11-EE_c,EX_11,EE,EE_UND,UND,1,943.86,944.86,941.86,946.86,5.0,0.48279999999999745,0.469600000000014,0.04759999999998854,1.0,2,1.2283811258789488,0.8360000000000127,0.0,0.0,0.8360000000000127,0,-0.0,0.3643999999999778,0.3643999999999778,1,2.4139999999999873,2.4139999999999873,1,2.34800000000007,2.34800000000007,1,0.2379999999999427,0.2379999999999427,0.4,0.04759999999998854,0.530399999999986,1,0,0,0,1,0,0,1,0,8,0.522500000000008,1.872000000000071,0,0.0,0.0,0,0.0,0.0,0.0,0.0,1.0,1,0,0,1,1,0,0,0,0,0.5,0.0,0.0,0.0,0.5,0.0,0.0,0.0,0.0,0.0,0.0,0.0,0.0,0.42857142857142855,0.42857142857142855,0.5,1.2958363892911637,0.0,1.0281090289607817,0.9524000000000115,-0.013199999999983447,41.80000000000064,0.8360000000000127,-0.8360000000000127,0.3532000000000153,0.469600000000014,1.2283811258789488
EX_11-EE_c,EX_11,EE,EE_UND,NON_UND,0,1000.26,1001.26,998.26,1003.26,5.0,0.24799999999997907,0.6940000000000055,0.0,0.9419999999999845,1,0.8316403295859432,0.7955999999999903,0.18220000000001163,0.0,0.977800000000002,1,0.6937448525975868,0.07779999999997926,0.07779999999997926,2,0.6199999999999477,0.7689999999998918,4,0.8675000000000068,1.5130000000000337,0,0.0,0.0,0.2,0.0,0.2599999999999909,0,1,0,0,1,1,0,0,0,2,1.988999999999976,2.8250000000000455,1,0.9110000000000582,0.9110000000000582,0,0.0,0.0,0.2,0.18220000000001163,0.0,1,0,0,0,1,1,0,0,0,1.0,0.0,0.0,0.0,0.0,0.0,0.0,0.0,1.0,0.0,0.0,0.0,0.0,0.06666666666666667,0.06666666666666667,0.9333333333333333,1.0529815751302694,-0.82915619758885,0.35734870316999584,0.9419999999999846,0.44600000000002643,4.366630076838307,0.977800000000002,-0.6133999999999786,0.5476000000000112,0.5117999999999938,0.13789547698835647
EX_11-EE_c,EX_11,EE,EE_UND,UND,1,1542.1,1543.1,1540.1,1545.1,5.0,0.0,1.0,0.0,1.0,0,-0.0,0.2543999999999869,0.7276000000000294,0.0,0.9820000000000164,1,0.8253293393206016,0.0,0.0,0,0.0,0.0,1,5.0,5.0,0,0.0,0.0,0.0,1.0,0.0,0,1,0,1,1,0,0,0,0,1,1.2719999999999345,1.2719999999999345,1,3.6380000000001473,3.6380000000001473,0,0.0,0.0,0.2,0.7456000000000131,0.0,0,1,0,0,1,1,0,0,0,0.0,0.0,0.0,0.0,0.0,0.0,0.0,0.0,1.0,0.0,0.0,0.0,0.7551020408163265,0.0,0.7551020408163265,0.24489795918367346,0.8030909760146978,0.0,0.0,1.0,1.0,0.3496426608026067,0.9820000000000164,0.47320000000004253,0.2543999999999869,0.27239999999997055,0.8253293393206016
EX_11-EE_c,EX_11,EE,EE_UND,UND,1,1548.62,1549.62,1546.62,1551.62,5.0,0.21000000000003638,0.5481999999999971,0.24179999999996654,1.0,2,1.4434702353897002,0.6675999999999931,0.3014000000000124,0.0,0.9690000000000054,1,0.8943729665459494,0.0,0.0,1,1.050000000000182,1.050000000000182,1,2.7409999999999854,2.7409999999999854,1,1.2089999999998327,1.2089999999998327,0.4,0.0,0.4518000000000029,0,1,0,0,1,1,0,0,0,2,1.6689999999999827,2.063999999999851,1,1.5070000000000618,1.5070000000000618,0,0.0,0.0,0.2,0.31720000000000254,0.0,1,0,0,0,1,1,0,0,0,0.0,0.5,0.0,0.0,0.0,0.5,0.0,0.0,1.0,0.0,0.0,0.0,0.0,0.0,0.0,0.7551020408163265,1.7060097337984999,-0.7726832945548976,0.3830718715797838,0.7582000000000335,0.33819999999996075,2.214996682149853,0.9690000000000054,-0.3661999999999807,0.4575999999999567,0.24679999999998475,0.5490972688437508
EX_11-EE_c,EX_11,EE,EE_UND,NON_UND,0,1604.22,1605.22,1602.22,1607.22,5.0,0.0,0.9838000000000193,0.0,0.9838000000000193,0,-0.0,0.0,1.0,0.0,1.0,0,-0.0,0.0,0.0,0,0.0,0.0,2,2.459500000000048,4.842000000000098,0,0.0,0.0,0.0,1.0,0.0,0,1,0,1,1,0,0,0,0,0,0.0,0.0,1,5.0,5.0,0,0.0,0.0,0.0,1.0,0.0,0,1,0,0,0,1,1,0,0,0.0,0.0,0.0,0.0,0.0,0.0,0.0,0.0,0.0,0.0,0.0,0.0,1.0,0.0,1.0,0.0,-0.0,0.0,0.0,0.9838000000000193,0.9838000000000193,0.0,1.0,1.0,0.0,0.016199999999980674,0.0
EX_11-EE_c,EX_11,EX,EX_UND,PART_UND,0,111.38,112.38,109.38,114.38,5.0,0.16439999999999771,0.8198000000000008,0.0,0.9841999999999984,1,0.650886742500933,0.43959999999999866,0.5054000000000002,0.0,0.9449999999999988,4,0.9964998699259863,0.06859999999999786,0.06859999999999786,1,0.8219999999999885,0.8219999999999885,1,4.099000000000004,4.099000000000004,0,0.0,0.0,0.2,0.8356000000000023,0.0,0,1,0,1,0,0,1,0,0,4,0.5494999999999983,0.7450000000000045,3,0.8423333333333337,1.6910000000000025,0,0.0,0.0,0.8,0.09140000000000156,0.0,0,1,0,0,0,1,1,0,0,0.0,0.0,1.0,0.0,0.0,0.0,0.5,0.0,0.5,0.0,0.0,0.0,0.46808510638297873,0.0851063829787234,0.5531914893617021,0.44680851063829785,1.5988221891639005,0.08664002254439639,0.20053671627225855,0.9841999999999984,0.6554000000000031,0.8698060941828225,0.9449999999999988,0.06580000000000152,0.27520000000000094,0.31440000000000057,0.34561312742505323
EX_11-EE_c,EX_11,EX,EX_UND,MISUND,0,134.74,135.74,132.74,137.74,5.0,0.6126000000000034,0.3873999999999967,0.0,1.0,1,0.9631011633450253,0.4151999999999987,0.5150000000000035,0.0,0.9302000000000021,3,0.991680653843539,0.2602000000000032,0.2602000000000032,1,3.0630000000000166,3.0630000000000166,1,1.9369999999999834,1.9369999999999834,0,0.0,0.0,0.2,0.3873999999999967,0.0,1,0,0,1,0,0,1,0,0,3,0.6919999999999978,0.9050000000000011,3,0.858333333333339,0.9860000000000184,0,0.0,0.0,0.6,0.0,0.1395999999999958,0,1,0,1,0,0,1,0,0,0.0,0.0,1.0,0.0,0.0,0.0,0.6666666666666666,0.0,0.3333333333333333,0.0,0.0,0.0,0.2127659574468085,0.2765957446808511,0.48936170212765956,0.5106382978723404,1.970382868021969,-0.009243423333081662,1.581311306143543,1.0,-0.22520000000000667,0.8062135922330017,0.9302000000000021,0.09980000000000477,0.19740000000000468,0.12760000000000676,0.028579490498513715
EX_11-EE_c,EX_11,EX,EX_UND,MISUND,0,159.22,160.22,157.22,162.22,5.0,0.578000000000003,0.4067999999999984,0.0,0.9848000000000013,2,0.978088872817195,0.8944000000000016,0.0,0.0,0.8944000000000016,0,-0.0,0.5142000000000053,0.5142000000000053,2,1.4450000000000074,2.0289999999999964,1,2.033999999999992,2.033999999999992,0,0.0,0.0,0.4,0.015199999999998682,0.18740000000000237,1,0,0,0,0,1,1,0,0,5,0.8944000000000016,2.0030000000000143,0,0.0,0.0,0,0.0,0.0,0.0,0.0,1.0,1,0,0,1,1,0,0,0,0,0.5,0.0,0.5,0.0,0.0,0.0,0.0,0.0,0.0,0.0,0.0,0.0,0.0,0.5909090909090909,0.5909090909090909,0.4090909090909091,0.9760206482366149,0.0,1.4208456243854604,0.9848000000000013,-0.17120000000000457,44.720000000000084,0.8944000000000016,-0.8944000000000016,0.3163999999999987,0.4067999999999984,0.978088872817195
EX_11-EE_c,EX_11,EX,EX_UND,MISUND,0,176.74,177.74,174.74,179.74,5.0,0.868399999999997,0.11840000000000259,0.0,0.9867999999999995,1,0.5293142567769659,0.5880000000000052,0.29379999999999884,0.0,0.881800000000004,4,0.9181445539666335,0.48880000000000334,0.48880000000000334,2,2.1709999999999923,2.823999999999984,1,0.592000000000013,0.592000000000013,0,0.0,0.0,0.2,0.0,0.8815999999999974,1,0,0,0,1,1,0,0,0,6,0.4900000000000044,0.882000000000005,2,0.734499999999997,0.9959999999999809,0,0.0,0.0,0.8,0.0,0.22179999999999608,1,0,0,1,1,0,0,0,0,1.0,0.0,0.0,0.0,0.0,0.0,0.5,0.0,0.5,0.0,0.0,0.0,0.0,0.5952380952380952,0.5952380952380952,0.40476190476190477,1.2922669208691813,-0.2172255345242929,7.334459459459273,0.9867999999999996,-0.7499999999999943,2.0013614703880447,0.881800000000004,-0.29420000000000635,0.28039999999999177,0.17539999999999625,0.38883029718966766
EX_11-EE_c,EX_11,EX,EX_UND,MISUND,0,192.54,193.54,190.54,195.54,5.0,0.5649999999999977,0.4225999999999999,0.0,0.9875999999999976,4,0.9849506683936872,0.5368000000000052,0.41819999999999596,0.0,0.9550000000000012,4,0.9888460418607119,0.3336000000000013,0.3336000000000013,2,1.4124999999999943,1.4559999999999889,3,0.7043333333333331,1.4710000000000036,0,0.0,0.0,0.8,0.04920000000000187,0.0,1,0,0,1,1,0,0,0,0,3,0.8946666666666753,1.457000000000022,2,1.0454999999999899,1.5349999999999966,0,0.0,0.0,0.8,0.0,0.33640000000000325,1,0,0,1,1,0,0,0,0,0.5,0.0,0.5,0.0,0.0,0.0,0.5,0.0,0.5,0.0,0.0,0.0,0.22916666666666666,0.3541666666666667,0.5833333333333334,0.4166666666666667,1.9603962923042126,0.1534391534391534,1.3369616658778936,0.9875999999999976,-0.1423999999999978,1.2835963653754432,0.9550000000000012,-0.1186000000000092,0.028199999999992564,0.004400000000003956,0.003895373467024732
EX_11-EE_c,EX_11,EX,EX_UND,NON_UND,0,213.78,214.78,211.78,216.78,5.0,0.25579999999999925,0.7293999999999983,0.0,0.9851999999999975,1,0.8262067414893353,0.5692000000000064,0.29080000000000156,0.0,0.860000000000008,2,0.9230272311713658,0.2008000000000038,0.2008000000000038,1,1.2789999999999964,1.2789999999999964,1,3.6469999999999914,3.6469999999999914,0,0.0,0.0,0.2,0.0,0.27060000000000173,0,1,0,0,1,1,0,0,0,4,0.711500000000008,1.2150000000000034,2,0.7270000000000039,1.0889999999999986,0,0.0,0.0,0.4,0.0,0.42860000000000015,1,0,0,1,1,0,0,0,0,1.0,0.0,0.0,0.0,0.0,0.0,0.5,0.0,0.5,0.0,0.0,0.0,0.3409090909090909,0.22727272727272727,0.5681818181818182,0.4318181818181818,1.5382211041275353,0.39003822561925783,0.35069920482588407,0.9851999999999975,0.473599999999999,1.9573590096286222,0.8600000000000079,-0.2784000000000048,0.3134000000000071,0.4385999999999967,0.0968204896820305
EX_11-EE_c,EX_11,EX,EX_UND,UND,1,226.38,227.38,224.38,229.38,5.0,0.19559999999999605,0.7936000000000035,0.0,0.9891999999999996,2,0.717375998680588,0.7183999999999969,0.1684000000000026,0.0,0.8867999999999995,3,0.7012543854464508,0.16399999999999865,0.16399999999999865,1,0.9779999999999802,0.9779999999999802,2,1.9840000000000089,3.953000000000003,0,0.0,0.0,0.4,0.003000000000002956,0.0,0,1,0,1,1,0,0,0,0,5,0.7183999999999969,1.5019999999999811,2,0.4210000000000065,0.5819999999999936,0,0.0,0.0,0.6,0.0,0.21879999999999883,1,0,0,1,0,0,1,0,0,0.5,0.0,0.5,0.0,0.0,0.0,0.6666666666666666,0.0,0.3333333333333333,0.0,0.0,0.0,0.17777777777777778,0.17777777777777778,0.35555555555555557,0.6444444444444445,1.2944875661363504,0.21621621621621626,0.24647177419354233,0.9891999999999996,0.5980000000000074,4.266033254156685,0.8867999999999996,-0.5499999999999943,0.5228000000000008,0.6252000000000009,0.01612161323413719
EX_11-EE_c,EX_11,EX,EX_UND,MISUND,0,247.5,248.5,245.5,250.5,5.0,0.07060000000000173,0.901600000000002,0.0,0.9722000000000037,1,0.3756213770397495,0.19200000000000159,0.7144000000000006,0.0,0.9064000000000021,3,0.7449605156357904,0.0,0.0,1,0.35300000000000864,0.35300000000000864,3,1.50266666666667,3.6539999999999964,0,0.0,0.0,0.2,0.9293999999999982,0.0,0,1,0,1,0,0,1,0,0,4,0.240000000000002,0.4449999999999932,5,0.7144000000000006,2.0,0,0.0,0.0,0.6,0.0,0.12860000000000013,0,1,0,1,0,0,1,0,0,0.0,0.0,1.0,0.0,0.0,0.0,0.6666666666666666,0.0,0.3333333333333333,0.0,0.0,0.0,0.7111111111111111,0.0,0.7111111111111111,0.28888888888888886,1.0924271307510727,-0.14285714285714282,0.07830523513753503,0.9722000000000037,0.8310000000000002,0.2687569988801812,0.9064000000000022,0.522399999999999,0.12139999999999986,0.18720000000000137,0.36933913859604084
EX_11-EE_c,EX_11,EX,EX_UND,NON_UND,0,281.18,282.18,279.18,284.18,5.0,1.0,0.0,0.0,1.0,0,-0.0,0.0,1.0,0.0,1.0,0,-0.0,0.0,0.0,1,5.0,5.0,0,0.0,0.0,0,0.0,0.0,0.0,0.0,1.0,1,0,0,0,0,1,1,0,0,0,0.0,0.0,1,5.0,5.0,0,0.0,0.0,0.0,1.0,0.0,0,1,0,0,0,1,1,0,0,0.0,0.0,0.0,0.0,0.0,0.0,0.0,0.0,0.0,0.0,0.0,0.0,0.0,0.0,0.0,1.0,-0.0,0.0,50.0,1.0,-1.0,0.0,1.0,1.0,1.0,1.0,0.0
EX_11-EE_c,EX_11,EX,EX_UND,PART_UND,0,286.94,287.94,284.94,289.94,5.0,0.669799999999998,0.29960000000000947,0.0,0.9694000000000074,4,0.8920820990463345,0.7305999999999926,0.2159999999999968,0.0,0.9465999999999894,1,0.774834055047817,0.6029999999999859,0.6029999999999859,3,1.1163333333333298,1.7040000000000077,2,0.7490000000000236,1.0860000000000127,0,0.0,0.0,0.8,0.0,0.028999999999996362,1,0,0,0,0,1,1,0,0,4,0.9132499999999908,1.863999999999976,1,1.079999999999984,1.079999999999984,0,0.0,0.0,0.2,0.2159999999999968,0.0,1,0,0,0,1,1,0,0,0,0.5,0.0,0.5,0.0,0.0,0.0,0.0,0.0,1.0,0.0,0.0,0.0,0.1956521739130435,0.6521739130434783,0.8478260869565217,0.15217391304347827,1.3660441759360715,0.6452473060939544,2.235647530039976,0.9694000000000074,-0.3701999999999885,3.382407407407423,0.9465999999999894,-0.5145999999999957,0.060799999999994636,0.08360000000001266,0.11724804399851751
EX_11-EE_c,EX_11,EX,EX_UND,NON_UND,0,296.74,297.74,294.74,299.74,5.0,0.4804000000000087,0.37340000000000373,0.13159999999999172,0.9854000000000042,5,1.4237019584820398,0.726400000000001,0.17280000000000656,0.0,0.8992000000000075,2,0.7059906201075393,0.2475999999999999,0.2475999999999999,3,0.8006666666666812,1.0230000000000246,2,0.9335000000000093,1.6170000000000186,1,0.6579999999999586,0.6579999999999586,1.0,0.05,0.0,1,0,0,1,0,0,1,0,0,6,0.6053333333333342,1.302000000000021,1,0.8640000000000327,0.8640000000000327,0,0.0,0.0,0.4,0.0,0.7727999999999952,1,0,0,1,1,0,0,0,0,0.2,0.2,0.4,0.0,0.2,0.0,0.5,0.0,0.5,0.0,0.0,0.0,0.0,0.2826086956521739,0.2826086956521739,0.5869565217391305,1.9490841394113794,-0.42810594865605794,1.2865559721478412,0.8538000000000124,-0.10700000000000498,4.2037037037035505,0.8992000000000075,-0.5535999999999945,0.24599999999999234,0.20059999999999717,0.7177113383745005
EX_11-EE_c,EX_11,EX,EX_UND,PART_UND,0,312.42,313.42,310.42,315.42,5.0,0.9313999999999965,0.05240000000000009,0.0,0.9837999999999966,2,0.3000988928265862,0.6197999999999979,0.223599999999999,0.0,0.8433999999999969,2,0.8343708020542413,0.5511999999999944,0.5511999999999944,2,2.328499999999991,3.3729999999999905,1,0.26200000000000045,0.26200000000000045,0,0.0,0.0,0.4,0.0,0.25679999999999836,1,0,0,0,0,1,1,0,0,5,0.6197999999999979,1.1340000000000146,2,0.5589999999999975,0.9049999999999727,0,0.0,0.0,0.4,0.20240000000000008,0.0,1,0,0,0,0,1,1,0,0,0.5,0.0,0.5,0.0,0.0,0.0,0.5,0.0,0.5,0.0,0.0,0.0,0.0,0.6428571428571429,0.6428571428571429,0.35714285714285715,1.1981174211304033,-0.17541160386140586,17.774809160305246,0.9837999999999966,-0.8789999999999963,2.7719141323792518,0.8433999999999969,-0.3961999999999989,0.31159999999999854,0.1711999999999989,0.5342719092276551
EX_11-EE_c,EX_11,EX,EX_UND,NON_UND,0,350.9,351.9,348.9,353.9,5.0,0.07019999999999982,0.9298000000000002,0.0,1.0,2,0.36666956884353563,0.057800000000008823,0.8885999999999854,0.0,0.9463999999999941,2,0.33169182051118273,0.0,0.0,1,0.3509999999999991,0.3509999999999991,2,2.3245000000000005,2.649000000000001,0,0.0,0.0,0.4,0.5298000000000002,0.0,0,1,0,1,1,0,0,0,0,1,0.2890000000000441,0.2890000000000441,5,0.8885999999999854,1.342999999999961,0,0.0,0.0,0.4,0.43559999999999943,0.0,0,1,0,0,0,1,1,0,0,0.5,0.0,0.5,0.0,0.0,0.0,0.5,0.0,0.5,0.0,0.0,0.0,0.8723404255319149,0.0,0.8723404255319149,0.1276595744680851,0.6786440177697997,-0.06818181818181818,0.07550010755001055,1.0,0.8596000000000004,0.06504613999550954,0.9463999999999942,0.8307999999999766,0.012399999999990995,0.04120000000001478,0.0349777483323529
EX_11-EE_c,EX_11,EX,EX_UND,UND,1,384.78,385.78,382.78,387.78,5.0,0.255600000000004,0.4234000000000037,0.3021999999999935,0.9812000000000012,3,1.5520454579077068,0.919600000000014,0.0,0.0,0.919600000000014,0,-0.0,0.23640000000001465,0.23640000000001465,1,1.27800000000002,1.27800000000002,2,1.0585000000000093,1.6040000000000418,1,1.5109999999999673,1.5109999999999673,0.6,0.6418000000000006,0.0,0,1,0,1,1,0,0,0,0,5,0.919600000000014,2.174000000000035,0,0.0,0.0,0,0.0,0.0,0.0,0.011400000000003274,1.0,1,0,0,1,1,0,0,0,0,0.3333333333333333,0.0,0.0,0.3333333333333333,0.3333333333333333,0.0,0.0,0.0,0.0,0.0,0.0,0.0,0.0,0.2391304347826087,0.2391304347826087,0.45652173913043476,1.5323579866619979,0.0,0.603684459140297,0.6790000000000077,0.16779999999999973,45.9800000000007,0.919600000000014,-0.919600000000014,0.6640000000000099,0.4234000000000037,1.5520454579077068
EX_11-EE_c,EX_11,EX,EX_UND,NON_UND,0,427.94,428.94,425.94,430.94,5.0,0.757400000000007,0.21340000000000145,0.0,0.9708000000000083,1,0.7598363276620607,0.549800000000016,0.3668000000000006,0.0,0.9166000000000167,2,0.9710526128481385,0.3372000000000185,0.3372000000000185,3,1.2623333333333449,1.983000000000004,1,1.0670000000000073,1.0670000000000073,0,0.0,0.0,0.2,0.21340000000000145,0.0,1,0,0,1,0,0,1,0,0,4,0.6872500000000201,1.1410000000000196,2,0.9170000000000016,1.6129999999999995,0,0.0,0.0,0.4,0.0,0.36960000000000265,1,0,0,1,1,0,0,0,0,0.0,0.0,1.0,0.0,0.0,0.0,0.5,0.0,0.5,0.0,0.0,0.0,0.0,0.37777777777777777,0.37777777777777777,0.6222222222222222,1.541524223527652,-0.4364357804719848,3.5492033739456503,0.9708000000000084,-0.5440000000000055,1.498909487459147,0.9166000000000167,-0.18300000000001543,0.2075999999999909,0.15339999999999918,0.21121628518607782
EX_11-EE_c,EX_11,EX,EX_UND,NON_UND,0,434.5,435.5,432.5,437.5,5.0,0.6,0.0,0.37199999999999134,0.9719999999999913,2,0.9599377175669744,0.751400000000001,0.20460000000000492,0.0,0.956000000000006,2,0.7490907564579496,0.3663999999999987,0.3663999999999987,4,0.75,2.105000000000018,0,0.0,0.0,1,1.8599999999999568,1.8599999999999568,0.4,0.0,1.0,1,0,0,0,0,1,1,0,0,3,1.252333333333335,1.8100000000000023,1,1.0230000000000246,1.0230000000000246,0,0.0,0.0,0.4,0.0,0.08179999999999836,1,0,0,1,1,0,0,0,0,0.0,0.5,0.0,0.0,0.5,0.0,0.5,0.0,0.5,0.0,0.0,0.0,0.0,0.41304347826086957,0.41304347826086957,0.21739130434782608,1.5362408255014146,-0.40352849842625194,30.0,0.6,-0.6,3.672531769305879,0.9560000000000058,-0.5467999999999961,0.15140000000000098,0.20460000000000492,0.2108469611090248
EX_11-EE_c,EX_11,EX,EX_UND,NON_UND,0,447.54,448.54,445.54,450.54,5.0,0.46980000000000927,0.5048000000000001,0.0,0.9746000000000095,1,0.9990694896535095,0.8661999999999808,0.0,0.0,0.8661999999999808,0,-0.0,0.3864000000000033,0.3864000000000033,3,0.7830000000000155,1.3910000000000196,1,2.524000000000001,2.524000000000001,0,0.0,0.0,0.2,0.0,0.4951999999999998,0,1,0,0,1,1,0,0,0,7,0.6187142857142719,1.224999999999966,0,0.0,0.0,0,0.0,0.0,0.0,0.0,1.0,1,0,0,1,1,0,0,0,0,1.0,0.0,0.0,0.0,0.0,0.0,0.0,0.0,0.0,0.0,0.0,0.0,0.0,0.46511627906976744,0.46511627906976744,0.5348837209302325,0.996485989886783,0.0,0.9306656101426488,0.9746000000000095,0.03499999999999087,43.309999999999036,0.8661999999999808,-0.8661999999999808,0.3963999999999715,0.5048000000000001,0.9990694896535095
EX_11-EE_c,EX_11,EX,EX_UND,PART_UND,0,502.9,503.9,500.9,505.9,5.0,0.3638000000000147,0.6361999999999852,0.0,1.0,4,0.9457923337594123,0.6244000000000028,0.2951999999999998,0.0,0.9196000000000026,4,0.9054754799134428,0.28120000000001255,0.28120000000001255,2,0.9095000000000368,1.2360000000000468,3,1.0603333333333087,1.6459999999999582,0,0.0,0.0,0.8,0.22400000000000092,0.0,0,1,0,1,1,0,0,0,0,3,1.0406666666666713,2.2970000000000255,2,0.7379999999999995,0.9680000000000177,0,0.0,0.0,0.8,0.0,0.1844000000000051,1,0,0,1,1,0,0,0,0,0.5,0.0,0.5,0.0,0.0,0.0,0.5,0.0,0.5,0.0,0.0,0.0,0.24444444444444444,0.3111111111111111,0.5555555555555556,0.4444444444444444,1.8118870403910976,0.22661512026525302,0.5718327569946922,1.0,0.2723999999999705,2.1151761517615286,0.9196000000000026,-0.32920000000000305,0.2605999999999881,0.3409999999999854,0.0403168538459695
EX_11-EE_c,EX_11,EX,EX_UND,MISUND,0,554.18,555.18,552.18,557.18,5.0,0.35379999999997835,0.6462000000000216,0.0,1.0,5,0.9374160676550685,0.8024000000000114,0.03880000000001473,0.0,0.8412000000000261,1,0.26970058016209886,0.3343999999999824,0.3343999999999824,3,0.5896666666666306,0.7509999999999764,3,1.0770000000000362,1.1649999999999636,0,0.0,0.0,1.0,0.18760000000002036,0.0,0,1,0,1,0,0,1,0,0,7,0.5731428571428653,1.3400000000000318,1,0.19400000000007367,0.19400000000007367,0,0.0,0.0,0.2,0.09480000000000928,0.0,1,0,0,0,1,1,0,0,0,0.4,0.0,0.6,0.0,0.0,0.0,0.0,0.0,1.0,0.0,0.0,0.0,0.047619047619047616,0.40476190476190477,0.4523809523809524,0.5476190476190477,1.2130604396700206,0.18439088914585777,0.5475085112967603,1.0,0.2924000000000433,20.68041237112646,0.8412000000000261,-0.7635999999999967,0.4486000000000331,0.6074000000000069,0.6677154874929696
EX_11-EE_c,EX_11,EX,EX_UND,UND,1,624.46,625.46,622.46,627.46,5.0,0.4744000000000142,0.5155999999999722,0.0,0.9899999999999863,2,0.9987503338261636,0.6069999999999937,0.30239999999998873,0.0,0.9093999999999823,2,0.9174873298944344,0.1718000000000302,0.1718000000000302,1,2.372000000000071,2.372000000000071,3,0.859333333333287,1.002999999999929,0,0.0,0.0,0.4,0.20059999999998582,0.0,0,1,0,1,1,0,0,0,0,7,0.433571428571424,1.2960000000000491,1,1.5119999999999436,1.5119999999999436,0,0.0,0.0,0.4,0.0,0.272199999999998,1,0,0,1,1,0,0,0,0,0.5,0.0,0.5,0.0,0.0,0.0,0.5,0.0,0.5,0.0,0.0,0.0,0.0,0.17391304347826086,0.17391304347826086,0.8260869565217391,1.4660557838083375,-0.6956083436402524,0.9200930954228855,0.9899999999999864,0.04119999999995799,2.0072751322751863,0.9093999999999824,-0.3046000000000049,0.13259999999997946,0.21319999999998346,0.08126300393172925
EX_11-EE_c,EX_11,EX,EX_UND,MISUND,0,629.42,630.42,627.42,632.42,5.0,0.3625999999999749,0.6240000000000236,0.0,0.9865999999999986,3,0.9487526171667933,0.8001999999999952,0.09239999999999782,0.0,0.8925999999999931,2,0.4800486277900593,0.3465999999999667,0.3465999999999667,2,0.9064999999999372,1.5399999999999636,3,1.0400000000000393,2.1960000000000264,0,0.0,0.0,0.6,0.5718000000000074,0.0,0,1,0,1,0,0,1,0,0,6,0.6668333333333294,1.1079999999999472,1,0.4619999999999891,0.4619999999999891,0,0.0,0.0,0.4,0.0,0.17760000000000672,1,0,0,1,1,0,0,0,0,0.3333333333333333,0.0,0.6666666666666666,0.0,0.0,0.0,0.5,0.0,0.5,0.0,0.0,0.0,0.11363636363636363,0.38636363636363635,0.5,0.5,1.3866133371438174,0.284115728864866,0.5810897435896814,0.9865999999999986,0.26140000000004876,8.660173160173313,0.8925999999999931,-0.7077999999999974,0.43760000000002036,0.5316000000000258,0.46870398937673396
EX_11-EE_c,EX_11,EX,EX_UND,UND,1,648.82,649.82,646.82,651.82,5.0,0.40880000000001926,0.057599999999979445,0.5336000000000013,1.0,2,1.2482864089069194,0.8819999999999937,0.0,0.0,0.8819999999999937,0,-0.0,0.341800000000012,0.341800000000012,1,2.0440000000000964,2.0440000000000964,1,0.2879999999998972,0.2879999999998972,1,2.6680000000000064,2.6680000000000064,0.4,0.5911999999999807,0.0,0,0,1,1,0,0,1,0,0,7,0.6299999999999955,1.052000000000021,0,0.0,0.0,0,0.0,0.0,0.0,0.0,1.0,1,0,0,1,1,0,0,0,0,0.0,0.0,0.0,0.5,0.5,0.0,0.0,0.0,0.0,0.0,0.0,0.0,0.0,0.38636363636363635,0.38636363636363635,0.06818181818181818,1.2712303499844113,0.0,7.097222222225089,0.4663999999999987,-0.3512000000000398,44.09999999999968,0.8819999999999937,-0.8819999999999937,0.4731999999999744,0.057599999999979445,1.2482864089069194
EX_11-EE_c,EX_11,EX,EX_UND,NON_UND,0,675.1,676.1,673.1,678.1,5.0,0.0,0.9819999999999937,0.0,0.9819999999999937,0,-0.0,0.7478000000000293,0.12819999999999254,0.0,0.8760000000000219,2,0.6006227434071563,0.0,0.0,0,0.0,0.0,2,2.454999999999984,3.6000000000000227,0,0.0,0.0,0.0,1.0,0.0,0,1,0,1,1,0,0,0,0,6,0.6231666666666911,1.4060000000000628,3,0.21366666666665424,0.23299999999994725,0,0.0,0.0,0.4,0.0,0.37039999999999507,1,0,0,1,1,0,0,0,0,0.0,0.0,0.0,0.0,0.0,0.0,0.5,0.0,0.5,0.0,0.0,0.0,0.13333333333333333,0.0,0.13333333333333333,0.8666666666666667,0.5665095065529053,0.0,0.0,0.9819999999999937,0.9819999999999937,5.833073322933485,0.8760000000000219,-0.6196000000000368,0.7478000000000293,0.8538000000000011,0.6006227434071563
EX_11-EE_c,EX_11,EX,EX_UND,PART_UND,0,714.82,715.82,712.82,717.82,5.0,0.9874000000000024,0.0,0.0,0.9874000000000024,0,-0.0,0.32339999999999236,0.6524000000000114,0.0,0.9758000000000038,2,0.9163709836359837,0.32339999999999236,0.32339999999999236,2,2.468500000000006,4.425000000000068,0,0.0,0.0,0,0.0,0.0,0.0,0.0,1.0,1,0,0,0,0,1,1,0,0,1,1.6169999999999618,1.6169999999999618,3,1.0873333333333524,1.8419999999999845,0,0.0,0.0,0.4,0.4541999999999916,0.0,0,1,0,0,0,1,1,0,0,0.0,0.0,0.0,0.0,0.0,0.0,0.5,0.0,0.5,0.0,0.0,0.0,0.0,0.32653061224489793,0.32653061224489793,0.673469387755102,0.9113423759758417,0.0,49.37000000000012,0.9874000000000024,-0.9874000000000024,0.49570815450641736,0.9758000000000038,0.32900000000001905,0.66400000000001,0.6524000000000114,0.9163709836359837
EX_11-EE_c,EX_11,EX,EX_UND,PART_UND,0,761.98,762.98,759.98,764.98,5.0,0.4551999999999907,0.5448000000000093,0.0,1.0,3,0.9942011330625146,0.8555999999999813,0.0759999999999991,0.0,0.9315999999999803,1,0.40772236665444545,0.37919999999999165,0.37919999999999165,2,1.1379999999999768,1.8669999999999618,2,1.3620000000000232,1.7699999999999818,0,0.0,0.0,0.6,0.3539999999999964,0.0,0,1,0,1,0,0,1,0,0,4,1.0694999999999766,1.9139999999999873,1,0.37999999999999545,0.37999999999999545,0,0.0,0.0,0.2,0.0,0.9240000000000009,1,0,0,1,0,0,1,0,0,0.3333333333333333,0.0,0.6666666666666666,0.0,0.0,0.0,1.0,0.0,0.0,0.0,0.0,0.0,0.0,0.41304347826086957,0.41304347826086957,0.5869565217391305,1.2734617326896358,-0.2758802939230217,0.8355359765051082,1.0,0.08960000000001855,11.257894736841992,0.9315999999999803,-0.7795999999999822,0.40039999999999054,0.4688000000000102,0.5864787664080691
EX_11-EE_c,EX_11,EX,EX_UND,NON_UND,0,771.82,772.82,769.82,774.82,5.0,0.5111999999999852,0.4551999999999907,0.0,0.966399999999976,4,0.9975764607178156,0.694600000000014,0.14459999999999126,0.0,0.8392000000000053,2,0.6629550132975316,0.35,0.35,3,0.8519999999999754,1.1049999999999045,3,0.7586666666666512,0.8419999999999845,0,0.0,0.0,0.8,0.0,0.2211999999999989,1,0,0,0,0,1,1,0,0,6,0.578833333333345,0.875,1,0.7229999999999563,0.7229999999999563,0,0.0,0.0,0.4,0.0,0.13460000000000036,1,0,0,1,1,0,0,0,0,0.5,0.0,0.5,0.0,0.0,0.0,0.5,0.0,0.5,0.0,0.0,0.0,0.04878048780487805,0.4146341463414634,0.4634146341463415,0.5365853658536586,1.6360062222534897,-0.1616938703966699,1.1230228471001662,0.966399999999976,-0.0559999999999945,4.803596127247967,0.8392000000000053,-0.5500000000000227,0.18340000000002876,0.31059999999999943,0.334621447420284
EX_11-EE_c,EX_11,EX,EX_UND,MISUND,0,811.34,812.34,809.34,814.34,5.0,0.47980000000000017,0.5036000000000058,0.0,0.983400000000006,1,0.9995774477159914,0.8432000000000471,0.0,0.0,0.8432000000000471,0,-0.0,0.3762000000000171,0.3762000000000171,1,2.399000000000001,2.399000000000001,2,1.2590000000000146,1.57000000000005,0,0.0,0.0,0.2,0.0,0.47980000000000017,0,1,0,0,1,1,0,0,0,8,0.5270000000000294,0.8920000000000528,0,0.0,0.0,0,0.0,0.0,0.0,0.0,1.0,1,0,0,1,1,0,0,0,0,1.0,0.0,0.0,0.0,0.0,0.0,0.0,0.0,0.0,0.0,0.0,0.0,0.0,0.45,0.45,0.55,0.9927744539878083,0.0,0.952740270055589,0.983400000000006,0.02380000000000565,42.160000000002356,0.8432000000000471,-0.8432000000000471,0.36340000000004696,0.5036000000000058,0.9995774477159914
EX_11-EE_c,EX_11,EX,EX_UND,PART_UND,0,895.38,896.38,893.38,898.38,5.0,0.27619999999999434,0.7138000000000148,0.0,0.9900000000000091,2,0.8540708236948624,0.9142000000000052,0.0,0.0,0.9142000000000052,0,-0.0,0.24380000000001018,0.24380000000001018,1,1.3809999999999718,1.3809999999999718,3,1.1896666666666913,1.7549999999999955,0,0.0,0.0,0.4,0.6402000000000043,0.0,0,1,0,1,1,0,0,0,0,5,0.9142000000000052,1.70799999999997,0,0.0,0.0,0,0.0,0.0,0.0,0.0,1.0,1,0,0,1,1,0,0,0,0,0.5,0.0,0.5,0.0,0.0,0.0,0.0,0.0,0.0,0.0,0.0,0.0,0.0,0.26666666666666666,0.26666666666666666,0.7333333333333333,0.8366407419411672,0.0,0.3869431213224834,0.9900000000000091,0.4376000000000204,45.710000000000264,0.9142000000000052,-0.9142000000000052,0.6380000000000109,0.7138000000000148,0.8540708236948624
EX_11-EE_c,EX_11,EX,EX_UND,UND,1,923.98,924.98,921.98,926.98,5.0,0.9615999999999986,0.0,0.0,0.9615999999999986,0,-0.0,0.19180000000001202,0.7545999999999822,0.0,0.9463999999999941,1,0.7272216791976075,0.19180000000001202,0.19180000000001202,3,1.6026666666666642,1.82000000000005,0,0.0,0.0,0,0.0,0.0,0.0,0.0,1.0,1,0,0,0,0,1,1,0,0,2,0.47950000000003,0.5230000000000246,2,1.8864999999999554,2.602999999999952,0,0.0,0.0,0.2,0.0,0.2074000000000069,0,1,0,1,0,0,1,0,0,0.0,0.0,0.0,0.0,0.0,0.0,1.0,0.0,0.0,0.0,0.0,0.0,0.0,0.21739130434782608,0.21739130434782608,0.782608695652174,0.7553754125614287,0.0,48.07999999999993,0.9615999999999986,-0.9615999999999986,0.2541743970315618,0.9463999999999941,0.5627999999999702,0.7697999999999865,0.7545999999999822,0.7272216791976075
EX_11-EE_c,EX_11,EX,EX_UND,PART_UND,0,971.62,972.62,969.62,974.62,5.0,0.9849999999999909,0.0,0.0,0.9849999999999909,0,-0.0,0.33199999999999363,0.6491999999999962,0.0,0.9811999999999899,2,0.9232418367003565,0.33199999999999363,0.33199999999999363,2,2.4624999999999773,3.7369999999999663,0,0.0,0.0,0,0.0,0.0,0.0,0.0,1.0,1,0,0,0,0,1,1,0,0,2,0.8299999999999841,0.8519999999999754,2,1.6229999999999905,2.966000000000008,0,0.0,0.0,0.4,0.0,0.17039999999999508,0,1,0,1,1,0,0,0,0,0.0,0.0,0.0,0.0,0.0,0.0,0.5,0.0,0.5,0.0,0.0,0.0,0.0,0.3541666666666667,0.3541666666666667,0.6458333333333334,0.9377342939868041,0.0,49.249999999999545,0.9849999999999909,-0.9849999999999909,0.5113986444855138,0.9811999999999899,0.3172000000000026,0.6529999999999972,0.6491999999999962,0.9232418367003565
EX_11-EE_c,EX_11,EX,EX_UND,PART_UND,0,995.46,996.46,993.46,998.46,5.0,0.8870000000000118,0.09619999999997617,0.0,0.983199999999988,4,0.4621230186508505,0.1074000000000069,0.8385999999999967,0.0,0.9460000000000036,2,0.510474479256571,0.1074000000000069,0.1074000000000069,3,1.478333333333353,2.157000000000039,2,0.24049999999994043,0.2799999999999727,0,0.0,0.0,0.8,0.0,0.14420000000000072,1,0,0,0,0,1,1,0,0,1,0.5370000000000346,0.5370000000000346,4,1.048249999999996,1.8120000000000118,0,0.0,0.0,0.4,0.32159999999998945,0.0,0,1,0,0,0,1,1,0,0,0.5,0.0,0.5,0.0,0.0,0.0,0.5,0.0,0.5,0.0,0.0,0.0,0.10869565217391304,0.10869565217391304,0.21739130434782608,0.782608695652174,0.9727667169092548,0.12195121951219513,9.220374220376627,0.983199999999988,-0.7908000000000356,0.12807059384689642,0.9460000000000036,0.7311999999999897,0.7796000000000048,0.7424000000000205,0.04835146060572049
EX_11-EE_c,EX_11,EX,EX_UND,UND,1,1054.58,1055.58,1052.58,1057.58,5.0,0.7476000000000113,0.06760000000003856,0.15960000000000035,0.9748000000000502,3,0.9880290667312007,0.536999999999989,0.40700000000001635,0.0,0.9440000000000055,1,0.9862763927151004,0.30779999999999746,0.30779999999999746,3,1.2460000000000189,2.0520000000001346,1,0.3380000000001928,0.3380000000001928,1,0.7980000000000018,0.7980000000000018,0.6,0.0,0.515599999999995,1,0,0,0,0,1,0,0,1,3,0.8949999999999818,1.59699999999998,1,2.035000000000082,2.035000000000082,0,0.0,0.0,0.2,0.4344000000000051,0.0,1,0,0,0,1,1,0,0,0,0.3333333333333333,0.3333333333333333,0.3333333333333333,0.0,0.0,0.0,0.0,0.0,1.0,0.0,0.0,0.0,0.0,0.3191489361702128,0.3191489361702128,0.5319148936170213,1.7568546119566806,-0.4967845325640401,11.059171597626994,0.8152000000000498,-0.6799999999999727,1.3194103194102396,0.9440000000000054,-0.1299999999999727,0.2106000000000222,0.3393999999999778,0.001752674016100353
EX_11-EE_c,EX_11,EX,EX_UND,UND,1,1082.1,1083.1,1080.1,1085.1,5.0,0.0014000000000123692,0.9493999999999687,0.0,0.9507999999999811,1,0.01597484759949511,0.6675999999999931,0.1818000000000211,0.0,0.8494000000000141,1,0.7491220954607458,0.0,0.0,1,0.007000000000061846,0.007000000000061846,3,1.5823333333332812,2.8309999999999036,0,0.0,0.0,0.2,0.0,0.019600000000036744,0,1,0,0,1,1,0,0,0,7,0.47685714285713793,0.8289999999999509,2,0.45450000000005275,0.7100000000000364,0,0.0,0.0,0.2,0.20460000000002765,0.0,1,0,0,0,1,1,0,0,0,1.0,0.0,0.0,0.0,0.0,0.0,0.0,0.0,1.0,0.0,0.0,0.0,0.1951219512195122,0.0,0.1951219512195122,0.8048780487804879,0.8697471265693032,-0.29814239699997197,0.0014746155466741262,0.9507999999999811,0.9479999999999563,3.6721672167212076,0.8494000000000141,-0.485799999999972,0.6661999999999807,0.7675999999999477,0.7331472478612507
EX_11-EE_c,EX_11,EX,EX_UND,UND,1,1100.5,1101.5,1098.5,1103.5,5.0,0.9369999999999891,0.041600000000016735,0.0,0.9786000000000058,1,0.25368308422160385,0.8563999999999851,0.12380000000002837,0.0,0.9802000000000135,2,0.5472049982075509,0.7933999999999741,0.7933999999999741,1,4.684999999999945,4.684999999999945,1,0.20800000000008367,0.20800000000008367,0,0.0,0.0,0.2,0.041600000000016735,0.0,1,0,0,1,0,0,1,0,0,2,2.1409999999999627,2.8989999999998872,1,0.6190000000001419,0.6190000000001419,0,0.0,0.0,0.4,0.0,0.5797999999999774,1,0,0,1,1,0,0,0,0,0.0,0.0,1.0,0.0,0.0,0.0,0.5,0.0,0.5,0.0,0.0,0.0,0.0,0.7916666666666666,0.7916666666666666,0.20833333333333334,0.9218871368165116,-0.10668698993381627,22.524038461529138,0.9786000000000058,-0.8953999999999723,6.917609046848051,0.9802000000000134,-0.7325999999999567,0.080600000000004,0.08220000000001164,0.293521913985947
EX_11-EE_c,EX_11,EX,EX_UND,UND,1,1128.14,1129.14,1126.14,1131.14,5.0,0.0,0.9819999999999709,0.0,0.9819999999999709,0,-0.0,0.0,0.984400000000005,0.0,0.984400000000005,0,-0.0,0.0,0.0,0,0.0,0.0,2,2.4549999999999272,3.3719999999998436,0,0.0,0.0,0.0,1.0,0.0,0,1,0,1,1,0,0,0,0,0,0.0,0.0,2,2.4610000000000127,2.9470000000001164,0,0.0,0.0,0.0,1.0,0.0,0,1,0,0,0,1,1,0,0,0.0,0.0,0.0,0.0,0.0,0.0,0.0,0.0,0.0,0.0,0.0,0.0,1.0,0.0,1.0,0.0,-0.0,0.0,0.0,0.9819999999999709,0.9819999999999709,0.0,0.984400000000005,0.984400000000005,0.0,0.0024000000000341526,0.0
EX_11-EE_c,EX_11,EX,EX_UND,PART_UND,0,1145.7,1146.7,1143.7,1148.7,5.0,0.1618000000000393,0.8381999999999608,0.0,1.0,2,0.6385983888556871,0.0,0.9635999999999967,0.0,0.9635999999999967,0,-0.0,0.0,0.0,1,0.8090000000001965,0.8090000000001965,2,2.0954999999999018,3.1949999999999363,0,0.0,0.0,0.4,0.19919999999997345,0.0,0,1,0,1,1,0,0,0,0,0,0.0,0.0,3,1.6059999999999945,3.1720000000000255,0,0.0,0.0,0.0,1.0,0.0,0,1,0,0,0,1,1,0,0,0.5,0.0,0.5,0.0,0.0,0.0,0.0,0.0,0.0,0.0,0.0,0.0,0.8125,0.0,0.8125,0.1875,0.6962122601251458,0.0,0.19303268909573715,1.0,0.6763999999999215,0.0,0.9635999999999967,0.9635999999999967,0.1618000000000393,0.12540000000003593,0.6385983888556871
EX_11-EE_c,EX_11,EX,EX_UND,PART_UND,0,1213.98,1214.98,1211.98,1216.98,5.0,0.0,1.0,0.0,1.0,0,-0.0,0.0,0.9802000000000135,0.0,0.9802000000000135,0,-0.0,0.0,0.0,0,0.0,0.0,1,5.0,5.0,0,0.0,0.0,0.0,1.0,0.0,0,1,0,1,1,0,0,0,0,0,0.0,0.0,2,2.4505000000000337,4.189000000000078,0,0.0,0.0,0.0,1.0,0.0,0,1,0,0,0,1,1,0,0,0.0,0.0,0.0,0.0,0.0,0.0,0.0,0.0,0.0,0.0,0.0,0.0,1.0,0.0,1.0,0.0,-0.0,0.0,0.0,1.0,1.0,0.0,0.9802000000000135,0.9802000000000135,0.0,0.019799999999986495,0.0
EX_11-EE_c,EX_11,EX,EX_UND,UND,1,1241.58,1242.58,1239.58,1244.58,5.0,0.0,1.0,0.0,1.0,0,-0.0,0.0,1.0,0.0,1.0,0,-0.0,0.0,0.0,0,0.0,0.0,1,5.0,5.0,0,0.0,0.0,0.0,1.0,0.0,0,1,0,1,1,0,0,0,0,0,0.0,0.0,1,5.0,5.0,0,0.0,0.0,0.0,1.0,0.0,0,1,0,0,0,1,1,0,0,0.0,0.0,0.0,0.0,0.0,0.0,0.0,0.0,0.0,0.0,0.0,0.0,1.0,0.0,1.0,0.0,-0.0,0.0,0.0,1.0,1.0,0.0,1.0,1.0,0.0,0.0,0.0
EX_11-EE_c,EX_11,EX,EX_UND,PART_UND,0,1263.62,1264.62,1261.62,1266.62,5.0,0.0,0.9922000000000025,0.0,0.9922000000000025,0,-0.0,0.0,1.0,0.0,1.0,0,-0.0,0.0,0.0,0,0.0,0.0,2,2.4805000000000064,4.367999999999938,0,0.0,0.0,0.0,1.0,0.0,0,1,0,1,1,0,0,0,0,0,0.0,0.0,1,5.0,5.0,0,0.0,0.0,0.0,1.0,0.0,0,1,0,0,0,1,1,0,0,0.0,0.0,0.0,0.0,0.0,0.0,0.0,0.0,0.0,0.0,0.0,0.0,1.0,0.0,1.0,0.0,-0.0,0.0,0.0,0.9922000000000025,0.9922000000000025,0.0,1.0,1.0,0.0,0.007799999999997476,0.0
EX_11-EE_c,EX_11,EX,EX_UND,UND,1,1330.26,1331.26,1328.26,1333.26,5.0,0.10239999999998872,0.8708000000000083,0.0,0.9731999999999971,1,0.485327168072909,0.04580000000000837,0.8697999999999866,0.0,0.9155999999999949,2,0.28648973989966875,0.04580000000000837,0.04580000000000837,1,0.5119999999999436,0.5119999999999436,1,4.354000000000042,4.354000000000042,0,0.0,0.0,0.2,0.0,0.12919999999999163,0,1,0,0,1,1,0,0,0,1,0.22900000000004184,0.22900000000004184,4,1.0872499999999832,3.26299999999992,0,0.0,0.0,0.4,0.0032000000000152796,0.0,0,1,0,0,0,1,1,0,0,1.0,0.0,0.0,0.0,0.0,0.0,0.5,0.0,0.5,0.0,0.0,0.0,0.9111111111111111,0.044444444444444446,0.9555555555555556,0.044444444444444446,0.5216390476776429,0.6904666436885359,0.11759301791454725,0.9731999999999971,0.7684000000000196,0.05265578293861701,0.915599999999995,0.8239999999999782,0.056599999999980354,0.0010000000000217613,0.19883742817324024
EX_11-EE_c,EX_11,EX,EX_UND,UND,1,1364.1,1365.1,1362.1,1367.1,5.0,0.0,1.0,0.0,1.0,0,-0.0,0.0,1.0,0.0,1.0,0,-0.0,0.0,0.0,0,0.0,0.0,1,5.0,5.0,0,0.0,0.0,0.0,1.0,0.0,0,1,0,1,1,0,0,0,0,0,0.0,0.0,1,5.0,5.0,0,0.0,0.0,0.0,1.0,0.0,0,1,0,0,0,1,1,0,0,0.0,0.0,0.0,0.0,0.0,0.0,0.0,0.0,0.0,0.0,0.0,0.0,1.0,0.0,1.0,0.0,-0.0,0.0,0.0,1.0,1.0,0.0,1.0,1.0,0.0,0.0,0.0
EX_11-EE_c,EX_11,EX,EX_UND,PART_UND,0,1421.86,1422.86,1419.86,1424.86,5.0,0.0,0.9903999999999996,0.0,0.9903999999999996,0,-0.0,0.02800000000002001,0.9339999999999691,0.0,0.9619999999999891,1,0.18988863397135758,0.0,0.0,0,0.0,0.0,2,2.475999999999999,3.0049999999998818,0,0.0,0.0,0.0,1.0,0.0,0,1,0,1,1,0,0,0,0,1,0.14000000000010004,0.14000000000010004,2,2.3349999999999227,3.717999999999847,0,0.0,0.0,0.2,0.0,0.05520000000001346,0,1,0,1,0,0,1,0,0,0.0,0.0,0.0,0.0,0.0,0.0,1.0,0.0,0.0,0.0,0.0,0.0,0.9591836734693877,0.0,0.9591836734693877,0.04081632653061224,0.2460225782203316,0.0,0.0,0.9903999999999996,0.9903999999999996,0.029978586723791154,0.9619999999999891,0.9059999999999491,0.02800000000002001,0.05640000000003054,0.18988863397135758
EX_11-EE_c,EX_11,EX,EX_UND,UND,1,1494.26,1495.26,1492.26,1497.26,5.0,0.0,0.9768000000000029,0.0,0.9768000000000029,0,-0.0,0.09099999999998545,0.9090000000000146,0.0,1.0,2,0.43979890827151397,0.0,0.0,0,0.0,0.0,2,2.4420000000000073,4.124000000000024,0,0.0,0.0,0.0,1.0,0.0,0,1,0,1,1,0,0,0,0,1,0.45499999999992724,0.45499999999992724,2,2.2725000000000364,4.324000000000069,0,0.0,0.0,0.4,0.8648000000000138,0.0,0,1,0,0,0,1,1,0,0,0.0,0.0,0.0,0.0,0.0,0.0,0.5,0.0,0.5,0.0,0.0,0.0,0.9183673469387755,0.0,0.9183673469387755,0.08163265306122448,0.40790598013897633,0.0,0.0,0.9768000000000029,0.9768000000000029,0.10011001100108251,1.0,0.8180000000000291,0.09099999999998545,0.06779999999998831,0.43979890827151397
EX_11-EE_c,EX_11,EX,EX_UND,UND,1,1541.14,1542.14,1539.14,1544.14,5.0,0.0,1.0,0.0,1.0,0,-0.0,0.16799999999998363,0.7954000000000179,0.0,0.9634000000000015,2,0.66763232243708,0.0,0.0,0,0.0,0.0,1,5.0,5.0,0,0.0,0.0,0.0,1.0,0.0,0,1,0,1,1,0,0,0,0,2,0.4199999999999591,0.5279999999997926,1,3.977000000000089,3.977000000000089,0,0.0,0.0,0.4,0.0,0.12419999999997344,0,1,0,1,1,0,0,0,0,0.0,0.0,0.0,0.0,0.0,0.0,0.5,0.0,0.5,0.0,0.0,0.0,0.8125,0.0,0.8125,0.1875,0.6962122601251458,0.0,0.0,1.0,1.0,0.21121448327882808,0.9634000000000015,0.6274000000000343,0.16799999999998363,0.20459999999998213,0.66763232243708
EX_11-EE_c,EX_11,EX,EX_UND,PART_UND,0,1552.62,1553.62,1550.62,1555.62,5.0,0.19580000000000836,0.7580000000000382,0.0,0.9538000000000466,2,0.7323712838226297,0.8848000000000411,0.08139999999998508,0.0,0.9662000000000261,1,0.4169717152182493,0.17899999999999636,0.17899999999999636,1,0.9790000000000418,0.9790000000000418,2,1.8950000000000955,2.5009999999999764,0,0.0,0.0,0.4,0.275,0.0,0,1,0,1,1,0,0,0,0,2,2.2120000000001028,3.0510000000001583,1,0.4069999999999254,0.4069999999999254,0,0.0,0.0,0.2,0.0,0.918600000000015,1,0,0,1,0,0,1,0,0,0.5,0.0,0.5,0.0,0.0,0.0,1.0,0.0,0.0,0.0,0.0,0.0,0.0851063829787234,0.19148936170212766,0.2765957446808511,0.723404255319149,1.0970769024118425,0.14843120879858804,0.258311345646436,0.9538000000000466,0.5622000000000298,10.869778869781367,0.9662000000000261,-0.8034000000000561,0.6890000000000327,0.6766000000000532,0.31539956860438045
EX_11-EE_c,EX_11,EX,EX_UND,PART_UND,0,1609.94,1610.94,1607.94,1612.94,5.0,0.0,1.0,0.0,1.0,0,-0.0,0.07159999999998945,0.8934000000000196,0.0,0.9650000000000091,2,0.3813939550576335,0.0,0.0,0,0.0,0.0,1,5.0,5.0,0,0.0,0.0,0.0,1.0,0.0,0,1,0,1,1,0,0,0,0,1,0.35799999999994725,0.35799999999994725,2,2.233500000000049,2.8840000000000146,0,0.0,0.0,0.4,0.596199999999999,0.0,0,1,0,0,0,1,1,0,0,0.0,0.0,0.0,0.0,0.0,0.0,0.5,0.0,0.5,0.0,0.0,0.0,0.9166666666666666,0.0,0.9166666666666666,0.08333333333333333,0.41381685030363374,0.0,0.0,1.0,1.0,0.08014327289006926,0.9650000000000091,0.8218000000000302,0.07159999999998945,0.10659999999998038,0.3813939550576335
EX_11-EE_c,EX_11,EX,EX_UND,UND,1,1654.46,1655.46,1652.46,1657.46,5.0,0.0,1.0,0.0,1.0,0,-0.0,0.6515999999999622,0.30220000000003894,0.0,0.9538000000000011,2,0.9009095995897906,0.0,0.0,0,0.0,0.0,1,5.0,5.0,0,0.0,0.0,0.0,1.0,0.0,0,1,0,1,1,0,0,0,0,4,0.8144999999999527,1.1679999999998927,1,1.5110000000001946,1.5110000000001946,0,0.0,0.0,0.4,0.0,0.5127999999999702,1,0,0,1,1,0,0,0,0,0.0,0.0,0.0,0.0,0.0,0.0,0.5,0.0,0.5,0.0,0.0,0.0,0.3191489361702128,0.0,0.3191489361702128,0.6808510638297872,0.9034535552068337,0.0,0.0,1.0,1.0,2.156187954996288,0.9538000000000011,-0.34939999999992327,0.6515999999999622,0.6977999999999611,0.9009095995897906
EX_12-EE_a,EX_12,EE,EE_UND,UND,1,159.0,160.0,157.0,162.0,5.0,0.0,1.0,0.0,1.0,0,-0.0,0.5435999999999979,0.45640000000000214,0.0,1.0,1,0.9945080164501418,0.0,0.0,0,0.0,0.0,1,5.0,5.0,0,0.0,0.0,0.0,1.0,0.0,0,1,0,1,1,0,0,0,0,1,2.7179999999999893,2.7179999999999893,1,2.2820000000000107,2.2820000000000107,0,0.0,0.0,0.2,0.45640000000000214,0.0,1,0,0,0,1,1,0,0,0,0.0,0.0,0.0,0.0,0.0,0.0,0.0,0.0,1.0,0.0,0.0,0.0,0.46,0.0,0.46,0.54,0.9953784388202257,0.0,0.0,1.0,1.0,1.191060473269052,1.0,-0.08719999999999573,0.5435999999999979,0.5435999999999979,0.9945080164501418
EX_12-EE_a,EX_12,EE,EE_UND,PART_UND,0,225.0,226.0,223.0,228.0,5.0,0.03860000000000241,0.9280000000000029,0.0,0.9666000000000053,1,0.24198852961146491,0.35679999999999834,0.6432000000000017,0.0,1.0,2,0.9399948474915963,0.03860000000000241,0.03860000000000241,1,0.19300000000001205,0.19300000000001205,2,2.3200000000000074,4.473000000000013,0,0.0,0.0,0.2,0.0,0.06059999999999945,0,1,0,0,1,1,0,0,0,2,0.8919999999999959,1.1140000000000043,1,3.216000000000008,3.216000000000008,0,0.0,0.0,0.4,0.0,0.1339999999999975,0,1,0,1,1,0,0,0,0,1.0,0.0,0.0,0.0,0.0,0.0,0.5,0.0,0.5,0.0,0.0,0.0,0.6808510638297872,0.0425531914893617,0.723404255319149,0.2765957446808511,1.0842544615535055,0.3079201435678004,0.04159482758620936,0.9666000000000053,0.8894000000000005,0.5547263681592,1.0,0.2864000000000033,0.31819999999999593,0.2848000000000013,0.6980063178801315
EX_12-EE_a,EX_12,EE,EE_UND,UND,1,362.0,363.0,360.0,365.0,5.0,0.07179999999999609,0.3331999999999994,0.5474000000000047,0.9524000000000001,2,1.2704683357904047,0.8410000000000082,0.15899999999999181,0.0,1.0,2,0.6319118609672786,0.07179999999999609,0.07179999999999609,1,0.35899999999998045,0.35899999999998045,1,1.6659999999999968,1.6659999999999968,2,1.3685000000000116,1.7180000000000177,0.4,0.574000000000001,0.6668000000000006,0,0,1,0,1,0,0,1,0,2,2.1025000000000205,3.8600000000000136,1,0.7949999999999591,0.7949999999999591,0,0.0,0.0,0.4,0.0,0.7720000000000027,1,0,0,1,1,0,0,0,0,0.5,0.0,0.0,0.0,0.5,0.0,0.5,0.0,0.5,0.0,0.0,0.0,0.16666666666666666,0.08333333333333333,0.25,0.16666666666666666,1.6140054628542204,0.13483997249264842,0.21548619447777978,0.4049999999999955,0.2614000000000033,5.289308176100953,1.0,-0.6820000000000164,0.7692000000000121,0.17420000000000757,0.6385564748231262
EX_12-EE_a,EX_12,EE,EE_UND,PART_UND,0,545.0,546.0,543.0,548.0,5.0,0.0,0.9849999999999909,0.0,0.9849999999999909,0,-0.0,0.0,1.0,0.0,1.0,0,-0.0,0.0,0.0,0,0.0,0.0,2,2.4624999999999773,3.2129999999999654,0,0.0,0.0,0.0,1.0,0.0,0,1,0,1,1,0,0,0,0,0,0.0,0.0,1,5.0,5.0,0,0.0,0.0,0.0,1.0,0.0,0,1,0,0,0,1,1,0,0,0.0,0.0,0.0,0.0,0.0,0.0,0.0,0.0,0.0,0.0,0.0,0.0,1.0,0.0,1.0,0.0,-0.0,0.0,0.0,0.9849999999999909,0.9849999999999909,0.0,1.0,1.0,0.0,0.015000000000009117,0.0
EX_12-EE_a,EX_12,EE,EE_UND,MISUND,0,671.0,672.0,669.0,674.0,5.0,0.0,1.0,0.0,1.0,0,-0.0,0.0,0.9776000000000067,0.0,0.9776000000000067,0,-0.0,0.0,0.0,0,0.0,0.0,1,5.0,5.0,0,0.0,0.0,0.0,1.0,0.0,0,1,0,1,1,0,0,0,0,0,0.0,0.0,2,2.444000000000017,2.649000000000001,0,0.0,0.0,0.0,1.0,0.0,0,1,0,0,0,1,1,0,0,0.0,0.0,0.0,0.0,0.0,0.0,0.0,0.0,0.0,0.0,0.0,0.0,1.0,0.0,1.0,0.0,-0.0,0.0,0.0,1.0,1.0,0.0,0.9776000000000067,0.9776000000000067,0.0,0.022399999999993314,0.0
EX_12-EE_a,EX_12,EE,EE_UND,PART_UND,0,857.0,858.0,855.0,860.0,5.0,0.0,0.9796000000000049,0.0,0.9796000000000049,0,-0.0,0.0,0.9909999999999854,0.0,0.9909999999999854,0,-0.0,0.0,0.0,0,0.0,0.0,2,2.4490000000000123,3.3419999999999845,0,0.0,0.0,0.0,1.0,0.0,0,1,0,1,1,0,0,0,0,0,0.0,0.0,2,2.4774999999999636,4.770999999999958,0,0.0,0.0,0.0,1.0,0.0,0,1,0,0,0,1,1,0,0,0.0,0.0,0.0,0.0,0.0,0.0,0.0,0.0,0.0,0.0,0.0,0.0,1.0,0.0,1.0,0.0,-0.0,0.0,0.0,0.9796000000000049,0.9796000000000049,0.0,0.9909999999999854,0.9909999999999854,0.0,0.011399999999980537,0.0
EX_12-EE_a,EX_12,EE,EE_UND,PART_UND,0,1061.0,1062.0,1059.0,1064.0,5.0,0.0,0.985799999999972,0.0,0.985799999999972,0,-0.0,0.23000000000006365,0.7421999999999571,0.0,0.9722000000000207,5,0.7893011834605583,0.0,0.0,0,0.0,0.0,2,2.46449999999993,4.695999999999913,0,0.0,0.0,0.0,1.0,0.0,0,1,0,1,1,0,0,0,0,3,0.38333333333343944,0.6600000000000819,3,1.2369999999999284,2.3019999999999072,0,0.0,0.0,1.0,0.0,0.014600000000018553,0,1,0,1,0,0,1,0,0,0.0,0.0,0.0,0.0,0.0,0.0,0.6,0.0,0.4,0.0,0.0,0.0,0.75,0.0,0.75,0.25,0.8112781244591328,0.0,0.0,0.985799999999972,0.985799999999972,0.30988951765033274,0.9722000000000208,0.5121999999998934,0.23000000000006365,0.24360000000001492,0.7893011834605583
EX_12-EE_a,EX_12,EE,EE_UND,UND,1,1106.0,1107.0,1104.0,1109.0,5.0,0.32040000000001784,0.38919999999998256,0.233199999999988,0.9427999999999883,4,1.5545881153938717,0.38220000000001164,0.6177999999999884,0.0,1.0,1,0.959581005732719,0.1418000000000575,0.1418000000000575,3,0.5340000000000297,0.8929999999998017,3,0.6486666666666375,0.9300000000000637,2,0.58299999999997,0.668999999999869,0.8,0.3550000000000182,0.0,0,1,0,1,1,0,0,0,0,1,1.9110000000000582,1.9110000000000582,1,3.088999999999942,3.088999999999942,0,0.0,0.0,0.2,0.6177999999999884,0.0,0,1,0,0,1,1,0,0,0,0.25,0.25,0.25,0.0,0.25,0.0,0.0,0.0,1.0,0.0,0.0,0.0,0.3617021276595745,0.1702127659574468,0.5319148936170213,0.23404255319148937,2.327616984259769,0.17058823529411765,0.8232271325797332,0.7096000000000005,0.06879999999996472,0.6186468112658123,1.0,0.23559999999997672,0.061799999999993804,0.2286000000000058,0.5950071096611527
EX_12-EE_a,EX_12,EE,EE_UND,UND,1,1657.0,1658.0,1655.0,1660.0,5.0,0.0,0.5876000000000203,0.0,0.5876000000000203,0,-0.0,0.0,0.5863999999999578,0.0,0.5863999999999578,0,-0.0,0.0,0.0,0,0.0,0.0,2,1.469000000000051,1.747000000000071,0,0.0,0.0,0.0,1.0,0.0,0,1,0,1,1,0,0,0,0,0,0.0,0.0,2,1.4659999999998945,1.5419999999999163,0,0.0,0.0,0.0,1.0,0.0,0,1,0,0,0,1,1,0,0,0.0,0.0,0.0,0.0,0.0,0.0,0.0,0.0,0.0,0.0,0.0,0.0,1.0,0.0,1.0,0.0,-0.0,0.0,0.0,0.5876000000000203,0.5876000000000203,0.0,0.5863999999999578,0.5863999999999578,0.0,0.0012000000000624844,0.0
EX_12-EE_a,EX_12,EX,EX_UND,UND,1,530.0,531.0,528.0,533.0,5.0,0.0,1.0,0.0,1.0,0,-0.0,0.0,1.0,0.0,1.0,0,-0.0,0.0,0.0,0,0.0,0.0,1,5.0,5.0,0,0.0,0.0,0.0,1.0,0.0,0,1,0,1,1,0,0,0,0,0,0.0,0.0,1,5.0,5.0,0,0.0,0.0,0.0,1.0,0.0,0,1,0,0,0,1,1,0,0,0.0,0.0,0.0,0.0,0.0,0.0,0.0,0.0,0.0,0.0,0.0,0.0,1.0,0.0,1.0,0.0,-0.0,0.0,0.0,1.0,1.0,0.0,1.0,1.0,0.0,0.0,0.0
EX_12-EE_a,EX_12,EX,EX_UND,MISUND,0,556.0,557.0,554.0,559.0,5.0,0.0,0.9673999999999978,0.0,0.9673999999999978,0,-0.0,0.0,1.0,0.0,1.0,0,-0.0,0.0,0.0,0,0.0,0.0,3,1.6123333333333296,2.1749999999999545,0,0.0,0.0,0.0,1.0,0.0,0,1,0,1,1,0,0,0,0,0,0.0,0.0,1,5.0,5.0,0,0.0,0.0,0.0,1.0,0.0,0,1,0,0,0,1,1,0,0,0.0,0.0,0.0,0.0,0.0,0.0,0.0,0.0,0.0,0.0,0.0,0.0,1.0,0.0,1.0,0.0,-0.0,0.0,0.0,0.9673999999999978,0.9673999999999978,0.0,1.0,1.0,0.0,0.03260000000000218,0.0
EX_12-EE_a,EX_12,EX,EX_UND,UND,1,892.0,893.0,890.0,895.0,5.0,0.0,0.9837999999999966,0.0,0.9837999999999966,0,-0.0,0.0,1.0,0.0,1.0,0,-0.0,0.0,0.0,0,0.0,0.0,2,2.4594999999999914,3.77800000000002,0,0.0,0.0,0.0,1.0,0.0,0,1,0,1,1,0,0,0,0,0,0.0,0.0,1,5.0,5.0,0,0.0,0.0,0.0,1.0,0.0,0,1,0,0,0,1,1,0,0,0.0,0.0,0.0,0.0,0.0,0.0,0.0,0.0,0.0,0.0,0.0,0.0,1.0,0.0,1.0,0.0,-0.0,0.0,0.0,0.9837999999999966,0.9837999999999966,0.0,1.0,1.0,0.0,0.016200000000003434,0.0
EX_12-EE_a,EX_12,EX,EX_UND,UND,1,1113.0,1114.0,1111.0,1116.0,5.0,0.0,0.9872000000000298,0.0,0.9872000000000298,0,-0.0,0.0,0.9594000000000051,0.0,0.9594000000000051,0,-0.0,0.0,0.0,0,0.0,0.0,2,2.4680000000000746,2.9860000000001037,0,0.0,0.0,0.0,1.0,0.0,0,1,0,1,1,0,0,0,0,0,0.0,0.0,3,1.5990000000000084,3.2789999999999964,0,0.0,0.0,0.0,1.0,0.0,0,1,0,0,0,1,1,0,0,0.0,0.0,0.0,0.0,0.0,0.0,0.0,0.0,0.0,0.0,0.0,0.0,1.0,0.0,1.0,0.0,-0.0,0.0,0.0,0.9872000000000298,0.9872000000000298,0.0,0.9594000000000051,0.9594000000000051,0.0,0.027800000000024694,0.0
EX_12-EE_a,EX_12,EX,EX_UND,UND,1,1171.0,1172.0,1169.0,1174.0,5.0,0.0,0.9546000000000276,0.0,0.9546000000000276,0,-0.0,0.013599999999996726,0.8930000000000291,0.0,0.9066000000000258,1,0.11236736908398509,0.0,0.0,0,0.0,0.0,3,1.5910000000000462,4.296000000000049,0,0.0,0.0,0.0,1.0,0.0061999999999898135,0,1,0,1,1,0,0,0,0,1,0.06799999999998363,0.06799999999998363,2,2.2325000000000728,3.5410000000001673,0,0.0,0.0,0.2,0.0,0.08339999999998327,0,1,0,1,0,0,1,0,0,0.0,0.0,0.0,0.0,0.0,0.0,1.0,0.0,0.0,0.0,0.0,0.0,1.0,0.0,1.0,0.0,-0.0,0.0,0.0,0.9546000000000276,0.9546000000000276,0.015229563269872657,0.9066000000000258,0.8794000000000324,0.013599999999996726,0.061599999999998545,0.11236736908398509
EX_12-EE_a,EX_12,EX,EX_UND,UND,1,1227.0,1228.0,1225.0,1230.0,5.0,0.0,0.9451999999999771,0.0,0.9451999999999771,0,-0.0,0.06060000000002219,0.9074000000000524,0.0,0.9680000000000746,1,0.3376935397009466,0.0,0.0,0,0.0,0.0,4,1.1814999999999714,2.7159999999998945,0,0.0,0.0,0.0,1.0,0.0,0,1,0,1,1,0,0,0,0,1,0.30300000000011096,0.30300000000011096,3,1.5123333333334206,2.951999999999998,0,0.0,0.0,0.2,0.9393999999999778,0.0,0,1,0,0,1,1,0,0,0,0.0,0.0,0.0,0.0,0.0,0.0,0.0,0.0,1.0,0.0,0.0,0.0,0.9574468085106383,0.0,0.9574468085106383,0.0425531914893617,0.25387844029816153,0.0,0.0,0.9451999999999771,0.9451999999999771,0.06678421864670343,0.9680000000000746,0.8468000000000302,0.06060000000002219,0.03779999999992467,0.3376935397009466
EX_12-EE_a,EX_12,EX,EX_UND,UND,1,1397.0,1398.0,1395.0,1400.0,5.0,0.037600000000020374,0.9238000000000284,0.0,0.9614000000000488,2,0.23819488514087667,0.10820000000003346,0.8917999999999665,0.0,1.0,2,0.49446262682834985,0.0,0.0,1,0.18800000000010186,0.18800000000010186,4,1.1547500000000355,2.6490000000001146,0,0.0,0.0,0.4,0.9293999999999869,0.0,0,1,0,1,1,0,0,0,0,1,0.5410000000001673,0.5410000000001673,2,2.2294999999999163,3.6369999999999436,0,0.0,0.0,0.4,0.7273999999999887,0.0,0,1,0,0,0,1,1,0,0,0.5,0.0,0.5,0.0,0.0,0.0,0.5,0.0,0.5,0.0,0.0,0.0,0.8571428571428571,0.0,0.8571428571428571,0.14285714285714285,0.714975716948989,-0.06953840623693441,0.040701450530438645,0.9614000000000488,0.886200000000008,0.12132765193993891,1.0,0.783599999999933,0.0706000000000131,0.03200000000006187,0.2562677416874732
EX_12-EE_b,EX_12,EE,EE_UND,PART_UND,0,143.0,144.0,141.0,146.0,5.0,0.3046000000000049,0.5435999999999979,0.11299999999999955,0.9612000000000023,4,1.3535187342697235,0.6580000000000098,0.29599999999999793,0.0,0.9540000000000077,1,0.893487804701567,0.28040000000000875,0.28040000000000875,2,0.7615000000000123,0.8569999999999993,1,2.7179999999999893,2.7179999999999893,2,0.28249999999999886,0.478999999999985,0.8,0.0382000000000005,0.45640000000000214,0,1,0,0,1,0,0,1,0,3,1.0966666666666829,1.936000000000007,1,1.4799999999999898,1.4799999999999898,0,0.0,0.0,0.2,0.0,0.7040000000000021,1,0,0,1,0,0,1,0,0,0.25,0.25,0.0,0.0,0.5,0.0,1.0,0.0,0.0,0.0,0.0,0.0,0.30434782608695654,0.30434782608695654,0.6086956521739131,0.2608695652173913,1.9336649380006277,0.43749999999999994,0.560338484179555,0.8482000000000027,0.23899999999999294,2.2229729729730217,0.9540000000000077,-0.36200000000001187,0.3534000000000049,0.24759999999999993,0.4600309295681565
EX_12-EE_b,EX_12,EE,EE_UND,PART_UND,0,154.14,155.14,152.14,157.14,5.0,0.7185999999999979,0.23039999999999736,0.017800000000005412,0.9668000000000007,4,0.9173384030934255,0.1319999999999993,0.7855999999999994,0.0,0.9175999999999987,1,0.5942425672036282,0.054200000000003,0.054200000000003,2,1.7964999999999947,2.2039999999999793,2,0.5759999999999934,0.8669999999999902,1,0.08900000000002706,0.08900000000002706,0.8,0.017800000000005412,0.47100000000000364,1,0,0,0,1,0,0,1,0,1,0.6599999999999966,0.6599999999999966,4,0.9819999999999993,1.9259999999999877,0,0.0,0.0,0.2,0.8680000000000007,0.0,0,1,0,0,1,1,0,0,0,0.5,0.0,0.25,0.0,0.25,0.0,0.0,0.0,1.0,0.0,0.0,0.0,0.20454545454545456,0.06818181818181818,0.2727272727272727,0.7045454545454546,1.4556665874135728,-0.10232343558582006,3.118923611111138,0.9489999999999953,-0.4882000000000005,0.16802443991853286,0.9175999999999987,0.6536000000000001,0.5865999999999986,0.555200000000002,0.3230958358897973
EX_12-EE_b,EX_12,EE,EE_UND,NON_UND,0,267.0,268.0,265.0,270.0,5.0,0.4298000000000002,0.5327999999999975,0.0,0.9625999999999977,4,0.9917251708611642,0.7581999999999993,0.18940000000000054,0.0,0.9475999999999999,1,0.7216747511535984,0.39840000000000375,0.39840000000000375,3,0.7163333333333336,1.7019999999999982,2,1.3319999999999936,1.4279999999999973,0,0.0,0.0,0.8,0.0,0.07699999999999818,0,1,0,0,0,1,1,0,0,2,1.8954999999999984,2.5810000000000173,2,0.47350000000000136,0.7620000000000005,0,0.0,0.0,0.2,0.0,0.7798000000000002,1,0,0,1,0,0,1,0,0,0.5,0.0,0.5,0.0,0.0,0.0,1.0,0.0,0.0,0.0,0.0,0.0,0.17777777777777778,0.4444444444444444,0.6222222222222222,0.37777777777777777,1.6154406097130691,0.3563483225498991,0.8066816816816859,0.9625999999999977,0.10299999999999732,4.003167898627229,0.9475999999999999,-0.5687999999999988,0.32839999999999914,0.34339999999999693,0.2700504197075658
EX_12-EE_b,EX_12,EE,EE_UND,NON_UND,0,312.0,313.0,310.0,315.0,5.0,0.105600000000004,0.8779999999999972,0.0,0.9836000000000013,1,0.49190339043037523,0.0,0.9485999999999877,0.0,0.9485999999999877,0,-0.0,0.0,0.0,1,0.52800000000002,0.52800000000002,2,2.194999999999993,3.4259999999999877,0,0.0,0.0,0.2,0.894399999999996,0.0,0,1,0,1,0,0,1,0,0,0,0.0,0.0,4,1.1857499999999845,1.9459999999999695,0,0.0,0.0,0.0,1.0,0.0,0,1,0,0,0,1,1,0,0,0.0,0.0,1.0,0.0,0.0,0.0,0.0,0.0,0.0,0.0,0.0,0.0,0.9130434782608695,0.0,0.9130434782608695,0.08695652173913043,0.4262286569981449,0.0,0.12027334851936712,0.9836000000000013,0.7723999999999932,0.0,0.9485999999999877,0.9485999999999877,0.105600000000004,0.07059999999999045,0.49190339043037523
EX_12-EE_b,EX_12,EE,EE_UND,NON_UND,0,326.0,327.0,324.0,329.0,5.0,0.6093999999999937,0.35140000000001237,0.0,0.9608000000000061,4,0.9473424289849018,0.5940000000000054,0.34740000000000465,0.0,0.9414000000000101,2,0.9499204079604053,0.29720000000000935,0.29720000000000935,2,1.5234999999999843,2.1019999999999754,3,0.5856666666666873,0.7839999999999918,0,0.0,0.0,0.8,0.1225999999999999,0.0,1,0,0,1,1,0,0,0,0,3,0.9900000000000091,1.4800000000000182,1,1.7370000000000232,1.7370000000000232,0,0.0,0.0,0.4,0.0,0.33700000000000047,1,0,0,1,1,0,0,0,0,0.5,0.0,0.5,0.0,0.0,0.0,0.5,0.0,0.5,0.0,0.0,0.0,0.08888888888888889,0.3111111111111111,0.4,0.6,1.8760385595864055,-0.26196841599779186,1.734206033010735,0.9608000000000061,-0.25799999999998136,1.709844559585485,0.94140000000001,-0.24660000000000076,0.015399999999988312,0.00400000000000772,0.002577978975503492
EX_12-EE_b,EX_12,EE,EE_UND,NON_UND,0,386.0,387.0,384.0,389.0,5.0,0.1990000000000009,0.7831999999999993,0.0,0.9822000000000003,1,0.7271103545783442,0.011800000000005185,0.9524000000000001,0.0,0.9642000000000053,1,0.09528976712192566,0.011800000000005185,0.011800000000005185,1,0.9950000000000045,0.9950000000000045,2,1.9579999999999984,2.7719999999999914,0,0.0,0.0,0.2,0.800999999999999,0.0,0,1,0,1,0,0,1,0,0,1,0.05900000000002592,0.05900000000002592,3,1.5873333333333335,2.6899999999999977,0,0.0,0.0,0.2,0.9881999999999949,0.0,0,1,0,0,1,1,0,0,0,0.0,0.0,1.0,0.0,0.0,0.0,0.0,0.0,1.0,0.0,0.0,0.0,0.8333333333333334,0.0,0.8333333333333334,0.16666666666666666,0.6500224216483541,0.0,0.2540858018386122,0.9822000000000002,0.5841999999999985,0.012389752204961343,0.9642000000000053,0.940599999999995,0.1871999999999957,0.1692000000000008,0.6318205874564184
EX_12-EE_b,EX_12,EE,EE_UND,PART_UND,0,414.0,415.0,412.0,417.0,5.0,0.5937999999999988,0.25179999999999153,0.12400000000000092,0.9695999999999912,6,1.3178164266926984,0.9628000000000043,0.0,0.0,0.9628000000000043,0,-0.0,0.5754000000000019,0.5754000000000019,4,0.7422499999999985,1.9850000000000136,1,1.2589999999999577,1.2589999999999577,2,0.3100000000000023,0.4660000000000082,1.2,0.0,0.4090000000000032,1,0,0,0,0,1,1,0,0,3,1.6046666666666738,2.3589999999999804,0,0.0,0.0,0,0.0,0.0,0.0,0.0,1.0,1,0,0,1,1,0,0,0,0,0.16666666666666666,0.3333333333333333,0.16666666666666666,0.0,0.3333333333333333,0.0,0.0,0.0,0.0,0.0,0.0,0.0,0.0,0.5869565217391305,0.5869565217391305,0.2826086956521739,1.3497042626097349,0.0,2.3582208101668733,0.8455999999999904,-0.34200000000000724,48.140000000000214,0.9628000000000043,-0.9628000000000043,0.36900000000000555,0.25179999999999153,1.3178164266926984
EX_12-EE_b,EX_12,EE,EE_UND,PART_UND,0,493.0,494.0,491.0,496.0,5.0,0.5590000000000032,0.4282000000000039,0.0,0.9872000000000071,1,0.9872993031542256,0.12580000000000383,0.7841999999999871,0.0,0.9099999999999909,1,0.5796155482154971,0.12580000000000383,0.12580000000000383,2,1.397500000000008,1.4440000000000168,1,2.1410000000000196,2.1410000000000196,0,0.0,0.0,0.2,0.4282000000000039,0.0,1,0,0,1,0,0,1,0,0,1,0.6290000000000191,0.6290000000000191,4,0.9802499999999839,1.464999999999975,0,0.0,0.0,0.2,0.8741999999999962,0.0,0,1,0,0,1,1,0,0,0,0.0,0.0,1.0,0.0,0.0,0.0,0.0,0.0,1.0,0.0,0.0,0.0,0.4444444444444444,0.13333333333333333,0.5777777777777777,0.4222222222222222,1.4327651039407345,0.3508232077228117,1.3054647361046194,0.9872000000000071,-0.13079999999999925,0.16041826064780143,0.9099999999999909,0.6583999999999833,0.43319999999999936,0.3559999999999832,0.40768375493872855
EX_12-EE_b,EX_12,EE,EE_UND,NON_UND,0,553.0,554.0,551.0,556.0,5.0,0.7031999999999925,0.27899999999999636,0.0,0.9821999999999889,3,0.8609189701450553,0.9812000000000125,0.0,0.0,0.9812000000000125,0,-0.0,0.7031999999999925,0.7031999999999925,2,1.7579999999999814,2.870999999999981,2,0.6974999999999909,0.9660000000000082,0,0.0,0.0,0.6,0.19320000000000165,0.0,1,0,0,1,0,0,1,0,0,2,2.4530000000000314,2.9180000000000064,0,0.0,0.0,0,0.0,0.0,0.0,0.0,1.0,1,0,0,1,1,0,0,0,0,0.3333333333333333,0.0,0.6666666666666666,0.0,0.0,0.0,0.0,0.0,0.0,0.0,0.0,0.0,0.0,0.7142857142857143,0.7142857142857143,0.2857142857142857,0.863120568566631,0.0,2.5204301075268876,0.9821999999999889,-0.42419999999999614,49.06000000000063,0.9812000000000125,-0.9812000000000125,0.27800000000002,0.27899999999999636,0.8609189701450553
EX_12-EE_b,EX_12,EE,EE_UND,MISUND,0,673.0,674.0,671.0,676.0,5.0,0.0,1.0,0.0,1.0,0,-0.0,0.0,1.0,0.0,1.0,0,-0.0,0.0,0.0,0,0.0,0.0,1,5.0,5.0,0,0.0,0.0,0.0,1.0,0.0,0,1,0,1,1,0,0,0,0,0,0.0,0.0,1,5.0,5.0,0,0.0,0.0,0.0,1.0,0.0,0,1,0,0,0,1,1,0,0,0.0,0.0,0.0,0.0,0.0,0.0,0.0,0.0,0.0,0.0,0.0,0.0,1.0,0.0,1.0,0.0,-0.0,0.0,0.0,1.0,1.0,0.0,1.0,1.0,0.0,0.0,0.0
EX_12-EE_b,EX_12,EE,EE_UND,UND,1,754.0,755.0,752.0,757.0,5.0,0.0,0.9721999999999753,0.0,0.9721999999999753,0,-0.0,0.0,0.9702000000000226,0.0,0.9702000000000226,0,-0.0,0.0,0.0,0,0.0,0.0,2,2.430499999999938,3.56899999999996,0,0.0,0.0,0.0,1.0,0.0,0,1,0,1,1,0,0,0,0,0,0.0,0.0,2,2.4255000000000564,3.147000000000048,0,0.0,0.0,0.0,1.0,0.0,0,1,0,0,0,1,1,0,0,0.0,0.0,0.0,0.0,0.0,0.0,0.0,0.0,0.0,0.0,0.0,0.0,1.0,0.0,1.0,0.0,-0.0,0.0,0.0,0.9721999999999753,0.9721999999999753,0.0,0.9702000000000226,0.9702000000000226,0.0,0.0019999999999527063,0.0
EX_12-EE_b,EX_12,EE,EE_UND,MISUND,0,804.0,805.0,802.0,807.0,5.0,0.16059999999999947,0.8035999999999831,0.0,0.9641999999999825,3,0.6497815518248451,0.0,0.9597999999999957,0.0,0.9597999999999957,0,-0.0,0.0,0.0,2,0.40149999999999864,0.5720000000000027,2,2.0089999999999577,2.231999999999971,0,0.0,0.0,0.6,0.37840000000001056,0.0,0,1,0,1,0,0,1,0,0,0,0.0,0.0,3,1.5996666666666595,4.352999999999952,0,0.0,0.0,0.0,1.0,0.0,0,1,0,0,0,1,1,0,0,0.3333333333333333,0.0,0.6666666666666666,0.0,0.0,0.0,0.0,0.0,0.0,0.0,0.0,0.0,0.8260869565217391,0.0,0.8260869565217391,0.17391304347826086,0.6665783579949205,0.0,0.19985067197611106,0.9641999999999826,0.6429999999999836,0.0,0.9597999999999957,0.9597999999999957,0.16059999999999947,0.15620000000001255,0.6497815518248451
EX_12-EE_b,EX_12,EE,EE_UND,MISUND,0,893.0,894.0,891.0,896.0,5.0,0.05099999999999909,0.949000000000001,0.0,1.0,2,0.2906297933285041,0.0,1.0,0.0,1.0,0,-0.0,0.0,0.0,1,0.25499999999999545,0.25499999999999545,2,2.3725000000000023,3.895999999999958,0,0.0,0.0,0.4,0.16980000000000928,0.0,0,1,0,1,1,0,0,0,0,0,0.0,0.0,1,5.0,5.0,0,0.0,0.0,0.0,1.0,0.0,0,1,0,0,0,1,1,0,0,0.5,0.0,0.5,0.0,0.0,0.0,0.0,0.0,0.0,0.0,0.0,0.0,0.94,0.0,0.94,0.06,0.32744491915447627,0.0,0.05374077976817601,1.0,0.8980000000000019,0.0,1.0,1.0,0.05099999999999909,0.050999999999999046,0.2906297933285041
EX_12-EE_b,EX_12,EE,EE_UND,PART_UND,0,903.0,904.0,901.0,906.0,5.0,0.26399999999998724,0.7074000000000069,0.0,0.9713999999999942,2,0.8439968629745753,0.0,0.9607999999999948,0.0,0.9607999999999948,0,-0.0,0.0,0.0,1,1.3199999999999363,1.3199999999999363,3,1.1790000000000116,2.046000000000049,0,0.0,0.0,0.4,0.033400000000006,0.0,0,1,0,1,1,0,0,0,0,0,0.0,0.0,3,1.6013333333333246,1.92999999999995,0,0.0,0.0,0.0,1.0,0.0,0,1,0,0,0,1,1,0,0,0.5,0.0,0.5,0.0,0.0,0.0,0.0,0.0,0.0,0.0,0.0,0.0,0.723404255319149,0.0,0.723404255319149,0.2765957446808511,0.8507707040532599,0.0,0.37319762510600035,0.9713999999999942,0.44340000000001967,0.0,0.9607999999999948,0.9607999999999948,0.26399999999998724,0.25339999999998786,0.8439968629745753
EX_12-EE_b,EX_12,EE,EE_UND,UND,1,952.0,953.0,950.0,955.0,5.0,0.09859999999998763,0.85,0.0,0.9485999999999877,3,0.4813703440004009,0.0,1.0,0.0,1.0,0,-0.0,0.0,0.0,2,0.24649999999996908,0.3009999999999309,3,1.4166666666666667,1.7039999999999509,0,0.0,0.0,0.6,0.0,0.05,0,1,0,0,1,1,0,0,0,0,0.0,0.0,1,5.0,5.0,0,0.0,0.0,0.0,1.0,0.0,0,1,0,0,0,1,1,0,0,0.6666666666666666,0.0,0.3333333333333333,0.0,0.0,0.0,0.0,0.0,0.0,0.0,0.0,0.0,0.8936170212765957,0.0,0.8936170212765957,0.10638297872340426,0.48890859144051524,0.0,0.11599999999998545,0.9485999999999876,0.7514000000000124,0.0,1.0,1.0,0.09859999999998763,0.15000000000000002,0.4813703440004009
EX_12-EE_b,EX_12,EE,EE_UND,UND,1,979.0,980.0,977.0,982.0,5.0,0.22840000000001054,0.7329999999999928,0.0,0.9614000000000033,1,0.7909762211820213,0.0,0.9625999999999977,0.0,0.9625999999999977,0,-0.0,0.0,0.0,1,1.1420000000000528,1.1420000000000528,3,1.2216666666666545,2.1609999999999445,0,0.0,0.0,0.2,0.0,0.2423999999999978,0,1,0,0,1,1,0,0,0,0,0.0,0.0,3,1.6043333333333294,2.7140000000000555,0,0.0,0.0,0.0,1.0,0.0,0,1,0,0,0,1,1,0,0,1.0,0.0,0.0,0.0,0.0,0.0,0.0,0.0,0.0,0.0,0.0,0.0,0.7446808510638298,0.0,0.7446808510638298,0.2553191489361702,0.8196004346196011,0.0,0.31159618008187284,0.9614000000000034,0.5045999999999822,0.0,0.9625999999999977,0.9625999999999977,0.22840000000001054,0.2296000000000049,0.7909762211820213
EX_12-EE_b,EX_12,EE,EE_UND,UND,1,1043.0,1044.0,1041.0,1046.0,5.0,0.059400000000005095,0.9291999999999916,0.0,0.9885999999999967,1,0.3277821206191492,0.0,0.9429999999999836,0.0,0.9429999999999836,0,-0.0,0.0,0.0,1,0.29700000000002547,0.29700000000002547,2,2.322999999999979,3.5699999999999363,0,0.0,0.0,0.2,0.9405999999999949,0.0,0,1,0,1,0,0,1,0,0,0,0.0,0.0,3,1.5716666666666395,3.98700000000008,0,0.0,0.0,0.0,1.0,0.012199999999984357,0,1,0,0,0,1,1,0,0,0.0,0.0,1.0,0.0,0.0,0.0,0.0,0.0,0.0,0.0,0.0,0.0,0.9545454545454546,0.0,0.9545454545454546,0.045454545454545456,0.26676498780302604,0.0,0.06392595781317868,0.9885999999999967,0.8697999999999865,0.0,0.9429999999999836,0.9429999999999836,0.059400000000005095,0.01379999999999204,0.3277821206191492
EX_12-EE_b,EX_12,EE,EE_UND,UND,1,1086.0,1087.0,1084.0,1089.0,5.0,0.04679999999998472,0.9353999999999815,0.0,0.9821999999999662,1,0.27632113569394556,0.0,0.9830000000000382,0.0,0.9830000000000382,0,-0.0,0.0,0.0,1,0.2339999999999236,0.2339999999999236,1,4.676999999999907,4.676999999999907,0,0.0,0.0,0.2,0.0,0.06460000000001856,0,1,0,0,1,1,0,0,0,0,0.0,0.0,2,2.4575000000000955,3.3510000000001128,0,0.0,0.0,0.0,1.0,0.0,0,1,0,0,0,1,1,0,0,1.0,0.0,0.0,0.0,0.0,0.0,0.0,0.0,0.0,0.0,0.0,0.0,0.9375,0.0,0.9375,0.0625,0.3372900666170139,0.0,0.050032071840908326,0.9821999999999662,0.8885999999999967,0.0,0.9830000000000382,0.9830000000000382,0.04679999999998472,0.04760000000005671,0.27632113569394556
EX_12-EE_b,EX_12,EE,EE_UND,PART_UND,0,1285.0,1286.0,1283.0,1288.0,5.0,0.20940000000000508,0.7435999999999694,0.0,0.9529999999999745,4,0.7596690238157531,0.0,0.905200000000059,0.0,0.905200000000059,0,-0.0,0.0,0.0,2,0.5235000000000127,0.7840000000001055,4,0.9294999999999618,1.6539999999999964,0,0.0,0.0,0.8,0.33079999999999926,0.0,0,1,0,1,1,0,0,0,0,0,0.0,0.0,5,0.905200000000059,2.4760000000001128,0,0.0,0.0,0.0,1.0,0.0,0,1,0,0,0,1,1,0,0,0.5,0.0,0.5,0.0,0.0,0.0,0.0,0.0,0.0,0.0,0.0,0.0,0.7857142857142857,0.0,0.7857142857142857,0.21428571428571427,0.74959525725948,0.0,0.28160301237226154,0.9529999999999745,0.5341999999999643,0.0,0.905200000000059,0.905200000000059,0.20940000000000508,0.16160000000008956,0.7596690238157531
EX_12-EE_b,EX_12,EE,EE_UND,MISUND,0,1451.0,1452.0,1449.0,1454.0,5.0,0.23220000000001165,0.7327999999999975,0.0,0.9650000000000091,4,0.7960727193105674,0.5360000000000127,0.3255999999999858,0.0,0.8615999999999986,2,0.9565464808973969,0.20659999999998035,0.20659999999998035,2,0.5805000000000291,0.7650000000001,3,1.2213333333333292,1.6849999999999454,0,0.0,0.0,0.8,0.3369999999999891,0.0,0,1,0,1,1,0,0,0,0,3,0.8933333333333545,1.6569999999999254,3,0.542666666666643,1.1859999999999218,0,0.0,0.0,0.4,0.12739999999998872,0.0,1,0,0,0,0,1,1,0,0,0.5,0.0,0.5,0.0,0.0,0.0,0.5,0.0,0.5,0.0,0.0,0.0,0.3953488372093023,0.2558139534883721,0.6511627906976745,0.3488372093023256,1.5624513816696837,0.4740881936777326,0.31686681222709123,0.9650000000000091,0.5005999999999858,1.646191646191757,0.8615999999999985,-0.2104000000000269,0.30380000000000107,0.40720000000001166,0.16047376158682947
EX_12-EE_b,EX_12,EX,EX_UND,MISUND,0,253.0,254.0,251.0,256.0,5.0,0.094399999999996,0.7596000000000004,0.0,0.8539999999999963,2,0.5015385293353387,0.9367999999999995,0.04320000000000164,0.0,0.9800000000000011,1,0.26070307693993994,0.094399999999996,0.094399999999996,1,0.47199999999998,0.47199999999998,2,1.899000000000001,3.312999999999988,0,0.0,0.0,0.4,0.18980000000000247,0.09279999999999973,0,1,0,1,1,0,0,0,0,1,4.6839999999999975,4.6839999999999975,1,0.21600000000000819,0.21600000000000819,0,0.0,0.0,0.2,0.0,0.9567999999999983,1,0,0,1,0,0,1,0,0,0.5,0.0,0.5,0.0,0.0,0.0,1.0,0.0,0.0,0.0,0.0,0.0,0.047619047619047616,0.11904761904761904,0.16666666666666666,0.8333333333333334,0.7938758497427927,0.08219949365267866,0.12427593470246966,0.8539999999999964,0.6652000000000043,21.685185185184352,0.9800000000000012,-0.8935999999999978,0.8424000000000035,0.7163999999999987,0.24083545239539877
EX_12-EE_b,EX_12,EX,EX_UND,UND,1,282.0,283.0,280.0,285.0,5.0,0.0711999999999989,0.905600000000004,0.0,0.9768000000000029,1,0.37662110804906895,0.8830000000000041,0.09779999999999518,0.0,0.9807999999999992,2,0.46808998569987614,0.0711999999999989,0.0711999999999989,1,0.35599999999999454,0.35599999999999454,3,1.50933333333334,3.569000000000017,0,0.0,0.0,0.2,0.9288000000000011,0.0,0,1,0,1,0,0,1,0,0,2,2.2075000000000102,3.5579999999999927,1,0.4889999999999759,0.4889999999999759,0,0.0,0.0,0.4,0.0,0.17140000000000555,1,0,0,1,1,0,0,0,0,0.0,0.0,1.0,0.0,0.0,0.0,0.5,0.0,0.5,0.0,0.0,0.0,0.10416666666666667,0.0625,0.16666666666666666,0.8333333333333334,0.8090947554691816,0.08804509063256238,0.07862190812720693,0.9768000000000029,0.834400000000005,9.028629856851202,0.9807999999999993,-0.7852000000000089,0.8118000000000052,0.8078000000000087,0.09146887765080719
EX_12-EE_b,EX_12,EX,EX_UND,PART_UND,0,410.0,411.0,408.0,413.0,5.0,0.5118000000000051,0.472199999999998,0.0,0.9840000000000032,2,0.9988314104268521,0.9163999999999873,0.033399999999994635,0.0,0.949799999999982,2,0.21966811146998166,0.4618000000000052,0.4618000000000052,2,1.279500000000013,1.9490000000000123,1,2.36099999999999,2.36099999999999,0,0.0,0.0,0.4,0.0,0.13799999999999954,1,0,0,0,0,1,1,0,0,5,0.9163999999999873,1.4309999999999832,1,0.16699999999997317,0.16699999999997317,0,0.0,0.0,0.4,0.0,0.6442000000000008,1,0,0,1,1,0,0,0,0,0.5,0.0,0.5,0.0,0.0,0.0,0.5,0.0,0.5,0.0,0.0,0.0,0.0,0.5106382978723404,0.5106382978723404,0.48936170212765956,1.1259378808834184,-0.13831281496162495,1.083862770012722,0.9840000000000031,-0.03960000000000713,27.43712574850702,0.949799999999982,-0.8829999999999927,0.4045999999999822,0.43880000000000335,0.7791632989568704
EX_12-EE_b,EX_12,EX,EX_UND,PART_UND,0,431.0,432.0,429.0,434.0,5.0,0.16499999999999773,0.8029999999999973,0.0,0.967999999999995,1,0.6587435307694639,0.8569999999999937,0.06860000000000355,0.0,0.9255999999999972,2,0.3810923744398981,0.16499999999999773,0.16499999999999773,2,0.4124999999999943,0.4619999999999891,2,2.007499999999993,2.3999999999999773,0,0.0,0.0,0.2,0.0,0.1788000000000011,0,1,0,0,1,1,0,0,0,3,1.4283333333333228,1.9250000000000114,1,0.34300000000001774,0.34300000000001774,0,0.0,0.0,0.4,0.0,0.41059999999999947,1,0,0,1,1,0,0,0,0,1.0,0.0,0.0,0.0,0.0,0.0,0.5,0.0,0.5,0.0,0.0,0.0,0.06666666666666667,0.17777777777777778,0.24444444444444444,0.7555555555555555,1.0089947828924524,0.12427395320024001,0.2054794520547924,0.967999999999995,0.6379999999999996,12.492711370261652,0.9255999999999972,-0.7883999999999901,0.691999999999996,0.7343999999999937,0.27765115632956583
EX_12-EE_b,EX_12,EX,EX_UND,PART_UND,0,453.0,454.0,451.0,456.0,5.0,0.795799999999997,0.144399999999996,0.0,0.940199999999993,1,0.6187379106670495,0.5057999999999993,0.42180000000000745,0.0,0.9276000000000068,3,0.9940765223969265,0.4745999999999981,0.4745999999999981,2,1.9894999999999925,3.8489999999999895,2,0.36099999999999,0.4519999999999982,0,0.0,0.0,0.2,0.02319999999999709,0.8384000000000015,1,0,0,0,1,1,0,0,0,2,1.2644999999999982,1.5299999999999727,3,0.7030000000000124,1.0020000000000095,0,0.0,0.0,0.6,0.0,0.327800000000002,1,0,0,1,0,0,1,0,0,1.0,0.0,0.0,0.0,0.0,0.0,0.6666666666666666,0.0,0.3333333333333333,0.0,0.0,0.0,0.13636363636363635,0.5454545454545454,0.6818181818181818,0.3181818181818182,1.3946169838545441,0.43528575006600706,5.511080332410104,0.9401999999999929,-0.651400000000001,1.1991465149359657,0.9276000000000066,-0.0839999999999918,0.2899999999999977,0.2774000000000114,0.3753386117298769
EX_12-EE_b,EX_12,EX,EX_UND,MISUND,0,469.0,470.0,467.0,472.0,5.0,0.7898000000000025,0.045799999999996996,0.0,0.8355999999999995,2,0.30649208031263786,0.8039999999999964,0.17440000000000283,0.0,0.9783999999999992,1,0.6762341441300161,0.5937999999999988,0.5937999999999988,3,1.3163333333333374,2.009999999999991,1,0.228999999999985,0.228999999999985,0,0.0,0.0,0.4,0.0,0.42060000000000175,1,0,0,0,0,1,1,0,0,1,4.019999999999982,4.019999999999982,1,0.8720000000000141,0.8720000000000141,0,0.0,0.0,0.2,0.19600000000000364,0.0,1,0,0,0,1,1,0,0,0,0.5,0.0,0.5,0.0,0.0,0.0,0.0,0.0,1.0,0.0,0.0,0.0,0.0,0.7317073170731707,0.7317073170731707,0.2682926829268293,1.0225265684903673,-0.12009611535381534,17.24454148471734,0.8355999999999995,-0.7440000000000055,4.61009174311917,0.9783999999999993,-0.6295999999999935,0.014199999999993884,0.12860000000000582,0.3697420638173783
EX_12-EE_b,EX_12,EX,EX_UND,MISUND,0,547.0,548.0,545.0,550.0,5.0,0.0,0.9678000000000111,0.0,0.9678000000000111,0,-0.0,0.48940000000002326,0.3939999999999827,0.0,0.883400000000006,2,0.9915710441414747,0.0,0.0,0,0.0,0.0,3,1.6130000000000184,2.758000000000038,0,0.0,0.0,0.0,1.0,0.0,0,1,0,1,1,0,0,0,0,5,0.48940000000002326,0.6029999999999518,3,0.6566666666666379,0.8369999999999891,0,0.0,0.0,0.4,0.0,0.3872000000000071,1,0,0,1,1,0,0,0,0,0.0,0.0,0.0,0.0,0.0,0.0,0.5,0.0,0.5,0.0,0.0,0.0,0.43902439024390244,0.0,0.43902439024390244,0.5609756097560976,0.9892452969285004,0.0,0.0,0.9678000000000111,0.9678000000000111,1.242131979695545,0.883400000000006,-0.09540000000004056,0.48940000000002326,0.5738000000000284,0.9915710441414747
EX_12-EE_b,EX_12,EX,EX_UND,UND,1,817.0,818.0,815.0,820.0,5.0,0.0,1.0,0.0,1.0,0,-0.0,0.0,0.9012000000000399,0.0,0.9012000000000399,0,-0.0,0.0,0.0,0,0.0,0.0,1,5.0,5.0,0,0.0,0.0,0.0,1.0,0.0,0,1,0,1,1,0,0,0,0,0,0.0,0.0,6,0.7510000000000332,1.2430000000000518,0,0.0,0.0,0.0,1.0,0.0,0,1,0,0,0,1,1,0,0,0.0,0.0,0.0,0.0,0.0,0.0,0.0,0.0,0.0,0.0,0.0,0.0,1.0,0.0,1.0,0.0,-0.0,0.0,0.0,1.0,1.0,0.0,0.9012000000000399,0.9012000000000399,0.0,0.09879999999996014,0.0
EX_12-EE_b,EX_12,EX,EX_UND,MISUND,0,885.0,886.0,883.0,888.0,5.0,0.057600000000002184,0.9008000000000266,0.0,0.9584000000000288,2,0.3278424162393843,0.5448000000000093,0.42799999999999727,0.0,0.9728000000000065,2,0.9895760732087373,0.057600000000002184,0.057600000000002184,1,0.2880000000000109,0.2880000000000109,3,1.5013333333333776,2.927000000000021,0,0.0,0.0,0.4,0.5854000000000041,0.0,0,1,0,1,1,0,0,0,0,1,2.7240000000000464,2.7240000000000464,2,1.0699999999999932,1.3220000000000027,0,0.0,0.0,0.4,0.19079999999999017,0.0,1,0,0,0,0,1,1,0,0,0.5,0.0,0.5,0.0,0.0,0.0,0.5,0.0,0.5,0.0,0.0,0.0,0.44680851063829785,0.06382978723404255,0.5106382978723404,0.48936170212765956,1.27723824806426,0.23466983204052894,0.06394316163410356,0.9584000000000288,0.8432000000000244,1.272897196261712,0.9728000000000065,-0.116800000000012,0.48720000000000707,0.4728000000000293,0.661733656969353
EX_12-EE_b,EX_12,EX,EX_UND,UND,1,1009.0,1010.0,1007.0,1012.0,5.0,0.0,0.9599999999999909,0.0,0.9599999999999909,0,-0.0,0.0,0.9642000000000053,0.0,0.9642000000000053,0,-0.0,0.0,0.0,0,0.0,0.0,3,1.5999999999999848,3.967999999999961,0,0.0,0.0,0.0,1.0,0.0,0,1,0,1,1,0,0,0,0,0,0.0,0.0,3,1.6070000000000089,3.6609999999999445,0,0.0,0.0,0.0,1.0,0.0,0,1,0,0,0,1,1,0,0,0.0,0.0,0.0,0.0,0.0,0.0,0.0,0.0,0.0,0.0,0.0,0.0,1.0,0.0,1.0,0.0,-0.0,0.0,0.0,0.9599999999999909,0.9599999999999909,0.0,0.9642000000000053,0.9642000000000053,0.0,0.004200000000014414,0.0
EX_12-EE_b,EX_12,EX,EX_UND,PART_UND,0,1263.0,1264.0,1261.0,1266.0,5.0,0.0,1.0,0.0,1.0,0,-0.0,0.0,0.9826000000000021,0.0,0.9826000000000021,0,-0.0,0.0,0.0,0,0.0,0.0,1,5.0,5.0,0,0.0,0.0,0.0,1.0,0.0,0,1,0,1,1,0,0,0,0,0,0.0,0.0,2,2.4565000000000055,4.535000000000082,0,0.0,0.0,0.0,1.0,0.0,0,1,0,0,0,1,1,0,0,0.0,0.0,0.0,0.0,0.0,0.0,0.0,0.0,0.0,0.0,0.0,0.0,1.0,0.0,1.0,0.0,-0.0,0.0,0.0,1.0,1.0,0.0,0.9826000000000021,0.9826000000000021,0.0,0.01739999999999786,0.0
EX_12-EE_b,EX_12,EX,EX_UND,MISUND,0,1450.0,1451.0,1448.0,1453.0,5.0,0.23220000000001165,0.7327999999999975,0.0,0.9650000000000091,4,0.7960727193105674,0.5360000000000127,0.3255999999999858,0.0,0.8615999999999986,2,0.9565464808973969,0.20659999999998035,0.20659999999998035,2,0.5805000000000291,0.7650000000001,3,1.2213333333333292,2.6849999999999454,0,0.0,0.0,0.8,0.536999999999989,0.0,0,1,0,1,1,0,0,0,0,3,0.8933333333333545,1.6569999999999254,3,0.542666666666643,1.1089999999999236,0,0.0,0.0,0.4,0.3273999999999887,0.0,1,0,0,0,0,1,1,0,0,0.5,0.0,0.5,0.0,0.0,0.0,0.5,0.0,0.5,0.0,0.0,0.0,0.3953488372093023,0.2558139534883721,0.6511627906976745,0.3488372093023256,1.5624513816696837,0.4740881936777326,0.31686681222709123,0.9650000000000091,0.5005999999999858,1.646191646191757,0.8615999999999985,-0.2104000000000269,0.30380000000000107,0.40720000000001166,0.16047376158682947
EX_12-EE_b,EX_12,EX,EX_UND,MISUND,0,1891.0,1892.0,1889.0,1894.0,5.0,0.3046000000000276,0.661200000000008,0.0,0.9658000000000356,6,0.8992933823287035,0.0,0.9635999999999967,0.0,0.9635999999999967,0,-0.0,0.0,0.0,3,0.5076666666667128,0.7050000000001546,5,0.661200000000008,1.1140000000000327,0,0.0,0.0,1.2,0.07260000000001128,0.0,0,1,0,1,1,0,0,0,0,0,0.0,0.0,3,1.6059999999999945,2.6669999999999163,0,0.0,0.0,0.0,1.0,0.0,0,1,0,0,0,1,1,0,0,0.5,0.0,0.5,0.0,0.0,0.0,0.0,0.0,0.0,0.0,0.0,0.0,0.6808510638297872,0.0,0.6808510638297872,0.3191489361702128,0.9034535552068337,0.0,0.46067755595889887,0.9658000000000356,0.3565999999999804,0.0,0.9635999999999967,0.9635999999999967,0.3046000000000276,0.3023999999999887,0.8992933823287035
EX_12-EE_c,EX_12,EE,EE_UND,UND,1,743.0,744.0,741.0,746.0,5.0,0.0,0.9827999999999975,0.0,0.9827999999999975,0,-0.0,0.0,1.0,0.0,1.0,0,-0.0,0.0,0.0,0,0.0,0.0,2,2.4569999999999936,4.143000000000029,0,0.0,0.0,0.0,1.0,0.0,0,1,0,1,1,0,0,0,0,0,0.0,0.0,1,5.0,5.0,0,0.0,0.0,0.0,1.0,0.0,0,1,0,0,0,1,1,0,0,0.0,0.0,0.0,0.0,0.0,0.0,0.0,0.0,0.0,0.0,0.0,0.0,1.0,0.0,1.0,0.0,-0.0,0.0,0.0,0.9827999999999975,0.9827999999999975,0.0,1.0,1.0,0.0,0.017200000000002547,0.0
EX_12-EE_c,EX_12,EE,EE_UND,PART_UND,0,792.0,793.0,790.0,795.0,5.0,0.0,0.941399999999976,0.0,0.941399999999976,0,-0.0,0.0,0.9783999999999878,0.0,0.9783999999999878,0,-0.0,0.0,0.0,0,0.0,0.0,4,1.17674999999997,2.4279999999999973,0,0.0,0.0,0.0,1.0,0.0,0,1,0,1,1,0,0,0,0,0,0.0,0.0,2,2.4459999999999695,3.1549999999999727,0,0.0,0.0,0.0,1.0,0.0,0,1,0,0,0,1,1,0,0,0.0,0.0,0.0,0.0,0.0,0.0,0.0,0.0,0.0,0.0,0.0,0.0,1.0,0.0,1.0,0.0,-0.0,0.0,0.0,0.941399999999976,0.941399999999976,0.0,0.9783999999999878,0.9783999999999878,0.0,0.0370000000000118,0.0
EX_12-EE_c,EX_12,EE,EE_UND,PART_UND,0,825.0,826.0,823.0,828.0,5.0,0.0,0.9476000000000113,0.0,0.9476000000000113,0,-0.0,0.0,0.9816000000000031,0.0,0.9816000000000031,0,-0.0,0.0,0.0,0,0.0,0.0,4,1.184500000000014,2.508000000000038,0,0.0,0.0,0.0,1.0,0.0,0,1,0,1,1,0,0,0,0,0,0.0,0.0,2,2.4540000000000077,2.921000000000049,0,0.0,0.0,0.0,1.0,0.0,0,1,0,0,0,1,1,0,0,0.0,0.0,0.0,0.0,0.0,0.0,0.0,0.0,0.0,0.0,0.0,0.0,1.0,0.0,1.0,0.0,-0.0,0.0,0.0,0.9476000000000113,0.9476000000000113,0.0,0.9816000000000031,0.9816000000000031,0.0,0.033999999999991815,0.0
EX_12-EE_c,EX_12,EE,EE_UND,UND,1,862.0,863.0,860.0,865.0,5.0,0.0,0.969600000000014,0.0,0.969600000000014,0,-0.0,0.0,0.9807999999999992,0.0,0.9807999999999992,0,-0.0,0.0,0.0,0,0.0,0.0,2,2.424000000000035,3.090000000000032,0,0.0,0.0,0.0,1.0,0.0,0,1,0,1,1,0,0,0,0,0,0.0,0.0,2,2.451999999999998,4.3659999999999854,0,0.0,0.0,0.0,1.0,0.0,0,1,0,0,0,1,1,0,0,0.0,0.0,0.0,0.0,0.0,0.0,0.0,0.0,0.0,0.0,0.0,0.0,1.0,0.0,1.0,0.0,-0.0,0.0,0.0,0.969600000000014,0.969600000000014,0.0,0.9807999999999992,0.9807999999999992,0.0,0.011199999999985222,0.0
EX_12-EE_c,EX_12,EE,EE_UND,UND,1,973.0,974.0,971.0,976.0,5.0,0.0,1.0,0.0,1.0,0,-0.0,0.0,1.0,0.0,1.0,0,-0.0,0.0,0.0,0,0.0,0.0,1,5.0,5.0,0,0.0,0.0,0.0,1.0,0.0,0,1,0,1,1,0,0,0,0,0,0.0,0.0,1,5.0,5.0,0,0.0,0.0,0.0,1.0,0.0,0,1,0,0,0,1,1,0,0,0.0,0.0,0.0,0.0,0.0,0.0,0.0,0.0,0.0,0.0,0.0,0.0,1.0,0.0,1.0,0.0,-0.0,0.0,0.0,1.0,1.0,0.0,1.0,1.0,0.0,0.0,0.0
EX_12-EE_c,EX_12,EX,EX_UND,PART_UND,0,452.0,453.0,450.0,455.0,5.0,0.5080000000000041,0.42060000000000175,0.0,0.9286000000000059,2,0.993600396547464,1.0,0.0,0.0,1.0,0,-0.0,0.5080000000000041,0.5080000000000041,3,0.8466666666666735,1.4049999999999727,3,0.7010000000000028,1.2379999999999995,0,0.0,0.0,0.4,0.0,0.132000000000005,1,0,0,0,0,1,1,0,0,1,5.0,5.0,0,0.0,0.0,0,0.0,0.0,0.0,0.0,1.0,1,0,0,1,1,0,0,0,0,0.5,0.0,0.5,0.0,0.0,0.0,0.0,0.0,0.0,0.0,0.0,0.0,0.0,0.5531914893617021,0.5531914893617021,0.44680851063829785,0.9918207974218424,0.0,1.2077983832620114,0.9286000000000059,-0.08740000000000236,50.0,1.0,-1.0,0.4919999999999959,0.42060000000000175,0.993600396547464
EX_12-EE_c,EX_12,EX,EX_UND,MISUND,0,532.0,533.0,530.0,535.0,5.0,0.36560000000001763,0.3635999999999967,0.14079999999999018,0.8700000000000045,4,1.476847493248334,0.97800000000002,0.0,0.0,0.97800000000002,0,-0.0,0.36560000000001763,0.36560000000001763,3,0.6093333333333627,0.8319999999999936,2,0.9089999999999918,1.1029999999999518,1,0.7039999999999509,0.7039999999999509,0.8,0.0,0.21639999999999873,1,0,0,0,1,1,0,0,0,2,2.44500000000005,3.1760000000000446,0,0.0,0.0,0,0.0,0.0,0.0,0.0,1.0,1,0,0,1,1,0,0,0,0,0.25,0.25,0.25,0.0,0.0,0.25,0.0,0.0,0.0,0.0,0.0,0.0,0.0,0.4418604651162791,0.4418604651162791,0.4186046511627907,1.4430310852668262,0.0,1.0055005500550631,0.7292000000000143,-0.0020000000000209295,48.900000000001,0.97800000000002,-0.97800000000002,0.6124000000000023,0.3635999999999967,1.476847493248334
EX_12-EE_c,EX_12,EX,EX_UND,PART_UND,0,728.0,729.0,726.0,731.0,5.0,0.0,0.9819999999999937,0.0,0.9819999999999937,0,-0.0,0.0,1.0,0.0,1.0,0,-0.0,0.0,0.0,0,0.0,0.0,2,2.454999999999984,4.432999999999993,0,0.0,0.0,0.0,1.0,0.0,0,1,0,1,1,0,0,0,0,0,0.0,0.0,1,5.0,5.0,0,0.0,0.0,0.0,1.0,0.0,0,1,0,0,0,1,1,0,0,0.0,0.0,0.0,0.0,0.0,0.0,0.0,0.0,0.0,0.0,0.0,0.0,1.0,0.0,1.0,0.0,-0.0,0.0,0.0,0.9819999999999937,0.9819999999999937,0.0,1.0,1.0,0.0,0.018000000000006344,0.0
EX_12-EE_c,EX_12,EX,EX_UND,UND,1,816.0,817.0,814.0,819.0,5.0,0.26400000000001,0.4305999999999813,0.1683999999999969,0.8629999999999882,6,1.4832258712277557,0.09639999999999418,0.9036000000000058,0.0,1.0,2,0.4574788608836713,0.06759999999999308,0.06759999999999308,3,0.44000000000001666,0.5230000000000246,2,1.0764999999999532,1.349999999999909,2,0.42099999999999227,0.5539999999999736,1.2,0.0,0.3746000000000095,0,1,0,0,1,1,0,0,0,1,0.4819999999999709,0.4819999999999709,2,2.2590000000000146,4.5090000000000146,0,0.0,0.0,0.4,0.0018000000000029104,0.0,0,1,0,0,0,1,1,0,0,0.16666666666666666,0.3333333333333333,0.16666666666666666,0.0,0.16666666666666666,0.16666666666666666,0.5,0.0,0.5,0.0,0.0,0.0,0.5,0.06818181818181818,0.5681818181818182,0.22727272727272727,1.8212119808859875,0.31504854090528794,0.613098002786859,0.6945999999999912,0.16659999999997127,0.1066843736166374,1.0,0.8072000000000117,0.16760000000001582,0.47300000000002457,1.0257470103440844
EX_12-EE_c,EX_12,EX,EX_UND,NON_UND,0,858.0,859.0,856.0,861.0,5.0,0.26400000000001,0.7061999999999898,0.0,0.9701999999999998,2,0.8444744445614321,0.0,0.9807999999999992,0.0,0.9807999999999992,0,-0.0,0.0,0.0,1,1.32000000000005,1.32000000000005,3,1.176999999999983,1.606999999999971,0,0.0,0.0,0.4,0.40139999999998965,0.0,0,1,0,1,1,0,0,0,0,0,0.0,0.0,2,2.451999999999998,4.538000000000011,0,0.0,0.0,0.0,1.0,0.0,0,1,0,0,0,1,1,0,0,0.5,0.0,0.5,0.0,0.0,0.0,0.0,0.0,0.0,0.0,0.0,0.0,0.7346938775510204,0.0,0.7346938775510204,0.2653061224489796,0.8346482851813828,0.0,0.3738317757009541,0.9701999999999998,0.44219999999997983,0.0,0.9807999999999992,0.9807999999999992,0.26400000000001,0.2746000000000094,0.8444744445614321
EX_12-EE_c,EX_12,EX,EX_UND,UND,1,1091.0,1092.0,1089.0,1094.0,5.0,0.0,0.9878000000000157,0.0,0.9878000000000157,0,-0.0,0.0,1.0,0.0,1.0,0,-0.0,0.0,0.0,0,0.0,0.0,2,2.469500000000039,3.4020000000000437,0,0.0,0.0,0.0,1.0,0.0,0,1,0,1,1,0,0,0,0,0,0.0,0.0,1,5.0,5.0,0,0.0,0.0,0.0,1.0,0.0,0,1,0,0,0,1,1,0,0,0.0,0.0,0.0,0.0,0.0,0.0,0.0,0.0,0.0,0.0,0.0,0.0,1.0,0.0,1.0,0.0,-0.0,0.0,0.0,0.9878000000000157,0.9878000000000157,0.0,1.0,1.0,0.0,0.012199999999984334,0.0
EX_12-EE_c,EX_12,EX,EX_UND,UND,1,1154.0,1155.0,1152.0,1157.0,5.0,0.0,1.0,0.0,1.0,0,-0.0,0.0,1.0,0.0,1.0,0,-0.0,0.0,0.0,0,0.0,0.0,1,5.0,5.0,0,0.0,0.0,0.0,1.0,0.0,0,1,0,1,1,0,0,0,0,0,0.0,0.0,1,5.0,5.0,0,0.0,0.0,0.0,1.0,0.0,0,1,0,0,0,1,1,0,0,0.0,0.0,0.0,0.0,0.0,0.0,0.0,0.0,0.0,0.0,0.0,0.0,1.0,0.0,1.0,0.0,-0.0,0.0,0.0,1.0,1.0,0.0,1.0,1.0,0.0,0.0,0.0
EX_12-EE_c,EX_12,EX,EX_UND,UND,1,1176.0,1177.0,1174.0,1179.0,5.0,0.0,0.9629999999999654,0.0,0.9629999999999654,0,-0.0,0.04140000000002146,0.9585999999999786,0.0,1.0,2,0.24867472238933694,0.0,0.0,0,0.0,0.0,3,1.6049999999999425,3.038000000000011,0,0.0,0.0,0.0,1.0,0.0,0,1,0,1,1,0,0,0,0,1,0.20700000000010732,0.20700000000010732,2,2.3964999999999463,2.6269999999999527,0,0.0,0.0,0.4,0.433199999999988,0.0,0,1,0,0,0,1,1,0,0,0.0,0.0,0.0,0.0,0.0,0.0,0.5,0.0,0.5,0.0,0.0,0.0,0.9583333333333334,0.0,0.9583333333333334,0.041666666666666664,0.24988229283318544,0.0,0.0,0.9629999999999654,0.9629999999999654,0.043187982474465245,1.0,0.9171999999999572,0.04140000000002146,0.004399999999986859,0.24867472238933694
EX_12-EE_c,EX_12,EX,EX_UND,UND,1,1420.0,1421.0,1418.0,1423.0,5.0,0.0,0.9710000000000036,0.0,0.9710000000000036,0,-0.0,0.0,1.0,0.0,1.0,0,-0.0,0.0,0.0,0,0.0,0.0,2,2.427500000000009,3.313000000000102,0,0.0,0.0,0.0,1.0,0.0,0,1,0,1,1,0,0,0,0,0,0.0,0.0,1,5.0,5.0,0,0.0,0.0,0.0,1.0,0.0,0,1,0,0,0,1,1,0,0,0.0,0.0,0.0,0.0,0.0,0.0,0.0,0.0,0.0,0.0,0.0,0.0,1.0,0.0,1.0,0.0,-0.0,0.0,0.0,0.9710000000000036,0.9710000000000036,0.0,1.0,1.0,0.0,0.028999999999996362,0.0
EX_13-EE_a,EX_13,EE,EE_UND,MISUND,0,97.94,98.94,95.94,100.94,5.0,0.0,0.9300000000000012,0.0,0.9300000000000012,0,-0.0,0.703400000000002,0.27479999999999905,0.0,0.9782000000000011,5,0.8567069709574416,0.0,0.0,0,0.0,0.0,6,0.7750000000000009,1.5660000000000025,0,0.0,0.0,0.0,1.0,0.0,0,1,0,1,1,0,0,0,0,3,1.1723333333333368,2.1060000000000088,3,0.4579999999999984,0.8439999999999941,0,0.0,0.0,1.0,0.0,0.17539999999999906,1,0,0,1,0,0,1,0,0,0.0,0.0,0.0,0.0,0.0,0.0,0.6,0.0,0.4,0.0,0.0,0.0,0.2765957446808511,0.0,0.2765957446808511,0.723404255319149,0.8507707040532599,0.0,0.0,0.9300000000000012,0.9300000000000012,2.559679767103364,0.9782000000000011,-0.428600000000003,0.703400000000002,0.6552000000000021,0.8567069709574416
EX_13-EE_a,EX_13,EE,EE_UND,NON_UND,0,274.74,275.74,272.74,277.74,5.0,0.0,0.9049999999999727,0.0,0.9049999999999727,0,-0.0,0.9744000000000028,0.0,0.0,0.9744000000000028,0,-0.0,0.0,0.0,0,0.0,0.0,7,0.6464285714285519,1.0199999999999818,0,0.0,0.0,0.0,1.0,0.0,0,1,0,1,1,0,0,0,0,2,2.436000000000007,2.5670000000000073,0,0.0,0.0,0,0.0,0.0,0.0,0.0,1.0,1,0,0,1,1,0,0,0,0,0.0,0.0,0.0,0.0,0.0,0.0,0.0,0.0,0.0,0.0,0.0,0.0,0.0,0.0,0.0,1.0,-0.0,0.0,0.0,0.9049999999999727,0.9049999999999727,48.72000000000014,0.9744000000000028,-0.9744000000000028,0.9744000000000028,0.9049999999999727,0.0
EX_13-EE_a,EX_13,EE,EE_UND,NON_UND,0,319.7,320.7,317.7,322.7,5.0,0.44460000000000266,0.045799999999996996,0.0,0.4903999999999996,3,0.4476954245826055,0.25019999999999526,0.34339999999999693,0.37140000000000556,0.9649999999999977,3,1.5655550789240082,0.08600000000000137,0.08600000000000137,2,1.1115000000000066,1.5389999999999873,2,0.1144999999999925,0.22100000000000364,0,0.0,0.0,0.6,0.0,0.1518000000000029,1,0,0,0,1,1,0,0,0,1,1.2509999999999764,1.2509999999999764,2,0.8584999999999923,1.5339999999999918,1,1.8570000000000277,1.8570000000000277,0.6,0.05080000000000382,0.0,0,0,1,0,0,1,1,0,0,0.6666666666666666,0.0,0.3333333333333333,0.0,0.0,0.0,0.0,0.3333333333333333,0.3333333333333333,0.0,0.0,0.3333333333333333,0.0,0.17391304347826086,0.17391304347826086,0.782608695652174,1.306170651709187,-0.5194624816493196,9.70742358078672,0.49039999999999967,-0.39880000000000565,0.7285963890506625,0.5935999999999921,0.09320000000000167,0.1944000000000074,0.2975999999999999,1.1178596543414028
EX_13-EE_a,EX_13,EE,EE_UND,PART_UND,0,383.94,384.94,381.94,386.94,5.0,0.0,1.0,0.0,1.0,0,-0.0,0.0,1.0,0.0,1.0,0,-0.0,0.0,0.0,0,0.0,0.0,1,5.0,5.0,0,0.0,0.0,0.0,1.0,0.0,0,1,0,1,1,0,0,0,0,0,0.0,0.0,1,5.0,5.0,0,0.0,0.0,0.0,1.0,0.0,0,1,0,0,0,1,1,0,0,0.0,0.0,0.0,0.0,0.0,0.0,0.0,0.0,0.0,0.0,0.0,0.0,1.0,0.0,1.0,0.0,-0.0,0.0,0.0,1.0,1.0,0.0,1.0,1.0,0.0,0.0,0.0
EX_13-EE_a,EX_13,EE,EE_UND,PART_UND,0,583.02,584.02,581.02,586.02,5.0,0.0,0.9754000000000133,0.0,0.9754000000000133,0,-0.0,0.6074000000000069,0.3619999999999891,0.0,0.969399999999996,3,0.9532670333482985,0.0,0.0,0,0.0,0.0,3,1.6256666666666888,3.0450000000000728,0,0.0,0.0,0.0,1.0,0.0,0,1,0,1,1,0,0,0,0,2,1.5185000000000173,1.5639999999999645,2,0.9049999999999727,1.0009999999999764,0,0.0,0.0,0.6,0.0,0.294600000000014,1,0,0,1,0,0,1,0,0,0.0,0.0,0.0,0.0,0.0,0.0,0.6666666666666666,0.0,0.3333333333333333,0.0,0.0,0.0,0.34782608695652173,0.0,0.34782608695652173,0.6521739130434783,0.9321115676166747,0.0,0.0,0.9754000000000133,0.9754000000000133,1.6779005524862576,0.969399999999996,-0.24540000000001783,0.6074000000000069,0.6134000000000241,0.9532670333482985
EX_13-EE_a,EX_13,EE,EE_UND,PART_UND,0,620.38,621.38,618.38,623.38,5.0,0.06739999999999782,0.889799999999991,0.0,0.957199999999989,2,0.36746562992809617,0.17899999999999636,0.7627999999999929,0.0,0.9417999999999893,2,0.7016002714828855,0.008999999999991815,0.008999999999991815,1,0.3369999999999891,0.3369999999999891,3,1.4829999999999852,2.2719999999999345,0,0.0,0.0,0.4,0.06420000000000528,0.0,0,1,0,1,1,0,0,0,0,1,0.8949999999999818,0.8949999999999818,3,1.2713333333333214,1.8799999999999955,0,0.0,0.0,0.4,0.12260000000001128,0.0,0,1,0,0,0,1,1,0,0,0.5,0.0,0.5,0.0,0.0,0.0,0.5,0.0,0.5,0.0,0.0,0.0,0.7727272727272727,0.0,0.7727272727272727,0.22727272727272727,0.879816581921562,-0.07733088933397005,0.07574735895706732,0.9571999999999888,0.8223999999999932,0.23466177241740693,0.9417999999999893,0.5837999999999965,0.11159999999999853,0.12699999999999811,0.33413464155478934
EX_13-EE_a,EX_13,EE,EE_UND,MISUND,0,669.46,670.46,667.46,672.46,5.0,0.2091999999999871,0.7216000000000349,0.0,0.930800000000022,2,0.7687516842278939,0.5100000000000137,0.4707999999999856,0.0,0.9807999999999992,1,0.9988474190306331,0.13279999999999745,0.13279999999999745,1,1.0459999999999354,1.0459999999999354,4,0.9020000000000437,1.1639999999999873,0,0.0,0.0,0.4,0.41359999999999675,0.0,0,1,0,1,1,0,0,0,0,1,2.550000000000068,2.550000000000068,1,2.353999999999928,2.353999999999928,0,0.0,0.0,0.2,0.48999999999998634,0.0,1,0,0,0,1,1,0,0,0,0.5,0.0,0.5,0.0,0.0,0.0,0.0,0.0,1.0,0.0,0.0,0.0,0.43478260869565216,0.15217391304347827,0.5869565217391305,0.41304347826086957,1.7225851331371447,0.21081851067789195,0.2899113082039592,0.9308000000000219,0.5124000000000478,1.0832625318607247,0.9807999999999992,-0.039200000000028046,0.3008000000000266,0.25080000000004926,0.23009573480273926
EX_13-EE_a,EX_13,EE,EE_UND,MISUND,0,733.38,734.38,731.38,736.38,5.0,0.0,1.0,0.0,1.0,0,-0.0,0.0,1.0,0.0,1.0,0,-0.0,0.0,0.0,0,0.0,0.0,1,5.0,5.0,0,0.0,0.0,0.0,1.0,0.0,0,1,0,1,1,0,0,0,0,0,0.0,0.0,1,5.0,5.0,0,0.0,0.0,0.0,1.0,0.0,0,1,0,0,0,1,1,0,0,0.0,0.0,0.0,0.0,0.0,0.0,0.0,0.0,0.0,0.0,0.0,0.0,1.0,0.0,1.0,0.0,-0.0,0.0,0.0,1.0,1.0,0.0,1.0,1.0,0.0,0.0,0.0
EX_13-EE_a,EX_13,EE,EE_UND,MISUND,0,747.98,748.98,745.98,750.98,5.0,0.10339999999998781,0.8764000000000124,0.0,0.9798000000000002,1,0.4862894495491985,0.14600000000000363,0.8283999999999878,0.0,0.9743999999999915,2,0.6094292325287696,0.0,0.0,1,0.5169999999999391,0.5169999999999391,2,2.191000000000031,2.4429999999999836,0,0.0,0.0,0.2,0.0,0.10339999999998781,0,1,0,0,1,1,0,0,0,1,0.7300000000000182,0.7300000000000182,2,2.0709999999999695,2.149000000000001,0,0.0,0.0,0.4,0.39859999999998763,0.0,0,1,0,0,0,1,1,0,0,1.0,0.0,0.0,0.0,0.0,0.0,0.5,0.0,0.5,0.0,0.0,0.0,0.7291666666666666,0.0,0.7291666666666666,0.2708333333333333,1.1123340621419064,-0.15617376188860607,0.11798265632129888,0.9798000000000002,0.7730000000000246,0.17624336069532323,0.9743999999999915,0.6823999999999841,0.04260000000001582,0.04800000000002458,0.12313978297957107
EX_13-EE_a,EX_13,EE,EE_UND,PART_UND,0,807.58,808.58,805.58,810.58,5.0,0.0,0.9794000000000096,0.0,0.9794000000000096,0,-0.0,0.0,1.0,0.0,1.0,0,-0.0,0.0,0.0,0,0.0,0.0,2,2.448500000000024,2.7080000000000837,0,0.0,0.0,0.0,1.0,0.0,0,1,0,1,1,0,0,0,0,0,0.0,0.0,1,5.0,5.0,0,0.0,0.0,0.0,1.0,0.0,0,1,0,0,0,1,1,0,0,0.0,0.0,0.0,0.0,0.0,0.0,0.0,0.0,0.0,0.0,0.0,0.0,1.0,0.0,1.0,0.0,-0.0,0.0,0.0,0.9794000000000096,0.9794000000000096,0.0,1.0,1.0,0.0,0.020599999999990404,0.0
EX_13-EE_a,EX_13,EE,EE_UND,UND,1,836.58,837.58,834.58,839.58,5.0,0.12079999999998563,0.8180000000000291,0.0,0.9388000000000147,1,0.5537928731414838,0.06839999999999691,0.9111999999999852,0.0,0.9795999999999822,1,0.3652680719259282,0.06440000000000054,0.06440000000000054,1,0.6039999999999281,0.6039999999999281,3,1.363333333333382,2.050000000000068,0,0.0,0.0,0.2,0.003999999999996362,0.14399999999998273,0,1,0,0,1,1,0,0,0,1,0.34199999999998454,0.34199999999998454,2,2.277999999999963,2.4809999999999945,0,0.0,0.0,0.2,0.0,0.06839999999999691,0,1,0,1,0,0,1,0,0,1.0,0.0,0.0,0.0,0.0,0.0,1.0,0.0,0.0,0.0,0.0,0.0,0.8666666666666667,0.06666666666666667,0.9333333333333333,0.06666666666666667,0.6998428398862386,0.681385143869247,0.1476772616136691,0.9388000000000147,0.6972000000000436,0.07506584723441398,0.9795999999999822,0.8427999999999883,0.05239999999998872,0.0931999999999561,0.18852480121555565
EX_13-EE_a,EX_13,EE,EE_UND,MISUND,0,853.62,854.62,851.62,856.62,5.0,0.0,0.9048000000000229,0.0,0.9048000000000229,0,-0.0,0.09880000000000563,0.9011999999999943,0.0,1.0,1,0.46518010073913363,0.0,0.0,0,0.0,0.0,3,1.5080000000000382,3.9890000000000327,0,0.0,0.0,0.0,1.0,0.0,0,1,0,1,1,0,0,0,0,1,0.4940000000000282,0.4940000000000282,1,4.505999999999972,4.505999999999972,0,0.0,0.0,0.2,0.0,0.09880000000000563,0,1,0,1,0,0,1,0,0,0.0,0.0,0.0,0.0,0.0,0.0,1.0,0.0,0.0,0.0,0.0,0.0,0.9555555555555556,0.0,0.9555555555555556,0.044444444444444446,0.2623112196143366,0.0,0.0,0.9048000000000229,0.9048000000000229,0.10963160230804067,1.0,0.8023999999999887,0.09880000000000563,0.0036000000000285803,0.46518010073913363
EX_13-EE_a,EX_13,EE,EE_UND,NON_UND,0,1026.82,1027.82,1024.82,1029.82,5.0,0.0,1.0,0.0,1.0,0,-0.0,0.0,1.0,0.0,1.0,0,-0.0,0.0,0.0,0,0.0,0.0,1,5.0,5.0,0,0.0,0.0,0.0,1.0,0.0,0,1,0,1,1,0,0,0,0,0,0.0,0.0,1,5.0,5.0,0,0.0,0.0,0.0,1.0,0.0,0,1,0,0,0,1,1,0,0,0.0,0.0,0.0,0.0,0.0,0.0,0.0,0.0,0.0,0.0,0.0,0.0,1.0,0.0,1.0,0.0,-0.0,0.0,0.0,1.0,1.0,0.0,1.0,1.0,0.0,0.0,0.0
EX_13-EE_a,EX_13,EX,EX_UND,PART_UND,0,162.7,163.7,160.7,165.7,5.0,0.13040000000000304,0.6786000000000059,0.07699999999999818,0.886000000000007,3,1.0078307348482063,0.9265999999999963,0.056999999999999315,0.0,0.9835999999999956,2,0.31925440687851325,0.13040000000000304,0.13040000000000304,1,0.6520000000000152,0.6520000000000152,5,0.6786000000000059,0.9930000000000234,2,0.19249999999999545,0.2669999999999959,0.6,0.0,0.14600000000000363,0,1,0,0,1,1,0,0,0,3,1.5443333333333271,1.9410000000000025,1,0.2849999999999966,0.2849999999999966,0,0.0,0.0,0.4,0.0,0.5652000000000044,1,0,0,1,1,0,0,0,0,0.3333333333333333,0.0,0.0,0.3333333333333333,0.0,0.3333333333333333,0.5,0.0,0.5,0.0,0.0,0.0,0.06818181818181818,0.1590909090909091,0.22727272727272727,0.6818181818181818,1.3773159408004279,0.1176567524797749,0.1921603300913674,0.8090000000000089,0.5482000000000028,16.256140350877324,0.9835999999999956,-0.869599999999997,0.7961999999999932,0.6216000000000066,0.688576327969693
EX_13-EE_a,EX_13,EX,EX_UND,UND,1,283.22,284.22,281.22,286.22,5.0,0.1616000000000099,0.4605999999999881,0.3383999999999901,0.9605999999999881,3,1.4713175918938255,1.0,0.0,0.0,1.0,0,-0.0,0.1616000000000099,0.1616000000000099,1,0.8080000000000496,0.8080000000000496,2,1.1514999999999702,1.863999999999976,1,1.6919999999999504,1.6919999999999504,0.6,0.83839999999999,0.0,0,1,0,1,0,0,1,0,0,1,5.0,5.0,0,0.0,0.0,0,0.0,0.0,0.0,0.0,1.0,1,0,0,1,1,0,0,0,0,0.0,0.0,0.3333333333333333,0.3333333333333333,0.0,0.3333333333333333,0.0,0.0,0.0,0.0,0.0,0.0,0.0,0.16666666666666666,0.16666666666666666,0.4791666666666667,1.4697793071676757,0.0,0.3508467216674209,0.622199999999998,0.29899999999997817,50.0,1.0,-1.0,0.83839999999999,0.4605999999999881,1.4713175918938255
EX_13-EE_a,EX_13,EX,EX_UND,PART_UND,0,319.74,320.74,317.74,322.74,5.0,0.43659999999999854,0.05380000000000109,0.0,0.4903999999999996,3,0.49902962198906387,0.25019999999999526,0.34339999999999693,0.37140000000000556,0.9649999999999977,3,1.5655550789240082,0.08600000000000137,0.08600000000000137,2,1.0914999999999964,1.5389999999999873,2,0.13450000000000273,0.22100000000000364,0,0.0,0.0,0.6,0.0,0.14379999999999882,1,0,0,0,1,1,0,0,0,1,1.2509999999999764,1.2509999999999764,2,0.8584999999999923,1.5740000000000123,1,1.8570000000000277,1.8570000000000277,0.6,0.04279999999999973,0.0,0,0,1,0,0,1,1,0,0,0.6666666666666666,0.0,0.3333333333333333,0.0,0.0,0.0,0.0,0.3333333333333333,0.3333333333333333,0.0,0.0,0.3333333333333333,0.0,0.18181818181818182,0.18181818181818182,0.7727272727272727,1.3410971216314893,-0.5163977794943223,8.115241635687541,0.4903999999999996,-0.3827999999999975,0.7285963890506625,0.5935999999999921,0.09320000000000167,0.18640000000000329,0.28959999999999586,1.0665254569349445
EX_13-EE_a,EX_13,EX,EX_UND,NON_UND,0,424.78,425.78,422.78,427.78,5.0,0.0,1.0,0.0,1.0,0,-0.0,0.0,1.0,0.0,1.0,0,-0.0,0.0,0.0,0,0.0,0.0,1,5.0,5.0,0,0.0,0.0,0.0,1.0,0.0,0,1,0,1,1,0,0,0,0,0,0.0,0.0,1,5.0,5.0,0,0.0,0.0,0.0,1.0,0.0,0,1,0,0,0,1,1,0,0,0.0,0.0,0.0,0.0,0.0,0.0,0.0,0.0,0.0,0.0,0.0,0.0,1.0,0.0,1.0,0.0,-0.0,0.0,0.0,1.0,1.0,0.0,1.0,1.0,0.0,0.0,0.0
EX_13-EE_a,EX_13,EX,EX_UND,NON_UND,0,503.42,504.42,501.42,506.42,5.0,0.0,1.0,0.0,1.0,0,-0.0,0.0,0.9811999999999899,0.0,0.9811999999999899,0,-0.0,0.0,0.0,0,0.0,0.0,1,5.0,5.0,0,0.0,0.0,0.0,1.0,0.0,0,1,0,1,1,0,0,0,0,0,0.0,0.0,2,2.4529999999999745,4.699999999999989,0,0.0,0.0,0.0,1.0,0.0,0,1,0,0,0,1,1,0,0,0.0,0.0,0.0,0.0,0.0,0.0,0.0,0.0,0.0,0.0,0.0,0.0,1.0,0.0,1.0,0.0,-0.0,0.0,0.0,1.0,1.0,0.0,0.9811999999999899,0.9811999999999899,0.0,0.018800000000010142,0.0
EX_13-EE_a,EX_13,EX,EX_UND,PART_UND,0,541.82,542.82,539.82,544.82,5.0,0.0,0.9444000000000188,0.0,0.9444000000000188,0,-0.0,0.06240000000000236,0.9375999999999977,0.0,1.0,2,0.3368992543861547,0.0,0.0,0,0.0,0.0,4,1.1805000000000234,2.150000000000091,0,0.0,0.0,0.0,1.0,0.0,0,1,0,1,1,0,0,0,0,1,0.3120000000000118,0.3120000000000118,2,2.343999999999994,3.3999999999999773,0,0.0,0.0,0.4,0.6799999999999955,0.0,0,1,0,0,0,1,1,0,0,0.0,0.0,0.0,0.0,0.0,0.0,0.5,0.0,0.5,0.0,0.0,0.0,0.9166666666666666,0.0,0.9166666666666666,0.08333333333333333,0.41381685030363374,0.0,0.0,0.9444000000000188,0.9444000000000188,0.06655290102389347,1.0,0.8751999999999953,0.06240000000000236,0.0068000000000211225,0.3368992543861547
EX_13-EE_a,EX_13,EX,EX_UND,PART_UND,0,571.3,572.3,569.3,574.3,5.0,0.5875999999999977,0.34339999999999693,0.0,0.9309999999999945,4,0.9497855388508781,0.5549999999999955,0.40180000000000293,0.0,0.9567999999999983,2,0.9814266303328082,0.2932000000000016,0.2932000000000016,3,0.9793333333333294,1.9839999999999236,2,0.8584999999999923,0.9139999999999873,0,0.0,0.0,0.8,0.0,0.1686000000000149,1,0,0,0,0,1,1,0,0,3,0.9249999999999924,1.7590000000000146,1,2.0090000000000146,2.0090000000000146,0,0.0,0.0,0.4,0.0,0.47560000000000857,1,0,0,1,1,0,0,0,0,0.5,0.0,0.5,0.0,0.0,0.0,0.5,0.0,0.5,0.0,0.0,0.0,0.08888888888888889,0.3333333333333333,0.4222222222222222,0.5777777777777777,1.8638427480348785,-0.2226996670415222,1.7111240535818373,0.9309999999999946,-0.24420000000000075,1.3812842210054541,0.9567999999999984,-0.15319999999999256,0.03260000000000218,0.058400000000006,0.03164109148193006
EX_13-EE_a,EX_13,EX,EX_UND,PART_UND,0,587.66,588.66,585.66,590.66,5.0,0.0,0.9110000000000127,0.0,0.9110000000000127,0,-0.0,0.8107999999999947,0.18920000000000528,0.0,1.0,2,0.6997949189066852,0.0,0.0,0,0.0,0.0,6,0.7591666666666773,1.5049999999999955,0,0.0,0.0,0.0,1.0,0.0,0,1,0,1,1,0,0,0,0,1,4.053999999999974,4.053999999999974,2,0.4730000000000132,0.886000000000081,0,0.0,0.0,0.4,0.17720000000001618,0.0,1,0,0,0,0,1,1,0,0,0.0,0.0,0.0,0.0,0.0,0.0,0.5,0.0,0.5,0.0,0.0,0.0,0.1956521739130435,0.0,0.1956521739130435,0.8043478260869565,0.7131467486384921,0.0,0.0,0.9110000000000127,0.9110000000000127,4.285412262156301,1.0,-0.6215999999999895,0.8107999999999947,0.7218000000000074,0.6997949189066852
EX_13-EE_a,EX_13,EX,EX_UND,MISUND,0,633.1,634.1,631.1,636.1,5.0,0.0,0.9653999999999996,0.0,0.9653999999999996,0,-0.0,0.0,1.0,0.0,1.0,0,-0.0,0.0,0.0,0,0.0,0.0,3,1.6089999999999993,2.649000000000001,0,0.0,0.0,0.0,1.0,0.0,0,1,0,1,1,0,0,0,0,0,0.0,0.0,1,5.0,5.0,0,0.0,0.0,0.0,1.0,0.0,0,1,0,0,0,1,1,0,0,0.0,0.0,0.0,0.0,0.0,0.0,0.0,0.0,0.0,0.0,0.0,0.0,1.0,0.0,1.0,0.0,-0.0,0.0,0.0,0.9653999999999996,0.9653999999999996,0.0,1.0,1.0,0.0,0.03460000000000041,0.0
EX_13-EE_a,EX_13,EX,EX_UND,MISUND,0,675.34,676.34,673.34,678.34,5.0,0.11820000000000164,0.8554000000000087,0.0,0.9736000000000103,1,0.5333863249446251,0.1324000000000069,0.867599999999993,0.0,1.0,2,0.5639836475237276,0.03640000000000328,0.03640000000000328,1,0.5910000000000082,0.5910000000000082,1,4.277000000000044,4.277000000000044,0,0.0,0.0,0.2,0.0,0.14459999999999126,0,1,0,0,1,1,0,0,0,2,0.3310000000000173,0.4800000000000182,1,4.337999999999965,4.337999999999965,0,0.0,0.0,0.4,0.0,0.03640000000000328,0,1,0,1,1,0,0,0,0,1.0,0.0,0.0,0.0,0.0,0.0,0.5,0.0,0.5,0.0,0.0,0.0,0.7916666666666666,0.041666666666666664,0.8333333333333334,0.16666666666666666,1.0553532192449844,0.23809523809523808,0.1381809679682025,0.9736000000000103,0.7372000000000071,0.15260488704473024,1.0,0.7351999999999861,0.014200000000005264,0.012199999999984334,0.030597322579102526
EX_13-EE_a,EX_13,EX,EX_UND,UND,1,690.22,691.22,688.22,693.22,5.0,0.10480000000000018,0.8386000000000194,0.0,0.9434000000000197,4,0.5031876643388896,0.0,0.983199999999988,0.0,0.983199999999988,0,-0.0,0.0,0.0,2,0.26200000000000045,0.36099999999999,5,0.8386000000000194,1.0639999999999645,0,0.0,0.0,0.8,0.11179999999999382,0.0,0,1,0,1,1,0,0,0,0,0,0.0,0.0,2,2.45799999999997,3.5529999999999973,0,0.0,0.0,0.0,1.0,0.0,0,1,0,0,0,1,1,0,0,0.5,0.0,0.5,0.0,0.0,0.0,0.0,0.0,0.0,0.0,0.0,0.0,0.8888888888888888,0.0,0.8888888888888888,0.1111111111111111,0.5032583347756457,0.0,0.12497018840925084,0.9434000000000197,0.7338000000000192,0.0,0.983199999999988,0.983199999999988,0.10480000000000018,0.14459999999996853,0.5031876643388896
EX_13-EE_a,EX_13,EX,EX_UND,PART_UND,0,744.58,745.58,742.58,747.58,5.0,0.40259999999998397,0.5624000000000023,0.0,0.9649999999999863,2,0.9801278063724111,0.26200000000001183,0.7153999999999996,0.0,0.9774000000000115,3,0.8386643293264033,0.11539999999999964,0.11539999999999964,1,2.01299999999992,2.01299999999992,3,0.9373333333333372,1.3689999999999145,0,0.0,0.0,0.4,0.38079999999999925,0.0,0,1,0,1,1,0,0,0,0,3,0.43666666666668635,0.8369999999999891,2,1.788499999999999,2.5190000000000055,0,0.0,0.0,0.6,0.0,0.11720000000000255,0,1,0,1,0,0,1,0,0,0.5,0.0,0.5,0.0,0.0,0.0,0.6666666666666666,0.0,0.3333333333333333,0.0,0.0,0.0,0.44680851063829785,0.10638297872340426,0.5531914893617021,0.44680851063829785,1.7681752284596481,0.03243745600673015,0.7158605974395134,0.9649999999999863,0.15980000000001837,0.3662286832541403,0.9774000000000114,0.45339999999998776,0.14059999999997214,0.15299999999999725,0.1414634770460078
EX_13-EE_a,EX_13,EX,EX_UND,UND,1,749.86,750.86,747.86,752.86,5.0,0.0,0.9798000000000002,0.0,0.9798000000000002,0,-0.0,0.14600000000000363,0.8283999999999878,0.0,0.9743999999999915,2,0.6094292325287696,0.0,0.0,0,0.0,0.0,2,2.4495000000000005,4.322999999999979,0,0.0,0.0,0.0,1.0,0.0,0,1,0,1,1,0,0,0,0,1,0.7300000000000182,0.7300000000000182,2,2.0709999999999695,4.028999999999996,0,0.0,0.0,0.4,0.02259999999998854,0.0,0,1,0,0,0,1,1,0,0,0.0,0.0,0.0,0.0,0.0,0.0,0.5,0.0,0.5,0.0,0.0,0.0,0.875,0.0,0.875,0.125,0.5435644431995964,0.0,0.0,0.9798000000000002,0.9798000000000002,0.17624336069532323,0.9743999999999915,0.6823999999999841,0.14600000000000363,0.1514000000000124,0.6094292325287696
EX_13-EE_a,EX_13,EX,EX_UND,PART_UND,0,803.54,804.54,801.54,806.54,5.0,0.0711999999999989,0.8923999999999979,0.0,0.9635999999999967,2,0.3802739602664059,0.14860000000001036,0.827599999999984,0.0,0.9761999999999944,1,0.6153752823759095,0.0,0.0,1,0.35599999999999454,0.35599999999999454,3,1.4873333333333296,1.9189999999999827,0,0.0,0.0,0.4,0.15340000000001056,0.0,0,1,0,1,1,0,0,0,0,1,0.7430000000000518,0.7430000000000518,1,4.13799999999992,4.13799999999992,0,0.0,0.0,0.2,0.0,0.172400000000016,0,1,0,1,0,0,1,0,0,0.5,0.0,0.5,0.0,0.0,0.0,1.0,0.0,0.0,0.0,0.0,0.0,0.7872340425531915,0.0,0.7872340425531915,0.2127659574468085,0.934245309447045,-0.1092328621881629,0.07978484984311864,0.9635999999999968,0.8211999999999989,0.1795553407443369,0.9761999999999944,0.6789999999999736,0.07740000000001146,0.06480000000001385,0.23510132210950363
EX_13-EE_a,EX_13,EX,EX_UND,MISUND,0,839.02,840.02,837.02,842.02,5.0,0.0,0.9620000000000118,0.0,0.9620000000000118,0,-0.0,0.09680000000000746,0.8873999999999796,0.0,0.9841999999999871,2,0.4637560530608247,0.0,0.0,0,0.0,0.0,3,1.603333333333353,2.951999999999998,0,0.0,0.0,0.0,1.0,0.0,0,1,0,1,1,0,0,0,0,1,0.4840000000000373,0.4840000000000373,2,2.218499999999949,4.08299999999997,0,0.0,0.0,0.4,0.8324000000000069,0.015800000000012915,0,1,0,0,0,1,1,0,0,0.0,0.0,0.0,0.0,0.0,0.0,0.5,0.0,0.5,0.0,0.0,0.0,0.8936170212765957,0.0,0.8936170212765957,0.10638297872340426,0.48890859144051524,0.0,0.0,0.9620000000000118,0.9620000000000118,0.1090827135451991,0.9841999999999871,0.7905999999999722,0.09680000000000746,0.0746000000000322,0.4637560530608247
EX_13-EE_a,EX_13,EX,EX_UND,PART_UND,0,853.34,854.34,851.34,856.34,5.0,0.0,0.9048000000000229,0.0,0.9048000000000229,0,-0.0,0.12599999999999908,0.854399999999987,0.0,0.980399999999986,2,0.5533624245679405,0.0,0.0,0,0.0,0.0,3,1.5080000000000382,3.9890000000000327,0,0.0,0.0,0.0,1.0,0.0,0,1,0,1,1,0,0,0,0,1,0.6299999999999955,0.6299999999999955,2,2.1359999999999673,4.225999999999999,0,0.0,0.0,0.4,0.028800000000001092,0.0,0,1,0,0,0,1,1,0,0,0.0,0.0,0.0,0.0,0.0,0.0,0.5,0.0,0.5,0.0,0.0,0.0,0.9318181818181818,0.0,0.9318181818181818,0.06818181818181818,0.3591016256485496,0.0,0.0,0.9048000000000229,0.9048000000000229,0.14747191011236074,0.9803999999999861,0.7283999999999878,0.12599999999999908,0.05040000000003597,0.5533624245679405
EX_13-EE_a,EX_13,EX,EX_UND,UND,1,886.7,887.7,884.7,889.7,5.0,0.0,0.9765999999999849,0.0,0.9765999999999849,0,-0.0,0.0,0.977000000000021,0.0,0.977000000000021,0,-0.0,0.0,0.0,0,0.0,0.0,2,2.4414999999999623,4.584999999999923,0,0.0,0.0,0.0,1.0,0.0,0,1,0,1,1,0,0,0,0,0,0.0,0.0,2,2.4425000000000523,3.216000000000008,0,0.0,0.0,0.0,1.0,0.0,0,1,0,0,0,1,1,0,0,0.0,0.0,0.0,0.0,0.0,0.0,0.0,0.0,0.0,0.0,0.0,0.0,1.0,0.0,1.0,0.0,-0.0,0.0,0.0,0.9765999999999849,0.9765999999999849,0.0,0.977000000000021,0.977000000000021,0.0,0.0004000000000360382,0.0
EX_13-EE_a,EX_13,EX,EX_UND,UND,1,991.58,992.58,989.58,994.58,5.0,0.06799999999998363,0.9138000000000147,0.0,0.9817999999999983,2,0.363158059452721,0.1122000000000071,0.8877999999999929,0.0,1.0,2,0.5065163662951462,0.0,0.0,1,0.33999999999991815,0.33999999999991815,3,1.5230000000000246,3.0830000000000837,0,0.0,0.0,0.4,0.3153999999999996,0.0,0,1,0,1,1,0,0,0,0,1,0.5610000000000355,0.5610000000000355,2,2.2194999999999823,4.017999999999915,0,0.0,0.0,0.4,0.8035999999999831,0.0,0,1,0,0,0,1,1,0,0,0.5,0.0,0.5,0.0,0.0,0.0,0.5,0.0,0.5,0.0,0.0,0.0,0.8163265306122449,0.0,0.8163265306122449,0.1836734693877551,0.8700820018717121,-0.10050378152592117,0.07441453272048866,0.9817999999999983,0.8458000000000311,0.1263798152737193,1.0,0.7755999999999859,0.04420000000002347,0.026000000000021783,0.14335830684242518
EX_13-EE_a,EX_13,EX,EX_UND,UND,1,1021.54,1022.54,1019.54,1024.54,5.0,0.12899999999999637,0.8647999999999911,0.0,0.9937999999999875,3,0.5569025768831742,0.20240000000001146,0.7791999999999689,0.0,0.9815999999999804,3,0.73414438332401,0.08840000000000145,0.08840000000000145,2,0.3224999999999909,0.4420000000000073,2,2.1619999999999777,3.8909999999999627,0,0.0,0.0,0.6,0.006200000000012551,0.094600000000014,0,1,0,0,1,1,0,0,0,2,0.5060000000000286,0.6929999999999836,2,1.9479999999999222,2.613999999999919,0,0.0,0.0,0.6,0.0,0.15700000000001638,0,1,0,1,0,0,1,0,0,0.6666666666666666,0.0,0.3333333333333333,0.0,0.0,0.0,0.6666666666666666,0.0,0.3333333333333333,0.0,0.0,0.0,0.7708333333333334,0.08333333333333333,0.8541666666666666,0.14583333333333334,1.119141354831407,0.4640077750460818,0.14916743755781417,0.9937999999999875,0.7357999999999948,0.2597535934291832,0.9815999999999804,0.5767999999999575,0.07340000000001509,0.08560000000002221,0.17724180644083576
EX_13-EE_a,EX_13,EX,EX_UND,UND,1,1076.14,1077.14,1074.14,1079.14,5.0,0.0,1.0,0.0,1.0,0,-0.0,0.0,0.9720000000000255,0.0,0.9720000000000255,0,-0.0,0.0,0.0,0,0.0,0.0,1,5.0,5.0,0,0.0,0.0,0.0,1.0,0.0,0,1,0,1,1,0,0,0,0,0,0.0,0.0,2,2.4300000000000637,4.51299999999992,0,0.0,0.0,0.0,1.0,0.0,0,1,0,0,0,1,1,0,0,0.0,0.0,0.0,0.0,0.0,0.0,0.0,0.0,0.0,0.0,0.0,0.0,1.0,0.0,1.0,0.0,-0.0,0.0,0.0,1.0,1.0,0.0,0.9720000000000255,0.9720000000000255,0.0,0.02799999999997449,0.0
EX_13-EE_a,EX_13,EX,EX_UND,PART_UND,0,1140.38,1141.38,1138.38,1143.38,5.0,0.0,0.9422000000000026,0.0,0.9422000000000026,0,-0.0,0.06479999999996836,0.9012000000000171,0.0,0.9659999999999854,2,0.35493389554838617,0.0,0.0,0,0.0,0.0,3,1.5703333333333376,4.20900000000006,0,0.0,0.0,0.0,1.0,0.0,0,1,0,1,1,0,0,0,0,1,0.32399999999984175,0.32399999999984175,2,2.2530000000000427,3.47400000000016,0,0.0,0.0,0.4,0.24039999999999964,0.0,0,1,0,0,0,1,1,0,0,0.0,0.0,0.0,0.0,0.0,0.0,0.5,0.0,0.5,0.0,0.0,0.0,0.9347826086956522,0.0,0.9347826086956522,0.06521739130434782,0.34781691357106326,0.0,0.0,0.9422000000000026,0.9422000000000026,0.07190412782952411,0.9659999999999854,0.8364000000000488,0.06479999999996836,0.04099999999998549,0.35493389554838617
EX_13-EE_a,EX_13,EX,EX_UND,UND,1,1161.38,1162.38,1159.38,1164.38,5.0,0.0,0.9709999999999581,0.0,0.9709999999999581,0,-0.0,0.0,0.975,0.0,0.975,0,-0.0,0.0,0.0,0,0.0,0.0,2,2.4274999999998954,2.4899999999997817,0,0.0,0.0,0.0,1.0,0.0,0,1,0,1,1,0,0,0,0,0,0.0,0.0,2,2.4375,3.1770000000001346,0,0.0,0.0,0.0,1.0,0.0,0,1,0,0,0,1,1,0,0,0.0,0.0,0.0,0.0,0.0,0.0,0.0,0.0,0.0,0.0,0.0,0.0,1.0,0.0,1.0,0.0,-0.0,0.0,0.0,0.9709999999999581,0.9709999999999581,0.0,0.975,0.975,0.0,0.004000000000041859,0.0
EX_13-EE_a,EX_13,EX,EX_UND,UND,1,1286.66,1287.66,1284.66,1289.66,5.0,0.0,0.9842000000000098,0.0,0.9842000000000098,0,-0.0,0.017600000000038564,0.9823999999999614,0.0,1.0,1,0.12774440696999254,0.0,0.0,0,0.0,0.0,2,2.4605000000000246,3.5,0,0.0,0.0,0.0,1.0,0.0,0,1,0,1,1,0,0,0,0,1,0.08800000000019281,0.08800000000019281,1,4.911999999999807,4.911999999999807,0,0.0,0.0,0.2,0.9823999999999614,0.0,0,1,0,0,1,1,0,0,0,0.0,0.0,0.0,0.0,0.0,0.0,0.0,0.0,1.0,0.0,0.0,0.0,1.0,0.0,1.0,0.0,-0.0,0.0,0.0,0.9842000000000098,0.9842000000000098,0.01791530944629403,1.0,0.9647999999999228,0.017600000000038564,0.0018000000000484295,0.12774440696999254
EX_13-EE_a,EX_13,EX,EX_UND,UND,1,1477.06,1478.06,1475.06,1480.06,5.0,0.0,1.0,0.0,1.0,0,-0.0,0.09859999999998763,0.9014000000000124,0.0,1.0,2,0.46454192361012325,0.0,0.0,0,0.0,0.0,1,5.0,5.0,0,0.0,0.0,0.0,1.0,0.0,0,1,0,1,1,0,0,0,0,1,0.49299999999993815,0.49299999999993815,2,2.253500000000031,2.43100000000004,0,0.0,0.0,0.4,0.41520000000000434,0.0,0,1,0,0,0,1,1,0,0,0.0,0.0,0.0,0.0,0.0,0.0,0.5,0.0,0.5,0.0,0.0,0.0,0.9,0.0,0.9,0.1,0.4689955935892812,0.0,0.0,1.0,1.0,0.10938540048811435,1.0,0.8028000000000248,0.09859999999998763,0.09859999999998759,0.46454192361012325
EX_13-EE_a,EX_13,EX,EX_UND,UND,1,1494.54,1495.54,1492.54,1497.54,5.0,0.13159999999998034,0.25540000000000873,0.0,0.3869999999999891,2,0.9248681502006391,0.33460000000004586,0.16519999999995888,0.0,0.49980000000000474,3,0.9154692081968105,0.09600000000000364,0.09600000000000364,1,0.6579999999999018,0.6579999999999018,2,0.6385000000000218,0.90300000000002,0,0.0,0.0,0.4,0.11880000000001019,0.0,0,1,0,1,1,0,0,0,0,2,0.8365000000001146,1.2910000000001673,2,0.4129999999998972,0.4359999999999218,0,0.0,0.0,0.6,0.0,0.07640000000001237,1,0,0,1,0,0,1,0,0,0.5,0.0,0.5,0.0,0.0,0.0,0.6666666666666666,0.0,0.3333333333333333,0.0,0.0,0.0,0.05,0.25,0.3,0.7,1.490468570732828,-0.2788995520575487,0.5152701644478302,0.3869999999999891,0.12380000000002839,2.0254237288143413,0.49980000000000474,-0.16940000000008698,0.20300000000006552,0.09020000000004985,0.009398942003828514
EX_13-EE_b,EX_13,EE,EE_UND,UND,1,553.62,554.62,551.62,556.62,5.0,0.0,0.9839999999999918,0.0,0.9839999999999918,0,-0.0,0.0,0.9465999999999894,0.0,0.9465999999999894,0,-0.0,0.0,0.0,0,0.0,0.0,2,2.4599999999999795,3.0259999999999536,0,0.0,0.0,0.0,1.0,0.0,0,1,0,1,1,0,0,0,0,0,0.0,0.0,4,1.1832499999999868,2.571999999999889,0,0.0,0.0,0.0,1.0,0.0,0,1,0,0,0,1,1,0,0,0.0,0.0,0.0,0.0,0.0,0.0,0.0,0.0,0.0,0.0,0.0,0.0,1.0,0.0,1.0,0.0,-0.0,0.0,0.0,0.9839999999999918,0.9839999999999918,0.0,0.9465999999999894,0.9465999999999894,0.0,0.03740000000000232,0.0
EX_13-EE_b,EX_13,EE,EE_UND,UND,1,751.46,752.46,749.46,754.46,5.0,0.0,1.0,0.0,1.0,0,-0.0,0.0,1.0,0.0,1.0,0,-0.0,0.0,0.0,0,0.0,0.0,1,5.0,5.0,0,0.0,0.0,0.0,1.0,0.0,0,1,0,1,1,0,0,0,0,0,0.0,0.0,1,5.0,5.0,0,0.0,0.0,0.0,1.0,0.0,0,1,0,0,0,1,1,0,0,0.0,0.0,0.0,0.0,0.0,0.0,0.0,0.0,0.0,0.0,0.0,0.0,1.0,0.0,1.0,0.0,-0.0,0.0,0.0,1.0,1.0,0.0,1.0,1.0,0.0,0.0,0.0
EX_13-EE_b,EX_13,EX,EX_UND,UND,1,123.1,124.1,121.1,126.1,5.0,0.5202000000000027,0.4139999999999958,0.0,0.9341999999999985,1,0.9906577149476627,0.06800000000000068,0.897799999999998,0.0,0.9657999999999987,2,0.3674442068148826,0.0,0.0,2,1.3005000000000067,2.044000000000011,3,0.689999999999993,1.1269999999999953,0,0.0,0.0,0.2,0.0,0.5562000000000011,1,0,0,0,1,1,0,0,0,1,0.3400000000000034,0.3400000000000034,2,2.244499999999995,3.6940000000000026,0,0.0,0.0,0.4,0.7556000000000012,0.0,0,1,0,0,0,1,1,0,0,1.0,0.0,0.0,0.0,0.0,0.0,0.5,0.0,0.5,0.0,0.0,0.0,0.3333333333333333,0.0,0.3333333333333333,0.6666666666666666,1.2959688384230932,-0.3653826664466532,1.256521739130454,0.9341999999999985,-0.10620000000000684,0.07574069948763737,0.9657999999999988,0.8297999999999973,0.452200000000002,0.48380000000000223,0.6232135081327801
EX_13-EE_b,EX_13,EX,EX_UND,UND,1,135.42,136.42,133.42,138.42,5.0,0.4188000000000045,0.4967999999999961,0.0,0.9156000000000006,1,0.9947585832016492,0.35,0.65,0.0,1.0,6,0.934068055375491,0.18640000000000329,0.18640000000000329,2,1.0470000000000113,1.6610000000000014,3,0.8279999999999935,1.3070000000000164,0,0.0,0.0,0.2,0.0,0.4716000000000008,0,1,0,0,1,1,0,0,0,3,0.5833333333333334,0.8149999999999977,4,0.8125,1.7239999999999895,0,0.0,0.0,1.2,0.060400000000004186,0.0,0,1,0,0,0,1,1,0,0,1.0,0.0,0.0,0.0,0.0,0.0,0.5,0.0,0.5,0.0,0.0,0.0,0.391304347826087,0.21739130434782608,0.6086956521739131,0.391304347826087,1.8973172606697073,0.21452908258025827,0.8429951690821413,0.9156000000000006,0.07799999999999158,0.5384615384615384,1.0,0.30000000000000004,0.06880000000000452,0.15320000000000394,0.06069052782615825
EX_13-EE_b,EX_13,EX,EX_UND,PART_UND,0,168.02,169.02,166.02,171.02,5.0,0.6310000000000002,0.33280000000000315,0.0,0.9638000000000033,1,0.9298002344168229,0.22420000000000756,0.6699999999999988,0.0,0.8942000000000064,3,0.8124282128544955,0.0,0.0,1,3.155000000000001,3.155000000000001,3,0.5546666666666719,1.193000000000012,0,0.0,0.0,0.2,0.0,0.6310000000000002,1,0,0,0,1,1,0,0,0,4,0.28025000000000944,0.4060000000000059,3,1.1166666666666647,3.0060000000000002,0,0.0,0.0,0.6,0.6853999999999985,0.0,0,1,0,0,1,1,0,0,0,1.0,0.0,0.0,0.0,0.0,0.0,0.3333333333333333,0.0,0.6666666666666666,0.0,0.0,0.0,0.09090909090909091,0.0,0.09090909090909091,0.9090909090909091,1.1387631951151622,-0.7830624580369135,1.8960336538461366,0.9638000000000033,-0.2981999999999971,0.3346268656716537,0.8942000000000063,0.44579999999999126,0.40679999999999267,0.33719999999999567,0.1173720215623274
EX_13-EE_b,EX_13,EX,EX_UND,UND,1,194.78,195.78,192.78,197.78,5.0,0.0697999999999979,0.8777999999999906,0.0,0.9475999999999886,1,0.37943512038118427,0.8734000000000037,0.054200000000003,0.0,0.9276000000000068,3,0.32118225455561533,0.048200000000002775,0.048200000000002775,1,0.34899999999998954,0.34899999999998954,3,1.4629999999999843,1.8079999999999927,0,0.0,0.0,0.2,0.0016000000000019553,0.08380000000000223,0,1,0,0,1,1,0,0,0,5,0.8734000000000037,1.6430000000000007,2,0.1355000000000075,0.24100000000001387,0,0.0,0.0,0.6,0.02319999999999709,0.0,1,0,0,0,1,1,0,0,0,1.0,0.0,0.0,0.0,0.0,0.0,0.3333333333333333,0.0,0.6666666666666666,0.0,0.0,0.0,0.07142857142857142,0.047619047619047616,0.11904761904761904,0.8809523809523809,0.6422064220541268,0.062017367294604234,0.07951697425381482,0.9475999999999885,0.8079999999999927,16.114391143910616,0.9276000000000068,-0.8192000000000007,0.8036000000000059,0.8235999999999876,0.058252865825568934
EX_13-EE_b,EX_13,EX,EX_UND,MISUND,0,240.01,241.01,238.01,243.01,5.0,0.5840000000000032,0.38019999999999643,0.0,0.9641999999999996,2,0.9675287360826934,0.6025999999999954,0.30080000000000384,0.05639999999999645,0.9597999999999957,3,1.1864987621188248,0.22680000000000292,0.22680000000000292,3,0.9733333333333386,1.9960000000000093,1,1.900999999999982,1.900999999999982,0,0.0,0.0,0.4,0.0,0.45680000000000404,1,0,0,0,0,1,1,0,0,3,1.0043333333333255,1.6519999999999868,2,0.7520000000000095,1.3470000000000084,1,0.28199999999998226,0.28199999999998226,0.6,0.2694000000000017,0.0,1,0,0,0,0,1,0,0,1,0.5,0.0,0.5,0.0,0.0,0.0,0.3333333333333333,0.0,0.3333333333333333,0.3333333333333333,0.0,0.0,0.0,0.2391304347826087,0.2391304347826087,0.717391304347826,1.7509398667903597,-0.6138788892284813,1.5360336664913432,0.9641999999999996,-0.20380000000000675,2.0033244680850655,0.9033999999999992,-0.3017999999999915,0.01859999999999218,0.07939999999999259,0.21897002603613136
EX_13-EE_b,EX_13,EX,EX_UND,UND,1,248.7,249.7,246.7,251.7,5.0,0.6454000000000008,0.325,0.0,0.9704000000000008,1,0.9198678403141358,0.06259999999999763,0.8737999999999999,0.0,0.9363999999999976,2,0.3540637026787069,0.06259999999999763,0.06259999999999763,2,1.613500000000002,2.7750000000000057,1,1.625,1.625,0,0.0,0.0,0.2,0.0,0.675,1,0,0,0,1,1,0,0,0,1,0.3129999999999882,0.3129999999999882,5,0.8737999999999999,2.88900000000001,0,0.0,0.0,0.4,0.577800000000002,0.0,0,1,0,0,0,1,1,0,0,1.0,0.0,0.0,0.0,0.0,0.0,0.5,0.0,0.5,0.0,0.0,0.0,0.2826086956521739,0.08695652173913043,0.3695652173913043,0.6304347826086957,1.241232277914974,0.1936957343826588,1.985846153846156,0.9704000000000008,-0.32040000000000074,0.07164110780498699,0.9363999999999976,0.8112000000000023,0.5828000000000031,0.5488,0.5658041376354289
EX_13-EE_b,EX_13,EX,EX_UND,NON_UND,0,330.66,331.66,328.66,333.66,5.0,0.0,0.9428000000000111,0.0,0.9428000000000111,0,-0.0,0.13819999999999483,0.8433999999999969,0.0,0.9815999999999917,4,0.5863054420273213,0.0,0.0,0,0.0,0.0,4,1.1785000000000139,2.6450000000000387,0,0.0,0.0,0.0,1.0,0.0,0,1,0,1,1,0,0,0,0,3,0.2303333333333247,0.464999999999975,3,1.4056666666666615,1.7960000000000491,0,0.0,0.0,0.8,0.0,0.015399999999999636,0,1,0,1,1,0,0,0,0,0.0,0.0,0.0,0.0,0.0,0.0,0.5,0.0,0.5,0.0,0.0,0.0,0.8541666666666666,0.0,0.8541666666666666,0.14583333333333334,0.5993142373098092,0.0,0.0,0.9428000000000111,0.9428000000000111,0.16386056438225674,0.9815999999999918,0.705200000000002,0.13819999999999483,0.09940000000001414,0.5863054420273213
EX_13-EE_b,EX_13,EX,EX_UND,PART_UND,0,458.46,459.46,456.46,461.46,5.0,0.0,1.0,0.0,1.0,0,-0.0,0.0,0.9850000000000023,0.0,0.9850000000000023,0,-0.0,0.0,0.0,0,0.0,0.0,1,5.0,5.0,0,0.0,0.0,0.0,1.0,0.0,0,1,0,1,1,0,0,0,0,0,0.0,0.0,2,2.4625000000000057,2.5229999999999677,0,0.0,0.0,0.0,1.0,0.0,0,1,0,0,0,1,1,0,0,0.0,0.0,0.0,0.0,0.0,0.0,0.0,0.0,0.0,0.0,0.0,0.0,1.0,0.0,1.0,0.0,-0.0,0.0,0.0,1.0,1.0,0.0,0.9850000000000023,0.9850000000000023,0.0,0.014999999999997682,0.0
EX_13-EE_b,EX_13,EX,EX_UND,UND,1,497.5,498.5,495.5,500.5,5.0,0.0,0.9648000000000139,0.0,0.9648000000000139,0,-0.0,0.06739999999999782,0.9326000000000022,0.0,1.0,2,0.3561451819043982,0.0,0.0,0,0.0,0.0,3,1.608000000000023,2.605000000000018,0,0.0,0.0,0.0,1.0,0.0,0,1,0,1,1,0,0,0,0,1,0.3369999999999891,0.3369999999999891,2,2.3315000000000055,2.4429999999999836,0,0.0,0.0,0.4,0.44400000000000545,0.0,0,1,0,0,0,1,1,0,0,0.0,0.0,0.0,0.0,0.0,0.0,0.5,0.0,0.5,0.0,0.0,0.0,0.9387755102040817,0.0,0.9387755102040817,0.061224489795918366,0.3322866302216151,0.0,0.0,0.9648000000000139,0.9648000000000139,0.07227107012652548,1.0,0.8652000000000044,0.06739999999999782,0.032200000000011664,0.3561451819043982
EX_13-EE_b,EX_13,EX,EX_UND,MISUND,0,524.98,525.98,522.98,527.98,5.0,0.0,0.9817999999999983,0.0,0.9817999999999983,0,-0.0,0.0,1.0,0.0,1.0,0,-0.0,0.0,0.0,0,0.0,0.0,2,2.454499999999996,3.1649999999999636,0,0.0,0.0,0.0,1.0,0.0,0,1,0,1,1,0,0,0,0,0,0.0,0.0,1,5.0,5.0,0,0.0,0.0,0.0,1.0,0.0,0,1,0,0,0,1,1,0,0,0.0,0.0,0.0,0.0,0.0,0.0,0.0,0.0,0.0,0.0,0.0,0.0,1.0,0.0,1.0,0.0,-0.0,0.0,0.0,0.9817999999999983,0.9817999999999983,0.0,1.0,1.0,0.0,0.01820000000000166,0.0
EX_13-EE_b,EX_13,EX,EX_UND,UND,1,553.54,554.54,551.54,556.54,5.0,0.0,0.9839999999999918,0.0,0.9839999999999918,0,-0.0,0.0,0.9465999999999894,0.0,0.9465999999999894,0,-0.0,0.0,0.0,0,0.0,0.0,2,2.4599999999999795,3.1059999999999945,0,0.0,0.0,0.0,1.0,0.0,0,1,0,1,1,0,0,0,0,0,0.0,0.0,4,1.1832499999999868,2.571999999999889,0,0.0,0.0,0.0,1.0,0.0,0,1,0,0,0,1,1,0,0,0.0,0.0,0.0,0.0,0.0,0.0,0.0,0.0,0.0,0.0,0.0,0.0,1.0,0.0,1.0,0.0,-0.0,0.0,0.0,0.9839999999999918,0.9839999999999918,0.0,0.9465999999999894,0.9465999999999894,0.0,0.03740000000000232,0.0
EX_13-EE_b,EX_13,EX,EX_UND,PART_UND,0,574.98,575.98,572.98,577.98,5.0,0.10679999999999837,0.80799999999997,0.0,0.9147999999999683,2,0.5199368635329409,0.0,0.9836000000000013,0.0,0.9836000000000013,0,-0.0,0.0,0.0,1,0.5339999999999918,0.5339999999999918,4,1.0099999999999625,1.7819999999999254,0,0.0,0.0,0.4,0.4877999999999929,0.0,0,1,0,1,1,0,0,0,0,0,0.0,0.0,2,2.459000000000003,4.613000000000056,0,0.0,0.0,0.0,1.0,0.0,0,1,0,0,0,1,1,0,0,0.5,0.0,0.5,0.0,0.0,0.0,0.0,0.0,0.0,0.0,0.0,0.0,0.8888888888888888,0.0,0.8888888888888888,0.1111111111111111,0.5032583347756457,0.0,0.13217821782178507,0.9147999999999683,0.7011999999999716,0.0,0.9836000000000013,0.9836000000000013,0.10679999999999837,0.1756000000000313,0.5199368635329409
EX_13-EE_b,EX_13,EX,EX_UND,UND,1,657.9,658.9,655.9,660.9,5.0,0.0,1.0,0.0,1.0,0,-0.0,0.0,1.0,0.0,1.0,0,-0.0,0.0,0.0,0,0.0,0.0,1,5.0,5.0,0,0.0,0.0,0.0,1.0,0.0,0,1,0,1,1,0,0,0,0,0,0.0,0.0,1,5.0,5.0,0,0.0,0.0,0.0,1.0,0.0,0,1,0,0,0,1,1,0,0,0.0,0.0,0.0,0.0,0.0,0.0,0.0,0.0,0.0,0.0,0.0,0.0,1.0,0.0,1.0,0.0,-0.0,0.0,0.0,1.0,1.0,0.0,1.0,1.0,0.0,0.0,0.0
EX_13-EE_b,EX_13,EX,EX_UND,UND,1,729.5,730.5,727.5,732.5,5.0,0.0,0.9683999999999969,0.0,0.9683999999999969,0,-0.0,0.0,0.9559999999999945,0.0,0.9559999999999945,0,-0.0,0.0,0.0,0,0.0,0.0,3,1.6139999999999948,2.701999999999998,0,0.0,0.0,0.0,1.0,0.0,0,1,0,1,1,0,0,0,0,0,0.0,0.0,3,1.5933333333333242,3.5570000000000164,0,0.0,0.0,0.0,1.0,0.0,0,1,0,0,0,1,1,0,0,0.0,0.0,0.0,0.0,0.0,0.0,0.0,0.0,0.0,0.0,0.0,0.0,1.0,0.0,1.0,0.0,-0.0,0.0,0.0,0.9683999999999969,0.9683999999999969,0.0,0.9559999999999945,0.9559999999999945,0.0,0.012400000000002409,0.0
EX_13-EE_b,EX_13,EX,EX_UND,UND,1,760.86,761.86,758.86,763.86,5.0,0.0,0.9648000000000139,0.0,0.9648000000000139,0,-0.0,0.0,0.9829999999999928,0.0,0.9829999999999928,0,-0.0,0.0,0.0,0,0.0,0.0,3,1.608000000000023,2.9039999999999964,0,0.0,0.0,0.0,1.0,0.0,0,1,0,1,1,0,0,0,0,0,0.0,0.0,1,4.914999999999964,4.914999999999964,0,0.0,0.0,0.0,1.0,0.0,0,1,0,0,0,1,1,0,0,0.0,0.0,0.0,0.0,0.0,0.0,0.0,0.0,0.0,0.0,0.0,0.0,1.0,0.0,1.0,0.0,-0.0,0.0,0.0,0.9648000000000139,0.9648000000000139,0.0,0.9829999999999928,0.9829999999999928,0.0,0.0181999999999789,0.0
EX_13-EE_b,EX_13,EX,EX_UND,UND,1,882.74,883.74,880.74,885.74,5.0,0.0,0.9607999999999948,0.0,0.9607999999999948,0,-0.0,0.0,0.9297999999999774,0.0,0.9297999999999774,0,-0.0,0.0,0.0,0,0.0,0.0,3,1.6013333333333246,2.9020000000000437,0,0.0,0.0,0.0,1.0,0.0,0,1,0,1,1,0,0,0,0,0,0.0,0.0,4,1.1622499999999718,3.3940000000000055,0,0.0,0.0,0.0,1.0,0.0,0,1,0,0,0,1,1,0,0,0.0,0.0,0.0,0.0,0.0,0.0,0.0,0.0,0.0,0.0,0.0,0.0,1.0,0.0,1.0,0.0,-0.0,0.0,0.0,0.9607999999999948,0.9607999999999948,0.0,0.9297999999999774,0.9297999999999774,0.0,0.031000000000017347,0.0
EX_13-EE_c,EX_13,EE,EE_UND,NON_UND,0,82.26,83.34,80.26,85.34,5.079999999999998,0.30826771653543367,0.528346456692913,0.06397637795275649,0.9005905511811032,3,1.2518266913873586,0.5464566929133853,0.4039370078740172,0.0,0.9503937007874025,3,0.9837172940642749,0.18287401574803197,0.18287401574803197,2,0.7830000000000013,0.9989999999999952,3,0.8946666666666658,1.289999999999992,1,0.32500000000000284,0.32500000000000284,0.5905511811023624,0.0,0.22657480314960562,0,1,0,0,0,1,1,0,0,2,1.3879999999999981,2.138999999999996,4,0.5130000000000017,1.0300000000000011,0,0.0,0.0,0.5905511811023624,0.0,0.1253937007874017,1,0,0,1,0,0,1,0,0,0.3333333333333333,0.0,0.0,0.3333333333333333,0.3333333333333333,0.0,0.6666666666666666,0.0,0.3333333333333333,0.0,0.0,0.0,0.3023255813953488,0.23255813953488372,0.5348837209302325,0.37209302325581395,2.1624380734611286,0.15580083613912032,0.5834575260804784,0.8366141732283467,0.22007874015747936,1.3528265107212414,0.9503937007874025,-0.14251968503936807,0.2381889763779516,0.12440944881889582,0.2681093973230837
EX_13-EE_c,EX_13,EE,EE_UND,NON_UND,0,123.5,124.5,121.5,126.5,5.0,0.4072000000000003,0.5397999999999996,0.0,0.9469999999999998,2,0.9858107430254099,0.3852000000000004,0.5024000000000001,0.0,0.8876000000000005,2,0.9873865412456212,0.06359999999999957,0.06359999999999957,2,1.0180000000000007,1.269999999999996,2,1.349499999999999,1.6940000000000026,0,0.0,0.0,0.4,0.0,0.17179999999999893,0,1,0,0,0,1,1,0,0,2,0.963000000000001,1.179000000000002,5,0.5024000000000001,1.3739999999999952,0,0.0,0.0,0.4,0.40320000000000106,0.0,0,1,0,0,0,1,1,0,0,0.5,0.0,0.5,0.0,0.0,0.0,0.5,0.0,0.5,0.0,0.0,0.0,0.24390243902439024,0.07317073170731707,0.3170731707317073,0.6829268292682927,1.8312079492851565,-0.40686274509803927,0.7543534642460181,0.9469999999999998,0.13259999999999933,0.7667197452229306,0.8876000000000004,0.1171999999999997,0.02199999999999991,0.037399999999999545,0.0015757982202112553
EX_13-EE_c,EX_13,EE,EE_UND,UND,1,175.06,176.06,173.06,178.06,5.0,0.2184000000000026,0.705400000000003,0.0,0.9238000000000056,2,0.7890272236596326,0.195799999999997,0.7378000000000042,0.0,0.9336000000000013,3,0.7409582755654813,0.15459999999999924,0.15459999999999924,1,1.092000000000013,1.092000000000013,4,0.8817500000000038,1.1899999999999977,0,0.0,0.0,0.4,0.1909999999999968,0.0,0,1,0,1,1,0,0,0,0,2,0.4894999999999925,0.7729999999999961,5,0.7378000000000042,1.7480000000000189,0,0.0,0.0,0.6,0.0,0.04119999999999777,0,1,0,1,0,0,1,0,0,0.5,0.0,0.5,0.0,0.0,0.0,0.6666666666666666,0.0,0.3333333333333333,0.0,0.0,0.0,0.6976744186046512,0.18604651162790697,0.8837209302325582,0.11627906976744186,1.287622769343516,0.6865743204640421,0.30961156790473726,0.9238000000000056,0.48700000000000043,0.2653835727839467,0.9336000000000012,0.5420000000000073,0.022600000000005588,0.032400000000001206,0.0480689480941513
EX_13-EE_c,EX_13,EE,EE_UND,PART_UND,0,187.42,188.42,185.42,190.42,5.0,0.7133999999999958,0.2748000000000047,0.0,0.9882000000000005,1,0.8528233390305597,0.2829999999999984,0.25720000000000026,0.3505999999999972,0.8907999999999958,4,1.572493286301948,0.2829999999999984,0.2829999999999984,1,3.566999999999979,3.566999999999979,1,1.3740000000000236,1.3740000000000236,0,0.0,0.0,0.2,0.28660000000000424,0.0,1,0,0,1,0,0,1,0,0,2,0.707499999999996,1.2510000000000048,2,0.6430000000000007,1.0249999999999773,3,0.5843333333333286,1.4579999999999984,0.8,0.6592000000000041,0.0,0,0,1,0,0,1,0,0,1,0.0,0.0,1.0,0.0,0.0,0.0,0.0,0.25,0.25,0.25,0.0,0.25,0.06818181818181818,0.3181818181818182,0.38636363636363635,0.22727272727272727,2.18334291947547,0.44237871188743116,2.5960698689955737,0.9882000000000005,-0.4385999999999911,1.1003110419906614,0.5401999999999987,-0.025799999999998158,0.4303999999999974,0.017600000000004445,0.7196699472713883
EX_13-EE_c,EX_13,EE,EE_UND,UND,1,217.54,218.54,215.54,220.54,5.0,0.4622000000000014,0.48180000000000406,0.0,0.9440000000000055,3,0.9996890118040402,0.1400000000000034,0.6802000000000021,0.0,0.8202000000000055,2,0.6592809476200783,0.1400000000000034,0.1400000000000034,4,0.5777500000000018,1.0500000000000114,2,1.2045000000000101,1.781000000000006,0,0.0,0.0,0.6,0.0,0.2802000000000021,0,1,0,0,1,1,0,0,0,1,0.700000000000017,0.700000000000017,6,0.5668333333333351,1.2349999999999852,0,0.0,0.0,0.4,0.03220000000000027,0.0,0,1,0,0,0,1,1,0,0,0.6666666666666666,0.0,0.3333333333333333,0.0,0.0,0.0,0.5,0.0,0.5,0.0,0.0,0.0,0.5526315789473685,0.18421052631578946,0.7368421052631579,0.2631578947368421,1.429258269190143,0.5281452275692498,0.959319219593187,0.9440000000000055,0.01960000000000267,0.2058218171126183,0.8202000000000056,0.5401999999999987,0.322199999999998,0.19839999999999808,0.34040806418396197
EX_13-EE_c,EX_13,EE,EE_UND,NON_UND,0,241.19,242.19,239.19,244.19,5.0,0.1274000000000001,0.8415999999999997,0.0,0.9689999999999998,1,0.5614715843376819,0.0,0.8923999999999979,0.0,0.8923999999999979,0,-0.0,0.0,0.0,1,0.6370000000000005,0.6370000000000005,2,2.103999999999999,2.9650000000000034,0,0.0,0.0,0.2,0.8725999999999999,0.0,0,1,0,1,0,0,1,0,0,0,0.0,0.0,7,0.6374285714285699,2.2639999999999816,0,0.0,0.0,0.0,1.0,0.0,0,1,0,0,0,1,1,0,0,0.0,0.0,1.0,0.0,0.0,0.0,0.0,0.0,0.0,0.0,0.0,0.0,0.8837209302325582,0.0,0.8837209302325582,0.11627906976744186,0.5185697317883058,0.0,0.15137832699619788,0.9689999999999998,0.7141999999999996,0.0,0.8923999999999979,0.8923999999999979,0.1274000000000001,0.05079999999999818,0.5614715843376819
EX_13-EE_c,EX_13,EE,EE_UND,UND,1,262.58,263.58,260.58,265.58,5.0,0.6176000000000045,0.17100000000000365,0.16019999999999754,0.9488000000000056,4,1.2820417184921766,0.824000000000001,0.15040000000000192,0.0,0.9744000000000028,2,0.6206233892954215,0.5567999999999984,0.5567999999999984,2,1.5440000000000111,1.6059999999999945,2,0.4275000000000091,0.8489999999999895,1,0.8009999999999877,0.8009999999999877,0.8,0.022800000000006548,0.0,1,0,0,1,0,0,0,0,1,2,2.0600000000000023,2.7040000000000077,1,0.7520000000000095,0.7520000000000095,0,0.0,0.0,0.4,0.0,0.28319999999999934,1,0,0,1,1,0,0,0,0,0.25,0.25,0.5,0.0,0.0,0.0,0.5,0.0,0.5,0.0,0.0,0.0,0.0851063829787234,0.5957446808510638,0.6808510638297872,0.14893617021276595,1.7384010789164377,0.2039359256020186,3.6116959064326974,0.7886000000000082,-0.44660000000000083,5.4787234042552555,0.9744000000000028,-0.6735999999999991,0.20639999999999648,0.020600000000001728,0.6614183291967551
EX_13-EE_c,EX_13,EE,EE_UND,UND,1,276.14,277.14,274.14,279.14,5.0,0.3324000000000069,0.6066000000000031,0.0,0.93900000000001,1,0.9375842057208157,0.0,0.6230000000000018,0.1316000000000031,0.7546000000000049,1,0.6676651528033077,0.0,0.0,2,0.8310000000000173,1.4870000000000232,2,1.5165000000000077,2.1480000000000246,0,0.0,0.0,0.2,0.0,0.3798000000000002,0,1,0,0,1,1,0,0,0,0,0.0,0.0,10,0.3115000000000009,0.9069999999999823,1,0.6580000000000155,0.6580000000000155,0.2,1.0,0.19479999999999792,0,1,0,0,0,0,1,1,0,1.0,0.0,0.0,0.0,0.0,0.0,0.0,0.0,0.0,0.0,0.0,1.0,0.6571428571428571,0.0,0.6571428571428571,0.17142857142857143,1.2703837312888187,0.0,0.547972304648871,0.93900000000001,0.2741999999999962,0.0,0.6230000000000018,0.6230000000000018,0.3324000000000069,0.016399999999998638,0.26991905291750795
EX_13-EE_c,EX_13,EE,EE_UND,UND,1,309.62,310.62,307.62,312.62,5.0,0.6153999999999996,0.3599999999999909,0.0,0.9753999999999905,3,0.9499625709023828,0.0,0.9433999999999969,0.0,0.9433999999999969,0,-0.0,0.0,0.0,2,1.538499999999999,2.459000000000003,2,0.8999999999999773,1.589999999999975,0,0.0,0.0,0.6,0.04660000000000082,0.0,1,0,0,1,0,0,1,0,0,0,0.0,0.0,3,1.5723333333333283,3.1140000000000327,0,0.0,0.0,0.0,1.0,0.0,0,1,0,0,0,1,1,0,0,0.3333333333333333,0.0,0.6666666666666666,0.0,0.0,0.0,0.0,0.0,0.0,0.0,0.0,0.0,0.40425531914893614,0.0,0.40425531914893614,0.5957446808510638,0.9733854352299556,0.0,1.7094444444444867,0.9753999999999905,-0.25540000000000873,0.0,0.9433999999999969,0.9433999999999969,0.6153999999999996,0.583400000000006,0.9499625709023828
EX_13-EE_c,EX_13,EE,EE_UND,PART_UND,0,350.94,351.94,348.94,353.94,5.0,0.48540000000000416,0.42699999999999816,0.0,0.9124000000000023,3,0.9970426916251426,0.15099999999999908,0.7830000000000041,0.0,0.9340000000000032,1,0.6382903574645065,0.11200000000000046,0.11200000000000046,2,1.2135000000000105,1.4250000000000114,2,1.0674999999999955,1.9399999999999977,0,0.0,0.0,0.6,0.0,0.20739999999999553,1,0,0,0,1,1,0,0,0,1,0.7549999999999955,0.7549999999999955,3,1.3050000000000068,2.343999999999994,0,0.0,0.0,0.2,0.8490000000000009,0.0,0,1,0,0,1,1,0,0,0,0.6666666666666666,0.0,0.3333333333333333,0.0,0.0,0.0,0.0,0.0,1.0,0.0,0.0,0.0,0.4186046511627907,0.13953488372093023,0.5581395348837209,0.4418604651162791,1.574472311533489,0.26549712202679576,1.1367681498829185,0.9124000000000023,-0.058400000000006,0.19284802043422514,0.9340000000000033,0.632000000000005,0.3344000000000051,0.356000000000006,0.3587523341606361
EX_13-EE_c,EX_13,EE,EE_UND,UND,1,359.94,360.94,357.94,362.94,5.0,0.33740000000000236,0.5870000000000004,0.0,0.9244000000000028,5,0.9467502643933061,0.2731999999999971,0.6519999999999981,0.0,0.9251999999999952,2,0.8754538680572049,0.0,0.0,3,0.5623333333333372,0.9070000000000391,4,0.7337500000000006,1.4850000000000136,0,0.0,0.0,1.0,0.0,0.061599999999998545,0,1,0,0,1,1,0,0,0,1,1.3659999999999854,1.3659999999999854,6,0.5433333333333318,1.1059999999999945,0,0.0,0.0,0.4,0.677800000000002,0.0,0,1,0,0,0,1,1,0,0,0.6,0.0,0.4,0.0,0.0,0.0,0.5,0.0,0.5,0.0,0.0,0.0,0.3333333333333333,0.0,0.3333333333333333,0.6666666666666666,1.575114591410657,-0.49613893835683376,0.5747870528109065,0.9244000000000028,0.24959999999999805,0.4190184049079722,0.9251999999999952,0.378800000000001,0.06420000000000525,0.06499999999999773,0.07129639633610119
EX_13-EE_c,EX_13,EE,EE_UND,UND,1,410.78,411.78,408.78,413.78,5.0,0.0,1.0,0.0,1.0,0,-0.0,0.0,0.9762000000000057,0.0,0.9762000000000057,0,-0.0,0.0,0.0,0,0.0,0.0,1,5.0,5.0,0,0.0,0.0,0.0,1.0,0.0,0,1,0,1,1,0,0,0,0,0,0.0,0.0,2,2.4405000000000143,2.940999999999974,0,0.0,0.0,0.0,1.0,0.0,0,1,0,0,0,1,1,0,0,0.0,0.0,0.0,0.0,0.0,0.0,0.0,0.0,0.0,0.0,0.0,0.0,1.0,0.0,1.0,0.0,-0.0,0.0,0.0,1.0,1.0,0.0,0.9762000000000057,0.9762000000000057,0.0,0.02379999999999427,0.0
EX_13-EE_c,EX_13,EE,EE_UND,UND,1,438.38,439.38,436.38,441.38,5.0,0.0,0.961200000000008,0.0,0.961200000000008,0,-0.0,0.0,0.9807999999999992,0.0,0.9807999999999992,0,-0.0,0.0,0.0,0,0.0,0.0,3,1.6020000000000134,3.7270000000000323,0,0.0,0.0,0.0,1.0,0.0,0,1,0,1,1,0,0,0,0,0,0.0,0.0,2,2.451999999999998,4.4950000000000045,0,0.0,0.0,0.0,1.0,0.0,0,1,0,0,0,1,1,0,0,0.0,0.0,0.0,0.0,0.0,0.0,0.0,0.0,0.0,0.0,0.0,0.0,1.0,0.0,1.0,0.0,-0.0,0.0,0.0,0.961200000000008,0.961200000000008,0.0,0.9807999999999992,0.9807999999999992,0.0,0.01959999999999118,0.0
EX_13-EE_c,EX_13,EE,EE_UND,UND,1,545.5,546.5,543.5,548.5,5.0,0.22580000000000383,0.7315999999999804,0.0,0.9573999999999842,1,0.7880656501174144,0.1400000000000091,0.7843999999999823,0.0,0.9243999999999915,1,0.6134560444511642,0.1400000000000091,0.1400000000000091,1,1.129000000000019,1.129000000000019,3,1.2193333333333005,2.240000000000009,0,0.0,0.0,0.2,0.0,0.22580000000000383,0,1,0,0,1,1,0,0,0,1,0.7000000000000455,0.7000000000000455,5,0.7843999999999823,1.65300000000002,0,0.0,0.0,0.2,0.0,0.1400000000000091,0,1,0,1,0,0,1,0,0,1.0,0.0,0.0,0.0,0.0,0.0,1.0,0.0,0.0,0.0,0.0,0.0,0.75,0.1590909090909091,0.9090909090909091,0.09090909090909091,1.047693200609293,0.753370803500884,0.3086386003280616,0.9573999999999843,0.5057999999999765,0.17848036715962806,0.9243999999999915,0.6443999999999732,0.08579999999999474,0.052800000000001956,0.17460960566625017
EX_13-EE_c,EX_13,EE,EE_UND,UND,1,629.38,630.38,627.38,632.38,5.0,0.0,0.9784000000000106,0.0,0.9784000000000106,0,-0.0,0.0,0.9851999999999862,0.0,0.9851999999999862,0,-0.0,0.0,0.0,0,0.0,0.0,2,2.4460000000000264,4.470000000000027,0,0.0,0.0,0.0,1.0,0.0,0,1,0,1,1,0,0,0,0,0,0.0,0.0,2,2.4629999999999654,4.086999999999989,0,0.0,0.0,0.0,1.0,0.0,0,1,0,0,0,1,1,0,0,0.0,0.0,0.0,0.0,0.0,0.0,0.0,0.0,0.0,0.0,0.0,0.0,1.0,0.0,1.0,0.0,-0.0,0.0,0.0,0.9784000000000106,0.9784000000000106,0.0,0.9851999999999862,0.9851999999999862,0.0,0.006799999999975603,0.0
EX_13-EE_c,EX_13,EE,EE_UND,NON_UND,0,736.7,737.7,734.7,739.7,5.0,0.0,0.9531999999999925,0.0,0.9531999999999925,0,-0.0,0.0,0.9656000000000177,0.0,0.9656000000000177,0,-0.0,0.0,0.0,0,0.0,0.0,3,1.5886666666666542,2.1550000000000864,0,0.0,0.0,0.0,1.0,0.0,0,1,0,1,1,0,0,0,0,0,0.0,0.0,3,1.6093333333333628,3.522000000000048,0,0.0,0.0,0.0,1.0,0.0,0,1,0,0,0,1,1,0,0,0.0,0.0,0.0,0.0,0.0,0.0,0.0,0.0,0.0,0.0,0.0,0.0,1.0,0.0,1.0,0.0,-0.0,0.0,0.0,0.9531999999999925,0.9531999999999925,0.0,0.9656000000000177,0.9656000000000177,0.0,0.012400000000025169,0.0
EX_13-EE_c,EX_13,EE,EE_UND,UND,1,766.62,767.62,764.62,769.62,5.0,0.0,0.9795999999999822,0.0,0.9795999999999822,0,-0.0,0.0,0.9632000000000062,0.0,0.9632000000000062,0,-0.0,0.0,0.0,0,0.0,0.0,2,2.4489999999999554,3.2659999999999627,0,0.0,0.0,0.0,1.0,0.0,0,1,0,1,1,0,0,0,0,0,0.0,0.0,3,1.6053333333333437,3.157000000000039,0,0.0,0.0,0.0,1.0,0.0,0,1,0,0,0,1,1,0,0,0.0,0.0,0.0,0.0,0.0,0.0,0.0,0.0,0.0,0.0,0.0,0.0,1.0,0.0,1.0,0.0,-0.0,0.0,0.0,0.9795999999999822,0.9795999999999822,0.0,0.9632000000000062,0.9632000000000062,0.0,0.01639999999997599,0.0
EX_13-EE_c,EX_13,EE,EE_UND,MISUND,0,783.9,784.9,781.9,786.9,5.0,0.0,1.0,0.0,1.0,0,-0.0,0.0,0.9589999999999919,0.0,0.9589999999999919,0,-0.0,0.0,0.0,0,0.0,0.0,1,5.0,5.0,0,0.0,0.0,0.0,1.0,0.0,0,1,0,1,1,0,0,0,0,0,0.0,0.0,3,1.5983333333333196,2.4180000000000064,0,0.0,0.0,0.0,1.0,0.0,0,1,0,0,0,1,1,0,0,0.0,0.0,0.0,0.0,0.0,0.0,0.0,0.0,0.0,0.0,0.0,0.0,1.0,0.0,1.0,0.0,-0.0,0.0,0.0,1.0,1.0,0.0,0.9589999999999919,0.9589999999999919,0.0,0.04100000000000814,0.0
EX_13-EE_c,EX_13,EE,EE_UND,MISUND,0,809.74,810.74,807.74,812.74,5.0,0.0,1.0,0.0,1.0,0,-0.0,0.0,0.9312000000000126,0.0,0.9312000000000126,0,-0.0,0.0,0.0,0,0.0,0.0,1,5.0,5.0,0,0.0,0.0,0.0,1.0,0.0,0,1,0,1,1,0,0,0,0,0,0.0,0.0,6,0.7760000000000105,1.79099999999994,0,0.0,0.0,0.0,1.0,0.0,0,1,0,0,0,1,1,0,0,0.0,0.0,0.0,0.0,0.0,0.0,0.0,0.0,0.0,0.0,0.0,0.0,1.0,0.0,1.0,0.0,-0.0,0.0,0.0,1.0,1.0,0.0,0.9312000000000126,0.9312000000000126,0.0,0.06879999999998743,0.0
EX_13-EE_c,EX_13,EE,EE_UND,UND,1,847.38,848.38,845.38,850.38,5.0,0.0,1.0,0.0,1.0,0,-0.0,0.0,1.0,0.0,1.0,0,-0.0,0.0,0.0,0,0.0,0.0,1,5.0,5.0,0,0.0,0.0,0.0,1.0,0.0,0,1,0,1,1,0,0,0,0,0,0.0,0.0,1,5.0,5.0,0,0.0,0.0,0.0,1.0,0.0,0,1,0,0,0,1,1,0,0,0.0,0.0,0.0,0.0,0.0,0.0,0.0,0.0,0.0,0.0,0.0,0.0,1.0,0.0,1.0,0.0,-0.0,0.0,0.0,1.0,1.0,0.0,1.0,1.0,0.0,0.0,0.0
EX_13-EE_c,EX_13,EE,EE_UND,NON_UND,0,863.66,864.66,861.66,866.66,5.0,0.0,0.9608000000000174,0.0,0.9608000000000174,0,-0.0,0.2758000000000038,0.6601999999999635,0.0,0.9359999999999673,4,0.874662669042287,0.0,0.0,0,0.0,0.0,3,1.6013333333333624,3.2509999999999764,0,0.0,0.0,0.0,1.0,0.0,0,1,0,1,1,0,0,0,0,3,0.45966666666667305,0.6850000000000591,5,0.6601999999999635,1.4359999999999218,0,0.0,0.0,0.8,0.0,0.13700000000001183,0,1,0,1,1,0,0,0,0,0.0,0.0,0.0,0.0,0.0,0.0,0.5,0.0,0.5,0.0,0.0,0.0,0.6956521739130435,0.0,0.6956521739130435,0.30434782608695654,0.8865408928220899,0.0,0.0,0.9608000000000174,0.9608000000000174,0.41775219630417915,0.9359999999999673,0.38439999999995966,0.2758000000000038,0.30060000000005394,0.874662669042287
EX_13-EE_c,EX_13,EE,EE_UND,NON_UND,0,948.78,949.78,946.78,951.78,5.0,0.0,0.9801999999999907,0.0,0.9801999999999907,0,-0.0,0.0,0.9455999999999903,0.0,0.9455999999999903,0,-0.0,0.0,0.0,0,0.0,0.0,2,2.450499999999977,4.836999999999989,0,0.0,0.0,0.0,1.0,0.0,0,1,0,1,1,0,0,0,0,0,0.0,0.0,4,1.181999999999988,2.3479999999999563,0,0.0,0.0,0.0,1.0,0.0,0,1,0,0,0,1,1,0,0,0.0,0.0,0.0,0.0,0.0,0.0,0.0,0.0,0.0,0.0,0.0,0.0,1.0,0.0,1.0,0.0,-0.0,0.0,0.0,0.9801999999999907,0.9801999999999907,0.0,0.9455999999999903,0.9455999999999903,0.0,0.03460000000000041,0.0
EX_13-EE_c,EX_13,EE,EE_UND,UND,1,1098.62,1099.62,1096.62,1101.62,5.0,0.0,0.9473999999999705,0.0,0.9473999999999705,0,-0.0,0.09459999999999127,0.8307999999999993,0.0,0.9253999999999906,4,0.4760125927508756,0.0,0.0,0,0.0,0.0,3,1.5789999999999509,2.48700000000008,0,0.0,0.0,0.0,1.0,0.0,0,1,0,1,1,0,0,0,0,2,0.23649999999997817,0.28099999999994907,5,0.8307999999999993,1.7210000000000036,0,0.0,0.0,0.8,0.027200000000038926,0.0,0,1,0,0,0,1,1,0,0,0.0,0.0,0.0,0.0,0.0,0.0,0.5,0.0,0.5,0.0,0.0,0.0,0.9090909090909091,0.0,0.9090909090909091,0.09090909090909091,0.4394969869215134,0.0,0.0,0.9473999999999705,0.9473999999999705,0.11386615310543013,0.9253999999999906,0.7362000000000081,0.09459999999999127,0.11659999999997117,0.4760125927508756
EX_13-EE_c,EX_13,EE,EE_UND,NON_UND,0,1166.02,1167.02,1164.02,1169.02,5.0,0.0,1.0,0.0,1.0,0,-0.0,0.0,0.9302000000000135,0.0,0.9302000000000135,0,-0.0,0.0,0.0,0,0.0,0.0,1,5.0,5.0,0,0.0,0.0,0.0,1.0,0.0,0,1,0,1,1,0,0,0,0,0,0.0,0.0,6,0.7751666666666779,1.8460000000000036,0,0.0,0.0,0.0,1.0,0.0,0,1,0,0,0,1,1,0,0,0.0,0.0,0.0,0.0,0.0,0.0,0.0,0.0,0.0,0.0,0.0,0.0,1.0,0.0,1.0,0.0,-0.0,0.0,0.0,1.0,1.0,0.0,0.9302000000000135,0.9302000000000135,0.0,0.06979999999998654,0.0
EX_13-EE_c,EX_13,EE,EE_UND,NON_UND,0,1170.26,1171.26,1168.26,1173.26,5.0,0.0,0.9796000000000277,0.0,0.9796000000000277,0,-0.0,0.0,0.9426000000000385,0.0,0.9426000000000385,0,-0.0,0.0,0.0,0,0.0,0.0,2,2.449000000000069,4.150000000000091,0,0.0,0.0,0.0,1.0,0.0,0,1,0,1,1,0,0,0,0,0,0.0,0.0,4,1.1782500000000482,3.5190000000000055,0,0.0,0.0,0.0,1.0,0.0,0,1,0,0,0,1,1,0,0,0.0,0.0,0.0,0.0,0.0,0.0,0.0,0.0,0.0,0.0,0.0,0.0,1.0,0.0,1.0,0.0,-0.0,0.0,0.0,0.9796000000000277,0.9796000000000277,0.0,0.9426000000000385,0.9426000000000385,0.0,0.03699999999998915,0.0
EX_13-EE_c,EX_13,EE,EE_UND,MISUND,0,1217.0,1218.0,1215.0,1220.0,5.0,0.0,0.6072000000000116,0.0,0.6072000000000116,0,-0.0,0.0,0.6019999999999982,0.0,0.6019999999999982,0,-0.0,0.0,0.0,0,0.0,0.0,1,3.036000000000058,3.036000000000058,0,0.0,0.0,0.0,1.0,0.0,0,1,0,1,1,0,0,0,0,0,0.0,0.0,1,3.009999999999991,3.009999999999991,0,0.0,0.0,0.0,1.0,0.0,0,1,0,0,0,1,1,0,0,0.0,0.0,0.0,0.0,0.0,0.0,0.0,0.0,0.0,0.0,0.0,0.0,1.0,0.0,1.0,0.0,-0.0,0.0,0.0,0.6072000000000116,0.6072000000000116,0.0,0.6019999999999982,0.6019999999999982,0.0,0.005200000000013416,0.0
EX_13-EE_c,EX_13,EX,EX_UND,PART_UND,0,121.38,122.38,119.38,124.38,5.0,0.37960000000000205,0.5713999999999999,0.0,0.951000000000002,2,0.97045638501159,0.2687999999999988,0.6183999999999997,0.0,0.8871999999999985,3,0.8848979577473082,0.10360000000000014,0.10360000000000014,1,1.8980000000000103,1.8980000000000103,3,0.9523333333333331,1.6940000000000026,0,0.0,0.0,0.4,0.19759999999999991,0.0,0,1,0,1,1,0,0,0,0,3,0.447999999999998,0.7469999999999999,5,0.6183999999999997,1.3739999999999952,0,0.0,0.0,0.6,0.18400000000000033,0.0,0,1,0,0,1,1,0,0,0,0.5,0.0,0.5,0.0,0.0,0.0,0.3333333333333333,0.0,0.6666666666666666,0.0,0.0,0.0,0.4523809523809524,0.14285714285714285,0.5952380952380952,0.40476190476190477,1.8260335997051347,0.12271439821557928,0.6643332166608368,0.951000000000002,0.19179999999999786,0.43467011642949377,0.8871999999999985,0.3496000000000009,0.11080000000000323,0.04699999999999982,0.08555842726428187
EX_13-EE_c,EX_13,EX,EX_UND,UND,1,147.86,148.86,145.86,150.86,5.0,0.08500000000000227,0.8285999999999945,0.0,0.9135999999999967,1,0.4465315231223732,0.5747999999999991,0.3132000000000005,0.0,0.8879999999999996,2,0.9364586642833801,0.055400000000003044,0.055400000000003044,1,0.42500000000001137,0.42500000000001137,3,1.3809999999999907,2.1689999999999827,0,0.0,0.0,0.2,0.017999999999995,0.11979999999999791,0,1,0,0,1,1,0,0,0,3,0.9579999999999984,1.3999999999999773,2,0.7830000000000013,0.9000000000000057,0,0.0,0.0,0.4,0.0,0.0919999999999959,1,0,0,1,1,0,0,0,0,1.0,0.0,0.0,0.0,0.0,0.0,0.5,0.0,0.5,0.0,0.0,0.0,0.34146341463414637,0.07317073170731707,0.4146341463414634,0.5853658536585366,1.4038987997331758,0.07908433001759108,0.10258266956312194,0.9135999999999967,0.7435999999999922,1.8352490421455883,0.8879999999999996,-0.2615999999999986,0.4897999999999968,0.515399999999994,0.4899271411610069
EX_13-EE_c,EX_13,EX,EX_UND,UND,1,175.42,176.42,173.42,178.42,5.0,0.2184000000000026,0.705400000000003,0.0,0.9238000000000056,2,0.7890272236596326,0.15459999999999924,0.779000000000002,0.0,0.9336000000000013,2,0.6475293831387113,0.15459999999999924,0.15459999999999924,1,1.092000000000013,1.092000000000013,4,0.8817500000000038,1.3959999999999866,0,0.0,0.0,0.4,0.11899999999999977,0.0,0,1,0,1,1,0,0,0,0,1,0.7729999999999961,0.7729999999999961,5,0.779000000000002,1.7480000000000189,0,0.0,0.0,0.4,0.1612000000000023,0.0,0,1,0,0,0,1,1,0,0,0.5,0.0,0.5,0.0,0.0,0.0,0.5,0.0,0.5,0.0,0.0,0.0,0.7857142857142857,0.16666666666666666,0.9523809523809523,0.047619047619047616,0.9133533657970414,0.8563488385776753,0.30961156790473726,0.9238000000000056,0.48700000000000043,0.19845956354300237,0.9336000000000013,0.6244000000000027,0.06380000000000335,0.073599999999999,0.1414978405209213
EX_13-EE_c,EX_13,EX,EX_UND,NON_UND,0,185.7,186.7,183.7,188.7,5.0,0.5187999999999988,0.45200000000000384,0.0,0.9708000000000027,2,0.9965819283854418,0.11960000000000263,0.39159999999999967,0.32579999999999815,0.8370000000000004,4,1.4436611438289724,0.03740000000000236,0.03740000000000236,2,1.296999999999997,1.84699999999998,2,1.1300000000000097,1.8300000000000125,0,0.0,0.0,0.4,0.0,0.1494000000000028,1,0,0,0,0,1,1,0,0,2,0.2990000000000066,0.32099999999999795,5,0.39159999999999967,1.0249999999999773,2,0.8144999999999953,1.4579999999999984,0.8,0.11200000000000046,0.0,0,1,0,0,0,1,1,0,0,0.5,0.0,0.5,0.0,0.0,0.0,0.25,0.0,0.25,0.25,0.0,0.25,0.12195121951219512,0.04878048780487805,0.17073170731707318,0.43902439024390244,2.291772910375922,-0.12088642012256094,1.1477876106194567,0.9708000000000027,-0.06679999999999497,0.3054136874361663,0.5112000000000023,0.271999999999997,0.39919999999999617,0.06040000000000417,0.4470792154435306
EX_13-EE_c,EX_13,EX,EX_UND,UND,1,190.5,191.5,188.5,193.5,5.0,0.5361999999999967,0.4225999999999999,0.0,0.9587999999999965,1,0.9898500057234397,0.2829999999999984,0.023399999999998044,0.6146000000000015,0.9209999999999979,2,1.047142871030986,0.2829999999999984,0.2829999999999984,2,1.3404999999999916,2.4269999999999925,2,1.0564999999999998,1.2949999999999875,0,0.0,0.0,0.2,0.0,0.5636000000000024,1,0,0,0,1,1,0,0,0,2,0.707499999999996,1.2510000000000048,1,0.11699999999999022,0.11699999999999022,3,1.0243333333333358,1.7489999999999952,0.4,0.04320000000000164,0.0,0,0,1,0,0,1,0,0,1,1.0,0.0,0.0,0.0,0.0,0.0,0.0,0.5,0.5,0.0,0.0,0.0,0.0,0.3111111111111111,0.3111111111111111,0.044444444444444446,1.7080563003400187,0.6010743070375286,1.2688121154756196,0.9587999999999965,-0.11359999999999676,12.094017094018037,0.30639999999999645,-0.2596000000000004,0.25319999999999826,0.3992000000000019,0.05729286530754629
EX_13-EE_c,EX_13,EX,EX_UND,PART_UND,0,217.58,218.58,215.58,220.58,5.0,0.45419999999999733,0.48180000000000406,0.0,0.9360000000000014,3,0.9993727019126857,0.1400000000000034,0.6814000000000021,0.0,0.8214000000000056,1,0.6587119466041217,0.1400000000000034,0.1400000000000034,4,0.5677499999999966,1.009999999999991,2,1.2045000000000101,1.781000000000006,0,0.0,0.0,0.6,0.0,0.272199999999998,0,1,0,0,1,1,0,0,0,1,0.700000000000017,0.700000000000017,5,0.6814000000000021,1.2349999999999852,0,0.0,0.0,0.2,0.02419999999999618,0.21399999999999864,0,1,0,1,0,0,1,0,0,0.6666666666666666,0.0,0.3333333333333333,0.0,0.0,0.0,1.0,0.0,0.0,0.0,0.0,0.0,0.5365853658536586,0.17073170731707318,0.7073170731707317,0.2926829268292683,1.4361244418600925,0.48825207923700326,0.9427148194271348,0.9360000000000014,0.02760000000000673,0.20545934840035657,0.8214000000000055,0.5413999999999988,0.31419999999999393,0.19959999999999806,0.340660755308564
EX_13-EE_c,EX_13,EX,EX_UND,UND,1,255.82,256.82,253.82,258.82,5.0,0.21900000000000547,0.6866000000000099,0.0,0.9056000000000154,2,0.798068012376009,0.6534000000000049,0.32499999999998863,0.0,0.9783999999999935,4,0.9171331222356115,0.21680000000000063,0.21680000000000063,1,1.0950000000000273,1.0950000000000273,5,0.6866000000000099,1.2729999999999677,0,0.0,0.0,0.4,0.4981999999999971,0.0,0,1,0,1,1,0,0,0,0,2,1.6335000000000122,2.3070000000000164,3,0.5416666666666478,1.0099999999999625,0,0.0,0.0,0.8,0.08480000000000132,0.0,1,0,0,0,0,1,1,0,0,0.5,0.0,0.5,0.0,0.0,0.0,0.5,0.0,0.5,0.0,0.0,0.0,0.3409090909090909,0.22727272727272727,0.5681818181818182,0.4318181818181818,1.5382211041275353,0.39003822561925783,0.3189630061171021,0.9056000000000153,0.4676000000000044,2.0104615384616236,0.9783999999999935,-0.32840000000001623,0.4343999999999994,0.36160000000002124,0.1190651098596025
EX_13-EE_c,EX_13,EX,EX_UND,PART_UND,0,258.86,259.86,256.86,261.86,5.0,0.3423999999999978,0.6077999999999975,0.0,0.9501999999999953,2,0.9429693502390868,0.7214000000000056,0.2522000000000048,0.0,0.9736000000000103,2,0.8252921682922751,0.3423999999999978,0.3423999999999978,2,0.8559999999999945,1.1659999999999968,1,3.0389999999999873,3.0389999999999873,0,0.0,0.0,0.4,0.0,0.13740000000000235,0,1,0,0,0,1,1,0,0,2,1.8035000000000139,1.8380000000000223,3,0.4203333333333414,0.6709999999999923,0,0.0,0.0,0.4,0.0,0.3538000000000011,1,0,0,1,1,0,0,0,0,0.5,0.0,0.5,0.0,0.0,0.0,0.5,0.0,0.5,0.0,0.0,0.0,0.2765957446808511,0.3617021276595745,0.6382978723404256,0.3617021276595745,1.5741749593724088,0.46547466812563143,0.563343205001644,0.9501999999999953,0.26539999999999964,2.86042823156222,0.9736000000000105,-0.4692000000000008,0.3790000000000078,0.35559999999999264,0.11767718194681165
EX_13-EE_c,EX_13,EX,EX_UND,UND,1,304.18,305.18,302.18,307.18,5.0,0.4381999999999948,0.5141999999999939,0.0,0.9523999999999887,1,0.9954017264641797,0.786200000000008,0.08439999999999373,0.0,0.8706000000000017,2,0.4592348086726585,0.32159999999998945,0.32159999999998945,1,2.190999999999974,2.190999999999974,3,0.8569999999999899,1.204999999999984,0,0.0,0.0,0.2,0.0,0.45320000000000393,0,1,0,0,1,1,0,0,0,4,0.98275000000001,1.899000000000001,2,0.2109999999999843,0.3569999999999709,0,0.0,0.0,0.4,0.09460000000000264,0.0,1,0,0,0,0,1,1,0,0,1.0,0.0,0.0,0.0,0.0,0.0,0.5,0.0,0.5,0.0,0.0,0.0,0.0,0.3902439024390244,0.3902439024390244,0.6097560975609756,1.3517308856338406,-0.3369176657783226,0.8521975884869701,0.9523999999999887,0.07599999999999907,9.315165876778037,0.8706000000000017,-0.7018000000000143,0.3480000000000132,0.4298000000000002,0.5361669177915211
EX_13-EE_c,EX_13,EX,EX_UND,PART_UND,0,327.0,328.0,325.0,330.0,5.0,0.757400000000007,0.1066000000000031,0.0,0.86400000000001,2,0.5389981076029349,0.5942000000000007,0.33460000000000034,0.0,0.9288000000000011,3,0.9428903339424011,0.502800000000002,0.502800000000002,3,1.2623333333333449,2.629000000000019,2,0.26650000000000773,0.38900000000001,0,0.0,0.0,0.4,0.05539999999999736,0.0,1,0,0,1,1,0,0,0,0,2,1.4855000000000018,1.9180000000000064,4,0.41825000000000045,0.8909999999999627,0,0.0,0.0,0.6,0.0,0.2302000000000021,1,0,0,1,0,0,1,0,0,0.5,0.0,0.5,0.0,0.0,0.0,0.6666666666666666,0.0,0.3333333333333333,0.0,0.0,0.0,0.06976744186046512,0.6046511627906976,0.6744186046511628,0.32558139534883723,1.4265933551094063,0.19115792785929298,7.105065666041135,0.8640000000000101,-0.6508000000000038,1.7758517632994624,0.9288000000000011,-0.2596000000000004,0.16320000000000623,0.22799999999999726,0.4038922263394662
EX_13-EE_c,EX_13,EX,EX_UND,UND,1,329.02,330.02,327.02,332.02,5.0,0.40880000000000793,0.2696000000000026,0.0,0.6784000000000106,1,0.9694127587879493,0.2622000000000071,0.7045999999999936,0.0,0.9668000000000007,1,0.8431869599456762,0.22620000000000573,0.22620000000000573,3,0.6813333333333466,0.8860000000000241,2,0.6740000000000066,0.9590000000000032,0,0.0,0.0,0.2,0.0,0.458400000000006,1,0,0,0,1,1,0,0,0,1,1.3110000000000355,1.3110000000000355,3,1.1743333333333226,2.4909999999999854,0,0.0,0.0,0.2,0.0,0.2622000000000071,0,1,0,1,0,0,1,0,0,1.0,0.0,0.0,0.0,0.0,0.0,1.0,0.0,0.0,0.0,0.0,0.0,0.36363636363636365,0.36363636363636365,0.7272727272727273,0.2727272727272727,1.5726236638951638,0.5714285714285714,1.5163204747774628,0.6784000000000106,-0.13920000000000532,0.3721260289526107,0.9668000000000007,0.44239999999998647,0.14660000000000084,0.43499999999999095,0.12622579884227314
EX_13-EE_c,EX_13,EX,EX_UND,MISUND,0,360.3,361.3,358.3,363.3,5.0,0.28980000000000244,0.6435999999999922,0.0,0.9333999999999947,4,0.8937242531884809,0.2731999999999971,0.6519999999999981,0.0,0.9251999999999952,2,0.8754538680572049,0.0,0.0,2,0.7245000000000061,0.9070000000000391,4,0.8044999999999902,1.4850000000000136,0,0.0,0.0,0.8,0.07339999999999236,0.0,0,1,0,1,1,0,0,0,0,1,1.3659999999999854,1.3659999999999854,6,0.5433333333333318,1.1059999999999945,0,0.0,0.0,0.4,0.6057999999999992,0.0,0,1,0,0,0,1,1,0,0,0.5,0.0,0.5,0.0,0.0,0.0,0.5,0.0,0.5,0.0,0.0,0.0,0.4418604651162791,0.0,0.4418604651162791,0.5581395348837209,1.5483642251035894,-0.3870967741935484,0.4502796768179086,0.9333999999999947,0.35379999999998973,0.4190184049079722,0.9251999999999952,0.378800000000001,0.016600000000005333,0.008400000000005958,0.01827038513127599
EX_13-EE_c,EX_13,EX,EX_UND,UND,1,382.9,383.9,380.9,385.9,5.0,0.0,0.9588000000000079,0.0,0.9588000000000079,0,-0.0,0.6960000000000036,0.23460000000000036,0.0,0.930600000000004,2,0.8145824293439565,0.0,0.0,0,0.0,0.0,4,1.19850000000001,1.6970000000000027,0,0.0,0.0,0.0,1.0,0.0,0,1,0,1,1,0,0,0,0,3,1.1600000000000061,2.6550000000000296,1,1.1730000000000018,1.1730000000000018,0,0.0,0.0,0.4,0.0,0.6228000000000066,1,0,0,1,1,0,0,0,0,0.0,0.0,0.0,0.0,0.0,0.0,0.5,0.0,0.5,0.0,0.0,0.0,0.25,0.0,0.25,0.75,0.8112781244591328,0.0,0.0,0.9588000000000079,0.9588000000000079,2.9667519181585784,0.930600000000004,-0.46140000000000325,0.6960000000000036,0.7242000000000075,0.8145824293439565
EX_13-EE_c,EX_13,EX,EX_UND,NON_UND,0,431.22,432.22,429.22,434.22,5.0,0.0,0.980600000000004,0.0,0.980600000000004,0,-0.0,0.0,0.9628000000000043,0.0,0.9628000000000043,0,-0.0,0.0,0.0,0,0.0,0.0,2,2.45150000000001,4.432999999999993,0,0.0,0.0,0.0,1.0,0.0,0,1,0,1,1,0,0,0,0,0,0.0,0.0,3,1.6046666666666738,2.8419999999999845,0,0.0,0.0,0.0,1.0,0.0,0,1,0,0,0,1,1,0,0,0.0,0.0,0.0,0.0,0.0,0.0,0.0,0.0,0.0,0.0,0.0,0.0,1.0,0.0,1.0,0.0,-0.0,0.0,0.0,0.980600000000004,0.980600000000004,0.0,0.9628000000000043,0.9628000000000043,0.0,0.017799999999999705,0.0
EX_13-EE_c,EX_13,EX,EX_UND,UND,1,446.46,447.46,444.46,449.46,5.0,0.0,0.9807999999999992,0.0,0.9807999999999992,0,-0.0,0.0,0.9461999999999989,0.0,0.9461999999999989,0,-0.0,0.0,0.0,0,0.0,0.0,2,2.451999999999998,3.6749999999999545,0,0.0,0.0,0.0,1.0,0.0,0,1,0,1,1,0,0,0,0,0,0.0,0.0,4,1.1827499999999986,2.382000000000005,0,0.0,0.0,0.0,1.0,0.0,0,1,0,0,0,1,1,0,0,0.0,0.0,0.0,0.0,0.0,0.0,0.0,0.0,0.0,0.0,0.0,0.0,1.0,0.0,1.0,0.0,-0.0,0.0,0.0,0.9807999999999992,0.9807999999999992,0.0,0.9461999999999989,0.9461999999999989,0.0,0.0346000000000003,0.0
EX_13-EE_c,EX_13,EX,EX_UND,UND,1,607.18,608.18,605.18,610.18,5.0,0.0,1.0,0.0,1.0,0,-0.0,0.04240000000002055,0.8977999999999838,0.0,0.9402000000000044,1,0.26519146991681014,0.0,0.0,0,0.0,0.0,1,5.0,5.0,0,0.0,0.0,0.0,1.0,0.0,0,1,0,1,1,0,0,0,0,1,0.21200000000010277,0.21200000000010277,5,0.8977999999999838,3.4440000000000737,0,0.0,0.0,0.2,0.0,0.04240000000002055,0,1,0,1,0,0,1,0,0,0.0,0.0,0.0,0.0,0.0,0.0,1.0,0.0,0.0,0.0,0.0,0.0,0.9361702127659575,0.0,0.9361702127659575,0.06382978723404255,0.3424637724817959,0.0,0.0,1.0,1.0,0.047226553798197055,0.9402000000000044,0.8553999999999633,0.04240000000002055,0.10220000000001617,0.26519146991681014
EX_13-EE_c,EX_13,EX,EX_UND,UND,1,638.22,639.22,636.22,641.22,5.0,0.0,1.0,0.0,1.0,0,-0.0,0.0,0.9704000000000178,0.0,0.9704000000000178,0,-0.0,0.0,0.0,0,0.0,0.0,1,5.0,5.0,0,0.0,0.0,0.0,1.0,0.0,0,1,0,1,1,0,0,0,0,0,0.0,0.0,3,1.617333333333363,1.9389999999999645,0,0.0,0.0,0.0,1.0,0.0,0,1,0,0,0,1,1,0,0,0.0,0.0,0.0,0.0,0.0,0.0,0.0,0.0,0.0,0.0,0.0,0.0,1.0,0.0,1.0,0.0,-0.0,0.0,0.0,1.0,1.0,0.0,0.9704000000000178,0.9704000000000178,0.0,0.029599999999982196,0.0
EX_13-EE_c,EX_13,EX,EX_UND,PART_UND,0,654.0,655.0,652.0,657.0,5.0,0.0,0.98900000000001,0.0,0.98900000000001,0,-0.0,0.0,0.9288000000000238,0.0,0.9288000000000238,0,-0.0,0.0,0.0,0,0.0,0.0,1,4.94500000000005,4.94500000000005,0,0.0,0.0,0.0,1.0,0.0,0,1,0,1,1,0,0,0,0,0,0.0,0.0,5,0.9288000000000238,2.133000000000038,0,0.0,0.0,0.0,1.0,0.0,0,1,0,0,0,1,1,0,0,0.0,0.0,0.0,0.0,0.0,0.0,0.0,0.0,0.0,0.0,0.0,0.0,1.0,0.0,1.0,0.0,-0.0,0.0,0.0,0.98900000000001,0.98900000000001,0.0,0.9288000000000238,0.9288000000000238,0.0,0.060199999999986153,0.0
EX_13-EE_c,EX_13,EX,EX_UND,UND,1,660.1,661.1,658.1,663.1,5.0,0.0,0.9779999999999973,0.0,0.9779999999999973,0,-0.0,0.0,0.980600000000004,0.0,0.980600000000004,0,-0.0,0.0,0.0,0,0.0,0.0,2,2.444999999999993,3.9160000000000537,0,0.0,0.0,0.0,1.0,0.0,0,1,0,1,1,0,0,0,0,0,0.0,0.0,2,2.45150000000001,3.147000000000048,0,0.0,0.0,0.0,1.0,0.0,0,1,0,0,0,1,1,0,0,0.0,0.0,0.0,0.0,0.0,0.0,0.0,0.0,0.0,0.0,0.0,0.0,1.0,0.0,1.0,0.0,-0.0,0.0,0.0,0.9779999999999973,0.9779999999999973,0.0,0.980600000000004,0.980600000000004,0.0,0.002600000000006708,0.0
EX_13-EE_c,EX_13,EX,EX_UND,UND,1,693.82,694.82,691.82,696.82,5.0,0.0,0.977800000000002,0.0,0.977800000000002,0,-0.0,0.0,0.9754000000000133,0.0,0.9754000000000133,0,-0.0,0.0,0.0,0,0.0,0.0,2,2.444500000000005,2.546000000000049,0,0.0,0.0,0.0,1.0,0.0,0,1,0,1,1,0,0,0,0,0,0.0,0.0,2,2.438500000000033,3.850999999999999,0,0.0,0.0,0.0,1.0,0.0,0,1,0,0,0,1,1,0,0,0.0,0.0,0.0,0.0,0.0,0.0,0.0,0.0,0.0,0.0,0.0,0.0,1.0,0.0,1.0,0.0,-0.0,0.0,0.0,0.977800000000002,0.977800000000002,0.0,0.9754000000000133,0.9754000000000133,0.0,0.0023999999999887445,0.0
EX_13-EE_c,EX_13,EX,EX_UND,UND,1,716.26,717.26,714.26,719.26,5.0,0.0,1.0,0.0,1.0,0,-0.0,0.0,0.9751999999999953,0.0,0.9751999999999953,0,-0.0,0.0,0.0,0,0.0,0.0,1,5.0,5.0,0,0.0,0.0,0.0,1.0,0.0,0,1,0,1,1,0,0,0,0,0,0.0,0.0,2,2.437999999999988,4.2409999999999854,0,0.0,0.0,0.0,1.0,0.0,0,1,0,0,0,1,1,0,0,0.0,0.0,0.0,0.0,0.0,0.0,0.0,0.0,0.0,0.0,0.0,0.0,1.0,0.0,1.0,0.0,-0.0,0.0,0.0,1.0,1.0,0.0,0.9751999999999953,0.9751999999999953,0.0,0.024800000000004707,0.0
EX_13-EE_c,EX_13,EX,EX_UND,UND,1,763.9,764.9,761.9,766.9,5.0,0.0,0.9795999999999822,0.0,0.9795999999999822,0,-0.0,0.0,0.9544000000000097,0.0,0.9544000000000097,0,-0.0,0.0,0.0,0,0.0,0.0,2,2.4489999999999554,4.351999999999975,0,0.0,0.0,0.0,1.0,0.0,0,1,0,1,1,0,0,0,0,0,0.0,0.0,3,1.5906666666666827,2.8350000000000364,0,0.0,0.0,0.0,1.0,0.008799999999996543,0,1,0,0,0,1,1,0,0,0.0,0.0,0.0,0.0,0.0,0.0,0.0,0.0,0.0,0.0,0.0,0.0,1.0,0.0,1.0,0.0,-0.0,0.0,0.0,0.9795999999999822,0.9795999999999822,0.0,0.9544000000000097,0.9544000000000097,0.0,0.025199999999972467,0.0
EX_13-EE_c,EX_13,EX,EX_UND,MISUND,0,786.14,787.14,784.14,789.14,5.0,0.0,1.0,0.0,1.0,0,-0.0,0.0,0.9799999999999954,0.0,0.9799999999999954,0,-0.0,0.0,0.0,0,0.0,0.0,1,5.0,5.0,0,0.0,0.0,0.0,1.0,0.0,0,1,0,1,1,0,0,0,0,0,0.0,0.0,2,2.4499999999999886,4.6580000000000155,0,0.0,0.0,0.0,1.0,0.0,0,1,0,0,0,1,1,0,0,0.0,0.0,0.0,0.0,0.0,0.0,0.0,0.0,0.0,0.0,0.0,0.0,1.0,0.0,1.0,0.0,-0.0,0.0,0.0,1.0,1.0,0.0,0.9799999999999954,0.9799999999999954,0.0,0.02000000000000457,0.0
EX_13-EE_c,EX_13,EX,EX_UND,UND,1,821.58,822.58,819.58,824.58,5.0,0.0,1.0,0.0,1.0,0,-0.0,0.0,0.9683999999999969,0.0,0.9683999999999969,0,-0.0,0.0,0.0,0,0.0,0.0,1,5.0,5.0,0,0.0,0.0,0.0,1.0,0.0,0,1,0,1,1,0,0,0,0,0,0.0,0.0,3,1.6139999999999948,4.348999999999933,0,0.0,0.0,0.0,1.0,0.0,0,1,0,0,0,1,1,0,0,0.0,0.0,0.0,0.0,0.0,0.0,0.0,0.0,0.0,0.0,0.0,0.0,1.0,0.0,1.0,0.0,-0.0,0.0,0.0,1.0,1.0,0.0,0.9683999999999969,0.9683999999999969,0.0,0.03160000000000307,0.0
EX_13-EE_c,EX_13,EX,EX_UND,PART_UND,0,867.5,868.5,865.5,870.5,5.0,0.102800000000002,0.8634000000000241,0.0,0.9662000000000261,2,0.4889491577618713,0.3421999999999798,0.6228000000000066,0.0,0.9649999999999863,4,0.9381191347166759,0.04480000000000928,0.04480000000000928,1,0.51400000000001,0.51400000000001,2,2.1585000000000605,2.6510000000000673,0,0.0,0.0,0.4,0.3523999999999887,0.0,0,1,0,1,1,0,0,0,0,2,0.8554999999999495,1.2719999999999345,4,0.7785000000000082,1.4009999999999536,0,0.0,0.0,0.8,0.14280000000001108,0.0,0,1,0,0,0,1,1,0,0,0.5,0.0,0.5,0.0,0.0,0.0,0.5,0.0,0.5,0.0,0.0,0.0,0.5957446808510638,0.0425531914893617,0.6382978723404256,0.3617021276595745,1.412805995750343,0.043378801621385604,0.11906416492934807,0.9662000000000261,0.7606000000000221,0.5494540783557742,0.9649999999999863,0.2806000000000268,0.2393999999999778,0.24060000000001758,0.44916997695480454
EX_13-EE_c,EX_13,EX,EX_UND,UND,1,914.74,915.74,912.74,917.74,5.0,0.0,0.9250000000000227,0.0,0.9250000000000227,0,-0.0,0.0,0.9477999999999838,0.0,0.9477999999999838,0,-0.0,0.0,0.0,0,0.0,0.0,3,1.5416666666667045,2.546000000000049,0,0.0,0.0,0.0,1.0,0.0,0,1,0,1,1,0,0,0,0,0,0.0,0.0,3,1.5796666666666397,2.072999999999979,0,0.0,0.0,0.0,1.0,0.0,0,1,0,0,0,1,1,0,0,0.0,0.0,0.0,0.0,0.0,0.0,0.0,0.0,0.0,0.0,0.0,0.0,1.0,0.0,1.0,0.0,-0.0,0.0,0.0,0.9250000000000227,0.9250000000000227,0.0,0.9477999999999838,0.9477999999999838,0.0,0.022799999999961074,0.0
EX_13-EE_c,EX_13,EX,EX_UND,PART_UND,0,949.1,950.1,947.1,952.1,5.0,0.0,0.9801999999999907,0.0,0.9801999999999907,0,-0.0,0.0,0.9455999999999903,0.0,0.9455999999999903,0,-0.0,0.0,0.0,0,0.0,0.0,2,2.450499999999977,4.516999999999939,0,0.0,0.0,0.0,1.0,0.0,0,1,0,1,1,0,0,0,0,0,0.0,0.0,4,1.181999999999988,2.3479999999999563,0,0.0,0.0,0.0,1.0,0.0,0,1,0,0,0,1,1,0,0,0.0,0.0,0.0,0.0,0.0,0.0,0.0,0.0,0.0,0.0,0.0,0.0,1.0,0.0,1.0,0.0,-0.0,0.0,0.0,0.9801999999999907,0.9801999999999907,0.0,0.9455999999999903,0.9455999999999903,0.0,0.03460000000000041,0.0
EX_13-EE_c,EX_13,EX,EX_UND,UND,1,1009.62,1010.62,1007.62,1012.62,5.0,0.0,1.0,0.0,1.0,0,-0.0,0.0,0.9509999999999763,0.0,0.9509999999999763,0,-0.0,0.0,0.0,0,0.0,0.0,1,5.0,5.0,0,0.0,0.0,0.0,1.0,0.0,0,1,0,1,1,0,0,0,0,0,0.0,0.0,4,1.1887499999999704,2.7229999999999563,0,0.0,0.0,0.0,1.0,0.0,0,1,0,0,0,1,1,0,0,0.0,0.0,0.0,0.0,0.0,0.0,0.0,0.0,0.0,0.0,0.0,0.0,1.0,0.0,1.0,0.0,-0.0,0.0,0.0,1.0,1.0,0.0,0.9509999999999763,0.9509999999999763,0.0,0.04900000000002369,0.0
EX_13-EE_c,EX_13,EX,EX_UND,UND,1,1017.82,1018.82,1015.82,1020.82,5.0,0.0,1.0,0.0,1.0,0,-0.0,0.0,0.9819999999999937,0.0,0.9819999999999937,0,-0.0,0.0,0.0,0,0.0,0.0,1,5.0,5.0,0,0.0,0.0,0.0,1.0,0.0,0,1,0,1,1,0,0,0,0,0,0.0,0.0,2,2.454999999999984,4.050999999999931,0,0.0,0.0,0.0,1.0,0.0,0,1,0,0,0,1,1,0,0,0.0,0.0,0.0,0.0,0.0,0.0,0.0,0.0,0.0,0.0,0.0,0.0,1.0,0.0,1.0,0.0,-0.0,0.0,0.0,1.0,1.0,0.0,0.9819999999999937,0.9819999999999937,0.0,0.018000000000006344,0.0
EX_13-EE_c,EX_13,EX,EX_UND,UND,1,1178.7,1179.7,1176.7,1181.7,5.0,0.0,0.9809999999999945,0.0,0.9809999999999945,0,-0.0,0.0,0.9004000000000361,0.0,0.9004000000000361,0,-0.0,0.0,0.0,0,0.0,0.0,2,2.4524999999999864,3.2409999999999854,0,0.0,0.0,0.0,1.0,0.0,0,1,0,1,1,0,0,0,0,0,0.0,0.0,7,0.6431428571428829,1.4230000000000018,0,0.0,0.0,0.0,1.0,0.0,0,1,0,0,0,1,1,0,0,0.0,0.0,0.0,0.0,0.0,0.0,0.0,0.0,0.0,0.0,0.0,0.0,1.0,0.0,1.0,0.0,-0.0,0.0,0.0,0.9809999999999945,0.9809999999999945,0.0,0.9004000000000361,0.9004000000000361,0.0,0.08059999999995848,0.0
EX_16-EE_a,EX_16,EE,EE_UND,NON_UND,0,63.0,64.0,61.0,66.0,5.0,0.5320000000000007,0.4215999999999994,0.0,0.9536000000000001,2,0.9903099838671956,0.10240000000000009,0.8775999999999982,0.0,0.9799999999999983,2,0.48306844367580926,0.007800000000000295,0.007800000000000295,2,1.3300000000000018,2.2989999999999995,1,2.107999999999997,2.107999999999997,0,0.0,0.0,0.4,0.0,0.4793999999999997,1,0,0,0,0,1,1,0,0,1,0.5120000000000005,0.5120000000000005,3,1.4626666666666637,2.259999999999998,0,0.0,0.0,0.4,0.4519999999999996,0.0,0,1,0,0,0,1,1,0,0,0.5,0.0,0.5,0.0,0.0,0.0,0.5,0.0,0.5,0.0,0.0,0.0,0.3617021276595745,0.0,0.3617021276595745,0.6382978723404256,1.305688830977123,-0.33936948898710817,1.261859582542698,0.9536000000000001,-0.11040000000000127,0.11668185961713799,0.9799999999999982,0.7751999999999981,0.4296000000000006,0.45599999999999874,0.5072415401913863
EX_16-EE_a,EX_16,EE,EE_UND,MISUND,0,96.0,97.0,94.0,99.0,5.0,0.14699999999999988,0.8030000000000002,0.01560000000000059,0.9656000000000006,3,0.7308009818873831,0.6280000000000001,0.33059999999999834,0.0,0.9585999999999985,1,0.9294102519867435,0.04120000000000061,0.04120000000000061,2,0.3674999999999997,0.5289999999999964,1,4.015000000000001,4.015000000000001,1,0.07800000000000296,0.07800000000000296,0.6,0.01839999999999975,0.05960000000000036,0,1,0,0,0,1,0,0,1,1,3.1400000000000006,3.1400000000000006,3,0.5509999999999972,0.9699999999999989,0,0.0,0.0,0.2,0.0,0.6280000000000001,1,0,0,1,0,0,1,0,0,0.3333333333333333,0.3333333333333333,0.3333333333333333,0.0,0.0,0.0,1.0,0.0,0.0,0.0,0.0,0.0,0.23404255319148937,0.0425531914893617,0.2765957446808511,0.723404255319149,1.4578901891638785,-0.3300541953822143,0.18306351183063493,0.9500000000000001,0.6560000000000002,1.8995765275257208,0.9585999999999985,-0.2974000000000018,0.4810000000000002,0.4724000000000018,0.19860927009936047
EX_16-EE_a,EX_16,EE,EE_UND,PART_UND,0,149.0,150.0,147.0,152.0,5.0,0.6579999999999984,0.32239999999999897,0.0,0.9803999999999974,1,0.9137423401121576,0.598399999999998,0.2930000000000007,0.0,0.8913999999999987,2,0.9135889766599097,0.3873999999999967,0.3873999999999967,1,3.289999999999992,3.289999999999992,1,1.6119999999999948,1.6119999999999948,0,0.0,0.0,0.2,0.0,0.6776000000000011,1,0,0,0,1,1,0,0,0,2,1.4959999999999951,1.592000000000013,3,0.48833333333333445,0.6659999999999968,0,0.0,0.0,0.4,0.25160000000000193,0.0,1,0,0,0,0,1,1,0,0,1.0,0.0,0.0,0.0,0.0,0.0,0.5,0.0,0.5,0.0,0.0,0.0,0.13333333333333333,0.4222222222222222,0.5555555555555556,0.4444444444444444,1.877209548385179,0.030172413793103467,2.0409429280397036,0.9803999999999973,-0.3355999999999994,2.0423208191126165,0.8913999999999987,-0.30539999999999734,0.05960000000000032,0.02939999999999826,0.00015336345224792325
EX_16-EE_a,EX_16,EE,EE_UND,MISUND,0,202.0,203.0,200.0,205.0,5.0,0.9639999999999986,0.004399999999998272,0.0,0.9683999999999969,1,0.041897997291875586,0.6149999999999978,0.3624000000000024,0.0,0.9774,1,0.951268824802391,0.5989999999999952,0.5989999999999952,2,2.4099999999999966,3.282999999999987,1,0.02199999999999136,0.02199999999999136,0,0.0,0.0,0.2,0.016000000000002502,0.0,1,0,0,1,0,0,1,0,0,1,3.0749999999999886,3.0749999999999886,1,1.8120000000000118,1.8120000000000118,0,0.0,0.0,0.2,0.0,0.6375999999999976,1,0,0,1,0,0,1,0,0,0.0,0.0,1.0,0.0,0.0,0.0,1.0,0.0,0.0,0.0,0.0,0.0,0.0,0.625,0.625,0.375,1.070512788856337,-0.10801764008560683,48.19999999999993,0.9683999999999969,-0.9596000000000003,1.6970198675496515,0.9774000000000002,-0.2525999999999954,0.34900000000000087,0.3580000000000041,0.9093708275105155
EX_16-EE_a,EX_16,EX,EX_UND,PART_UND,0,150.0,151.0,148.0,153.0,5.0,0.4579999999999984,0.522399999999999,0.0,0.9803999999999974,1,0.996885255559345,0.598399999999998,0.32620000000000005,0.0,0.9245999999999981,2,0.9365449248065906,0.3873999999999967,0.3873999999999967,1,2.289999999999992,2.289999999999992,1,2.6119999999999948,2.6119999999999948,0,0.0,0.0,0.2,0.0,0.477600000000001,0,1,0,0,1,1,0,0,0,2,1.4959999999999951,1.592000000000013,4,0.40775000000000006,0.7920000000000016,0,0.0,0.0,0.4,0.05160000000000196,0.0,1,0,0,0,0,1,1,0,0,1.0,0.0,0.0,0.0,0.0,0.0,0.5,0.0,0.5,0.0,0.0,0.0,0.3111111111111111,0.4222222222222222,0.7333333333333333,0.26666666666666666,1.731122593816159,0.5086989586601017,0.876722817764164,0.9803999999999974,0.06440000000000057,1.8344573881054504,0.9245999999999981,-0.272199999999998,0.14039999999999964,0.19619999999999893,0.06034033075275447
EX_16-EE_a,EX_16,EX,EX_UND,NON_UND,0,231.0,232.0,229.0,234.0,5.0,0.6394000000000062,0.3151999999999987,0.0,0.9546000000000049,4,0.9151210462618022,0.22379999999999994,0.3688000000000045,0.2865999999999985,0.879200000000003,2,1.5553793209032927,0.22379999999999994,0.22379999999999994,3,1.065666666666677,2.27800000000002,2,0.7879999999999967,1.0559999999999832,0,0.0,0.0,0.8,0.0,0.020600000000001728,1,0,0,0,0,1,1,0,0,1,1.1189999999999998,1.1189999999999998,6,0.30733333333333707,0.8839999999999861,2,0.7164999999999964,1.0529999999999973,0.4,0.30840000000000034,0.5519999999999982,0,1,0,0,0,0,1,1,0,0.5,0.0,0.5,0.0,0.0,0.0,0.5,0.0,0.0,0.0,0.5,0.0,0.12195121951219512,0.2682926829268293,0.3902439024390244,0.2926829268292683,2.2060333875185285,0.43603148600774627,2.0285532994924136,0.9546000000000049,-0.3242000000000075,0.6068329718004263,0.5926000000000045,0.14500000000000457,0.41560000000000624,0.05360000000000581,0.6402582746414904
EX_16-EE_a,EX_16,EX,EX_UND,MISUND,0,349.0,350.0,347.0,352.0,5.0,0.9494000000000028,0.0,0.037800000000004275,0.9872000000000071,2,0.23439673471785305,0.3384000000000015,0.5927999999999998,0.0,0.9312000000000011,2,0.9454709687602079,0.3384000000000015,0.3384000000000015,2,2.373500000000007,3.3430000000000177,0,0.0,0.0,1,0.18900000000002137,0.18900000000002137,0.4,0.0,1.0,1,0,0,0,0,1,1,0,0,1,1.6920000000000073,1.6920000000000073,4,0.7409999999999997,2.343999999999994,0,0.0,0.0,0.4,0.04320000000000164,0.0,0,1,0,0,0,1,1,0,0,0.0,0.5,0.0,0.0,0.5,0.0,0.5,0.0,0.5,0.0,0.0,0.0,0.0,0.37777777777777777,0.37777777777777777,0.6,1.0947679661147987,0.1174678734748412,47.47000000000014,0.9494000000000028,-0.9494000000000028,0.5708502024291525,0.9312000000000012,0.2543999999999983,0.6110000000000013,0.5927999999999998,0.7110742340423548
EX_16-EE_b,EX_16,EE,EE_UND,PART_UND,0,51.14,52.14,49.14,54.14,5.0,0.5274000000000001,0.40900000000000036,0.0,0.9364000000000005,5,0.9884365278848923,0.8542000000000002,0.08200000000000074,0.0,0.9362000000000009,2,0.4283676297457484,0.4885999999999996,0.4885999999999996,3,0.8790000000000001,1.6929999999999978,3,0.6816666666666672,1.5320000000000036,0,0.0,0.0,1.0,0.0,0.1915999999999997,1,0,0,0,1,1,0,0,0,3,1.4236666666666669,1.5750000000000028,1,0.4100000000000037,0.4100000000000037,0,0.0,0.0,0.4,0.0,0.6911999999999991,1,0,0,1,1,0,0,0,0,0.6,0.0,0.4,0.0,0.0,0.0,0.5,0.0,0.5,0.0,0.0,0.0,0.09090909090909091,0.5681818181818182,0.6590909090909091,0.3409090909090909,1.307164262307845,0.3627381250550059,1.2894865525672363,0.9364000000000005,-0.11839999999999973,10.417073170731616,0.9362000000000009,-0.7721999999999994,0.3268000000000001,0.3269999999999996,0.560068898139144
EX_16-EE_b,EX_16,EE,EE_UND,NON_UND,0,75.22,76.22,73.22,78.22,5.0,0.6198000000000008,0.2969999999999999,0.0,0.9168000000000006,2,0.9086283813366268,0.9795999999999992,0.0,0.0,0.9795999999999992,0,-0.0,0.6198000000000008,0.6198000000000008,2,1.5495000000000019,1.865000000000009,2,0.7424999999999997,1.4809999999999945,0,0.0,0.0,0.4,0.2961999999999989,0.0,1,0,0,1,1,0,0,0,0,2,2.448999999999998,4.888999999999996,0,0.0,0.0,0,0.0,0.0,0.0,0.0,1.0,1,0,0,1,1,0,0,0,0,0.5,0.0,0.5,0.0,0.0,0.0,0.0,0.0,0.0,0.0,0.0,0.0,0.0,0.6888888888888889,0.6888888888888889,0.3111111111111111,0.8944518845341283,0.0,2.0868686868686903,0.9168000000000007,-0.3228000000000009,48.97999999999996,0.9795999999999992,-0.9795999999999992,0.35979999999999845,0.2969999999999999,0.9086283813366268
EX_16-EE_b,EX_16,EE,EE_UND,NON_UND,0,104.58,105.58,102.58,107.58,5.0,0.6141999999999967,0.32439999999999997,0.0,0.9385999999999968,4,0.9300964444628844,0.8373999999999967,0.0,0.0,0.8373999999999967,0,-0.0,0.4729999999999933,0.4729999999999933,4,0.7677499999999959,1.6389999999999958,2,0.8109999999999999,1.1340000000000003,0,0.0,0.0,0.8,0.0,0.4680000000000007,1,0,0,0,0,1,1,0,0,4,1.0467499999999959,1.309999999999988,0,0.0,0.0,0,0.0,0.0,0.0,0.11220000000000141,1.0,1,0,0,1,1,0,0,0,0,0.5,0.0,0.5,0.0,0.0,0.0,0.0,0.0,0.0,0.0,0.0,0.0,0.0,0.6052631578947368,0.6052631578947368,0.39473684210526316,0.9677884628267678,0.0,1.8933415536374747,0.9385999999999968,-0.2897999999999968,41.869999999999834,0.8373999999999967,-0.8373999999999967,0.22319999999999995,0.32439999999999997,0.9300964444628844
EX_16-EE_b,EX_16,EE,EE_UND,PART_UND,0,118.58,119.58,116.58,121.58,5.0,0.7539999999999992,0.226400000000001,0.0,0.9804000000000002,2,0.7796223050492339,0.9810000000000002,0.0,0.0,0.9810000000000002,0,-0.0,0.7349999999999994,0.7349999999999994,2,1.884999999999998,2.9080000000000013,1,1.132000000000005,1.132000000000005,0,0.0,0.0,0.4,0.0,0.17239999999999894,1,0,0,0,0,1,1,0,0,2,2.4525000000000006,4.438000000000002,0,0.0,0.0,0,0.0,0.0,0.0,0.0,1.0,1,0,0,1,1,0,0,0,0,0.5,0.0,0.5,0.0,0.0,0.0,0.0,0.0,0.0,0.0,0.0,0.0,0.0,0.7708333333333334,0.7708333333333334,0.22916666666666666,0.77655578544446,0.0,3.330388692579487,0.9804000000000002,-0.5275999999999983,49.05000000000001,0.9810000000000002,-0.9810000000000002,0.22700000000000098,0.226400000000001,0.7796223050492339
EX_16-EE_b,EX_16,EE,EE_UND,PART_UND,0,165.38,166.38,163.38,168.38,5.0,0.9322000000000003,0.055199999999996405,0.0,0.9873999999999967,1,0.3109676292752545,0.9588000000000022,0.0,0.0,0.9588000000000022,0,-0.0,0.8910000000000025,0.8910000000000025,1,4.661000000000001,4.661000000000001,2,0.13799999999999102,0.23499999999998522,0,0.0,0.0,0.2,0.06779999999999972,0.0,1,0,0,1,0,0,1,0,0,2,2.3970000000000056,4.293000000000006,0,0.0,0.0,0,0.0,0.0,0.0,0.0,1.0,1,0,0,1,1,0,0,0,0,0.0,0.0,1.0,0.0,0.0,0.0,0.0,0.0,0.0,0.0,0.0,0.0,0.0,0.9361702127659575,0.9361702127659575,0.06382978723404255,0.3424637724817959,0.0,16.887681159421394,0.9873999999999966,-0.8770000000000039,47.94000000000011,0.9588000000000022,-0.9588000000000022,0.026600000000001955,0.055199999999996405,0.3109676292752545
EX_16-EE_b,EX_16,EE,EE_UND,MISUND,0,191.54,192.54,189.54,194.54,5.0,0.5116000000000043,0.4317999999999927,0.0,0.9433999999999969,5,0.9948325336025621,0.9887999999999977,0.0,0.0,0.9887999999999977,0,-0.0,0.500400000000002,0.500400000000002,3,0.8526666666666737,1.8619999999999948,3,0.7196666666666545,0.8829999999999814,0,0.0,0.0,1.0,0.17040000000000077,0.0,1,0,0,1,0,0,1,0,0,2,2.471999999999994,3.782999999999987,0,0.0,0.0,0,0.0,0.0,0.0,0.0,1.0,1,0,0,1,1,0,0,0,0,0.4,0.0,0.6,0.0,0.0,0.0,0.0,0.0,0.0,0.0,0.0,0.0,0.0,0.5106382978723404,0.5106382978723404,0.48936170212765956,0.9996734260048917,0.0,1.1848077813802986,0.9433999999999969,-0.07980000000001158,49.439999999999884,0.9887999999999977,-0.9887999999999977,0.4771999999999934,0.4317999999999927,0.9948325336025621
EX_16-EE_b,EX_16,EE,EE_UND,UND,1,195.5,196.5,193.5,198.5,5.0,0.6599999999999966,0.3045999999999992,0.0,0.9645999999999958,2,0.8997315855187624,0.9834000000000003,0.0,0.0,0.9834000000000003,0,-0.0,0.6599999999999966,0.6599999999999966,2,1.6499999999999915,2.289999999999992,1,1.5229999999999961,1.5229999999999961,0,0.0,0.0,0.4,0.0,0.21999999999999886,1,0,0,0,0,1,1,0,0,2,2.458500000000001,3.7009999999999934,0,0.0,0.0,0,0.0,0.0,0.0,0.0,1.0,1,0,0,1,1,0,0,0,0,0.5,0.0,0.5,0.0,0.0,0.0,0.0,0.0,0.0,0.0,0.0,0.0,0.0,0.673469387755102,0.673469387755102,0.32653061224489793,0.9113423759758417,0.0,2.1667760998030148,0.9645999999999958,-0.3553999999999974,49.170000000000016,0.9834000000000003,-0.9834000000000003,0.3234000000000037,0.3045999999999992,0.8997315855187624
EX_16-EE_b,EX_16,EE,EE_UND,UND,1,214.18,215.18,212.18,217.18,5.0,0.3316000000000031,0.5922000000000025,0.0,0.9238000000000056,5,0.9418099595347509,0.8603999999999985,0.0,0.0,0.8603999999999985,0,-0.0,0.20740000000000122,0.20740000000000122,3,0.5526666666666719,1.0250000000000057,3,0.9870000000000042,2.413000000000011,0,0.0,0.0,1.0,0.0,0.22479999999999906,0,1,0,0,1,1,0,0,0,3,1.4339999999999975,2.1670000000000016,0,0.0,0.0,0,0.0,0.0,0.0,0.0,1.0,1,0,0,1,1,0,0,0,0,0.6,0.0,0.4,0.0,0.0,0.0,0.0,0.0,0.0,0.0,0.0,0.0,0.0,0.28205128205128205,0.28205128205128205,0.717948717948718,0.8582307926411411,0.0,0.5599459642012863,0.9238000000000056,0.2605999999999994,43.019999999999925,0.8603999999999985,-0.8603999999999985,0.5287999999999954,0.5922000000000025,0.9418099595347509
EX_16-EE_b,EX_16,EE,EE_UND,UND,1,228.94,229.94,226.94,231.94,5.0,0.4899999999999977,0.29359999999999786,0.10320000000000391,0.8867999999999995,4,1.3620010688495954,0.9369999999999947,0.0,0.0,0.9369999999999947,0,-0.0,0.4425999999999931,0.4425999999999931,4,0.6124999999999972,1.5180000000000007,2,0.7339999999999947,0.828000000000003,1,0.5160000000000196,0.5160000000000196,0.8,0.0,0.6567999999999984,1,0,0,0,0,1,1,0,0,3,1.5616666666666579,2.1259999999999764,0,0.0,0.0,0,0.0,0.0,0.0,0.0,1.0,1,0,0,1,1,0,0,0,0,0.25,0.25,0.25,0.0,0.25,0.0,0.0,0.0,0.0,0.0,0.0,0.0,0.0,0.5116279069767442,0.5116279069767442,0.37209302325581395,1.3863313573891363,0.0,1.6689373297002768,0.7835999999999956,-0.19639999999999985,46.84999999999974,0.9369999999999947,-0.9369999999999947,0.446999999999997,0.29359999999999786,1.3620010688495954
EX_16-EE_b,EX_16,EE,EE_UND,UND,1,307.14,308.14,305.14,310.14,5.0,0.3201999999999998,0.0,0.6303999999999974,0.9505999999999972,3,0.9217625473279993,0.8923999999999979,0.0,0.0,0.8923999999999979,0,-0.0,0.26200000000000045,0.26200000000000045,2,0.8004999999999995,0.8129999999999882,0,0.0,0.0,4,0.7879999999999967,1.035000000000025,0.6,0.0,1.0,0,0,1,0,0,1,0,0,1,2,2.2309999999999945,3.430000000000007,0,0.0,0.0,0,0.0,0.0,0.0,0.0,1.0,1,0,0,1,1,0,0,0,0,0.0,0.6666666666666666,0.0,0.0,0.3333333333333333,0.0,0.0,0.0,0.0,0.0,0.0,0.0,0.0,0.32558139534883723,0.32558139534883723,0.0,0.9103480624345153,0.0,16.00999999999999,0.3201999999999998,-0.3201999999999998,44.61999999999989,0.8923999999999979,-0.8923999999999979,0.572199999999998,0.0,0.9217625473279993
EX_16-EE_b,EX_16,EX,EX_UND,NON_UND,0,47.14,48.14,45.14,50.14,5.0,0.7108000000000004,0.21119999999999947,0.0,0.9219999999999999,4,0.7763817552064067,0.9879999999999995,0.0,0.0,0.9879999999999995,0,-0.0,0.6988,0.6988,2,1.777000000000001,2.6809999999999974,4,0.26399999999999935,0.5,0,0.0,0.0,0.8,0.04179999999999921,0.0,1,0,0,1,1,0,0,0,0,2,2.469999999999999,2.7439999999999998,0,0.0,0.0,0,0.0,0.0,0.0,0.0,1.0,1,0,0,1,1,0,0,0,0,0.5,0.0,0.5,0.0,0.0,0.0,0.0,0.0,0.0,0.0,0.0,0.0,0.0,0.75,0.75,0.25,0.8112781244591328,0.0,3.3655303030303134,0.9219999999999999,-0.49960000000000093,49.39999999999998,0.9879999999999995,-0.9879999999999995,0.2771999999999991,0.21119999999999947,0.7763817552064067
EX_16-EE_b,EX_16,EX,EX_UND,PART_UND,0,118.78,119.78,116.78,121.78,5.0,0.7539999999999992,0.226400000000001,0.0,0.9804000000000002,2,0.7796223050492339,0.9810000000000002,0.0,0.0,0.9810000000000002,0,-0.0,0.7349999999999994,0.7349999999999994,2,1.884999999999998,3.108000000000004,1,1.132000000000005,1.132000000000005,0,0.0,0.0,0.4,0.0,0.13239999999999838,1,0,0,0,0,1,1,0,0,2,2.4525000000000006,4.638000000000005,0,0.0,0.0,0,0.0,0.0,0.0,0.0,1.0,1,0,0,1,1,0,0,0,0,0.5,0.0,0.5,0.0,0.0,0.0,0.0,0.0,0.0,0.0,0.0,0.0,0.0,0.7708333333333334,0.7708333333333334,0.22916666666666666,0.77655578544446,0.0,3.330388692579487,0.9804000000000002,-0.5275999999999983,49.05000000000001,0.9810000000000002,-0.9810000000000002,0.22700000000000098,0.226400000000001,0.7796223050492339
EX_16-EE_b,EX_16,EX,EX_UND,UND,1,146.94,147.94,144.94,149.94,5.0,0.695999999999998,0.2744000000000028,0.0,0.9704000000000008,4,0.8591977190960509,1.0,0.0,0.0,1.0,0,-0.0,0.695999999999998,0.695999999999998,4,0.8699999999999974,2.2069999999999936,2,0.686000000000007,0.8619999999999948,0,0.0,0.0,0.8,0.0,0.21999999999999886,1,0,0,0,0,1,1,0,0,1,5.0,5.0,0,0.0,0.0,0,0.0,0.0,0.0,0.0,1.0,1,0,0,1,1,0,0,0,0,0.5,0.0,0.5,0.0,0.0,0.0,0.0,0.0,0.0,0.0,0.0,0.0,0.0,0.7142857142857143,0.7142857142857143,0.2857142857142857,0.863120568566631,0.0,2.5364431486880132,0.9704000000000008,-0.42159999999999515,50.0,1.0,-1.0,0.30400000000000205,0.2744000000000028,0.8591977190960509
EX_16-EE_b,EX_16,EX,EX_UND,UND,1,307.14,308.14,305.14,310.14,5.0,0.3201999999999998,0.0,0.6303999999999974,0.9505999999999972,3,0.9217625473279993,0.8923999999999979,0.0,0.0,0.8923999999999979,0,-0.0,0.26200000000000045,0.26200000000000045,2,0.8004999999999995,0.8129999999999882,0,0.0,0.0,4,0.7879999999999967,1.035000000000025,0.6,0.0,1.0,0,0,1,0,0,1,0,0,1,2,2.2309999999999945,3.430000000000007,0,0.0,0.0,0,0.0,0.0,0.0,0.0,1.0,1,0,0,1,1,0,0,0,0,0.0,0.6666666666666666,0.0,0.0,0.3333333333333333,0.0,0.0,0.0,0.0,0.0,0.0,0.0,0.0,0.32558139534883723,0.32558139534883723,0.0,0.9103480624345153,0.0,16.00999999999999,0.3201999999999998,-0.3201999999999998,44.61999999999989,0.8923999999999979,-0.8923999999999979,0.572199999999998,0.0,0.9217625473279993
EX_16-EE_c,EX_16,EE,EE_UND,NON_UND,0,50.62,51.62,48.62,53.62,5.0,0.6122,0.0,0.3106000000000009,0.9228000000000008,1,0.921512557576438,0.0,0.8766000000000019,0.0,0.8766000000000019,0,-0.0,0.0,0.0,1,3.061,3.061,0,0.0,0.0,4,0.3882500000000011,0.5960000000000036,0.2,0.0,1.0,1,0,0,0,0,1,0,0,1,0,0.0,0.0,5,0.8766000000000019,2.203000000000003,0,0.0,0.0,0.0,1.0,0.0,0,1,0,0,0,1,1,0,0,0.0,1.0,0.0,0.0,0.0,0.0,0.0,0.0,0.0,0.0,0.0,0.0,0.0,0.0,0.0,0.6976744186046512,0.8841151220488479,0.0,30.61,0.6122,-0.6122,0.0,0.8766000000000019,0.8766000000000019,0.6122,0.8766000000000019,0.921512557576438
EX_16-EE_c,EX_16,EE,EE_UND,NON_UND,0,99.98,100.98,97.98,102.98,5.0,0.4406000000000006,0.5397999999999996,0.0,0.9804000000000002,1,0.9926021631181499,0.18579999999999758,0.7033999999999964,0.0,0.8891999999999939,2,0.7394744892636747,0.14039999999999964,0.14039999999999964,1,2.203000000000003,2.203000000000003,1,2.698999999999998,2.698999999999998,0,0.0,0.0,0.2,0.5593999999999995,0.0,0,1,0,1,0,0,1,0,0,2,0.4644999999999939,0.7019999999999982,4,0.8792499999999954,1.2339999999999947,0,0.0,0.0,0.4,0.0,0.07259999999999991,0,1,0,1,1,0,0,0,0,0.0,0.0,1.0,0.0,0.0,0.0,0.5,0.0,0.5,0.0,0.0,0.0,0.4772727272727273,0.1590909090909091,0.6363636363636364,0.36363636363636365,1.7150962965746868,0.267339836603702,0.8162282326787716,0.9804000000000002,0.09919999999999901,0.26414557861813837,0.889199999999994,0.5175999999999987,0.254800000000003,0.16359999999999675,0.2531276738544752
EX_16-EE_c,EX_16,EE,EE_UND,MISUND,0,106.38,107.38,104.38,109.38,5.0,1.0,0.0,0.0,1.0,0,-0.0,0.6141999999999996,0.30519999999999925,0.0,0.9193999999999989,2,0.9169119583907857,0.6141999999999996,0.6141999999999996,1,5.0,5.0,0,0.0,0.0,0,0.0,0.0,0.0,0.0,1.0,1,0,0,0,0,1,1,0,0,2,1.535499999999999,2.646000000000001,2,0.7629999999999981,0.7960000000000065,0,0.0,0.0,0.4,0.0,0.551600000000002,1,0,0,1,1,0,0,0,0,0.0,0.0,0.0,0.0,0.0,0.0,0.5,0.0,0.5,0.0,0.0,0.0,0.0,0.6739130434782609,0.6739130434782609,0.32608695652173914,0.9108783787500366,0.0,50.0,1.0,-1.0,2.0124508519003967,0.9193999999999989,-0.3090000000000004,0.38580000000000036,0.30519999999999925,0.9169119583907857
EX_16-EE_c,EX_16,EE,EE_UND,NON_UND,0,148.62,149.62,146.62,151.62,5.0,0.262399999999991,0.6292000000000086,0.0,0.8915999999999997,5,0.8742142507894222,0.7256000000000086,0.22339999999999804,0.0,0.9490000000000066,1,0.7873162587014386,0.21999999999999317,0.21999999999999317,3,0.4373333333333183,0.7609999999999957,5,0.6292000000000086,1.0200000000000102,0,0.0,0.0,1.0,0.0,0.026599999999996272,0,1,0,0,1,1,0,0,0,4,0.9070000000000107,1.2490000000000236,1,1.1169999999999902,1.1169999999999902,0,0.0,0.0,0.2,0.22339999999999804,0.0,1,0,0,0,1,1,0,0,0,0.6,0.0,0.4,0.0,0.0,0.0,0.0,0.0,1.0,0.0,0.0,0.0,0.21428571428571427,0.2619047619047619,0.47619047619047616,0.5238095238095238,1.701326120023086,0.1645523720271895,0.4170375079465788,0.8915999999999996,0.36680000000001767,3.2479856759177035,0.9490000000000066,-0.5022000000000105,0.4632000000000176,0.4058000000000106,0.08689799208798354
EX_16-EE_c,EX_16,EE,EE_UND,MISUND,0,155.14,156.14,153.14,158.14,5.0,0.7403999999999996,0.22400000000000092,0.0,0.9644000000000006,3,0.7819453584853089,0.502600000000001,0.35880000000000223,0.0,0.8614000000000033,2,0.9798029567597969,0.41879999999999884,0.41879999999999884,2,1.850999999999999,2.0130000000000052,2,0.5600000000000023,0.8059999999999832,0,0.0,0.0,0.6,0.08380000000000223,0.0,1,0,0,1,0,0,1,0,0,2,1.2565000000000026,1.677000000000021,2,0.8970000000000056,1.3830000000000098,0,0.0,0.0,0.4,0.0,0.429200000000003,1,0,0,1,1,0,0,0,0,0.3333333333333333,0.0,0.6666666666666666,0.0,0.0,0.0,0.5,0.0,0.5,0.0,0.0,0.0,0.17073170731707318,0.4878048780487805,0.6585365853658537,0.34146341463414637,1.7646415826418862,0.27252914173655357,3.3053571428571273,0.9644000000000006,-0.5163999999999986,1.4007803790412428,0.8614000000000033,-0.14379999999999882,0.23779999999999857,0.1348000000000013,0.197857598274488
EX_16-EE_c,EX_16,EE,EE_UND,NON_UND,0,182.62,183.62,180.62,185.62,5.0,0.272399999999999,0.48899999999999866,0.1599999999999966,0.9213999999999942,3,1.4434233085104298,0.48020000000000207,0.25019999999999526,0.0,0.7303999999999974,2,0.9272399080831573,0.03980000000000246,0.03980000000000246,2,0.6809999999999974,1.3549999999999898,3,0.8149999999999977,1.7199999999999989,1,0.799999999999983,0.799999999999983,0.6,0.0,0.2829999999999984,0,1,0,0,0,1,1,0,0,4,0.6002500000000026,0.9809999999999945,2,0.6254999999999882,0.6490000000000009,0,0.0,0.0,0.4,0.0,0.22060000000000174,1,0,0,1,1,0,0,0,0,0.3333333333333333,0.0,0.0,0.3333333333333333,0.3333333333333333,0.0,0.5,0.0,0.5,0.0,0.0,0.0,0.3125,0.0625,0.375,0.375,2.0487949406953985,-0.0975900072948533,0.5570552147239258,0.7613999999999976,0.21659999999999968,1.919264588329381,0.7303999999999973,-0.2300000000000068,0.2078000000000031,0.2388000000000034,0.5161834004272725
EX_16-EE_c,EX_16,EE,EE_UND,MISUND,0,207.22,208.22,205.22,210.22,5.0,0.4918000000000006,0.23759999999999765,0.2197999999999979,0.9491999999999962,7,1.4804052916264605,0.5057999999999993,0.3827999999999975,0.0,0.8885999999999967,1,0.9861344373508579,0.2506000000000029,0.2506000000000029,3,0.8196666666666678,1.2059999999999889,2,0.5939999999999941,0.8230000000000075,3,0.36633333333332985,0.6870000000000118,1.4,0.0,0.3944000000000017,1,0,0,0,1,1,0,0,0,2,1.2644999999999982,2.3760000000000048,2,0.9569999999999936,1.1430000000000007,0,0.0,0.0,0.2,0.4728000000000009,0.007600000000002183,1,0,0,0,1,1,0,0,0,0.0,0.42857142857142855,0.14285714285714285,0.0,0.14285714285714285,0.2857142857142857,0.0,0.0,1.0,0.0,0.0,0.0,0.047619047619047616,0.2857142857142857,0.3333333333333333,0.40476190476190477,2.4032269497708088,-0.004561030106387244,2.069865319865343,0.7293999999999983,-0.254200000000003,1.3213166144200694,0.8885999999999967,-0.12300000000000177,0.013999999999998625,0.14519999999999983,0.4942708542756026
EX_16-EE_c,EX_16,EE,EE_UND,NON_UND,0,214.58,215.58,212.58,217.58,5.0,0.2878000000000043,0.5855999999999995,0.044200000000000725,0.9176000000000044,6,1.148952639452955,0.7559999999999946,0.12000000000000455,0.0,0.8759999999999991,1,0.576291461217451,0.16639999999999872,0.16639999999999872,3,0.4796666666666738,0.6440000000000055,3,0.9759999999999991,1.6699999999999875,1,0.22100000000000364,0.22100000000000364,1.2,0.417999999999995,0.0,0,1,0,1,0,0,1,0,0,4,0.9449999999999932,1.5420000000000016,1,0.6000000000000227,0.6000000000000227,0,0.0,0.0,0.2,0.0,0.8799999999999955,1,0,0,1,0,0,1,0,0,0.3333333333333333,0.0,0.3333333333333333,0.16666666666666666,0.16666666666666666,0.0,1.0,0.0,0.0,0.0,0.0,0.0,0.0,0.19047619047619047,0.19047619047619047,0.8095238095238095,1.2467052127325733,-0.577350269189626,0.49146174863388753,0.8734000000000037,0.2977999999999952,6.299999999999716,0.8759999999999991,-0.63599999999999,0.4681999999999903,0.4655999999999949,0.572661178235504
EX_16-EE_c,EX_16,EE,EE_UND,NON_UND,0,277.66,278.66,275.66,280.66,5.0,0.8875999999999976,0.0759999999999991,0.0,0.9635999999999967,2,0.39818819027331737,0.49239999999999784,0.2550000000000182,0.0,0.747400000000016,1,0.9259460371896542,0.3975999999999999,0.3975999999999999,3,1.4793333333333294,3.09699999999998,1,0.37999999999999545,0.37999999999999545,0,0.0,0.0,0.4,0.0,0.22179999999999608,1,0,0,0,0,1,1,0,0,1,2.461999999999989,2.461999999999989,4,0.31875000000002274,0.603999999999985,0,0.0,0.0,0.2,0.0,0.6347999999999956,1,0,0,1,0,0,1,0,0,0.5,0.0,0.5,0.0,0.0,0.0,1.0,0.0,0.0,0.0,0.0,0.0,0.0,0.6,0.6,0.4,1.2707886973584608,-0.20728904939721257,11.67894736842116,0.9635999999999967,-0.8115999999999985,1.9309803921567164,0.747400000000016,-0.23739999999997963,0.3951999999999998,0.17900000000001912,0.5277578469163369
EX_16-EE_c,EX_16,EX,EX_UND,UND,1,91.5,92.5,89.5,94.5,5.0,0.2662000000000006,0.7162000000000006,0.0,0.9824000000000013,1,0.8428517354537454,0.33019999999999927,0.5587999999999994,0.0,0.8889999999999987,1,0.9517626756348307,0.2662000000000006,0.2662000000000006,1,1.331000000000003,1.331000000000003,1,3.581000000000003,3.581000000000003,0,0.0,0.0,0.2,0.0,0.2837999999999994,0,1,0,0,1,1,0,0,0,1,1.6509999999999962,1.6509999999999962,3,0.9313333333333323,1.7399999999999949,0,0.0,0.0,0.2,0.0,0.3975999999999999,0,1,0,1,0,0,1,0,0,1.0,0.0,0.0,0.0,0.0,0.0,1.0,0.0,0.0,0.0,0.0,0.0,0.6363636363636364,0.3181818181818182,0.9545454545454546,0.045454545454545456,1.143320102127766,0.903696114115064,0.37168388718235185,0.9824000000000013,0.45,0.5909090909090903,0.8889999999999987,0.22860000000000014,0.06399999999999867,0.1574000000000012,0.10891094018108538
EX_16-EE_c,EX_16,EX,EX_UND,UND,1,110.58,111.58,108.58,113.58,5.0,0.8132000000000005,0.16459999999999866,0.0,0.9777999999999991,1,0.6538865554252586,0.5527999999999992,0.1686000000000007,0.0,0.7213999999999998,2,0.7844266274639451,0.5527999999999992,0.5527999999999992,1,4.0660000000000025,4.0660000000000025,1,0.8229999999999933,0.8229999999999933,0,0.0,0.0,0.2,0.0,0.8354000000000014,1,0,0,0,1,1,0,0,0,2,1.381999999999998,1.948999999999998,2,0.42150000000000176,0.6280000000000001,0,0.0,0.0,0.4,0.075,0.0,1,0,0,0,0,1,1,0,0,1.0,0.0,0.0,0.0,0.0,0.0,0.5,0.0,0.5,0.0,0.0,0.0,0.16216216216216217,0.7567567567567568,0.918918918918919,0.08108108108108109,1.0237614649775086,0.7759835936631705,4.94046172539494,0.9777999999999991,-0.6486000000000018,3.278766310794762,0.7213999999999998,-0.3841999999999985,0.2604000000000013,0.00400000000000203,0.13054007203868645
EX_16-EE_c,EX_16,EX,EX_UND,NON_UND,0,174.7,175.7,172.7,177.7,5.0,1.0,0.0,0.0,1.0,0,-0.0,0.37239999999999895,0.5052000000000021,0.0,0.877600000000001,1,0.9834187581557375,0.37239999999999895,0.37239999999999895,1,5.0,5.0,0,0.0,0.0,0,0.0,0.0,0.0,0.0,1.0,1,0,0,0,0,1,1,0,0,2,0.9309999999999974,1.156000000000006,2,1.2630000000000052,1.5829999999999984,0,0.0,0.0,0.2,0.5572000000000003,0.0,0,1,0,0,1,1,0,0,0,0.0,0.0,0.0,0.0,0.0,0.0,0.0,0.0,1.0,0.0,0.0,0.0,0.0,0.4318181818181818,0.4318181818181818,0.5681818181818182,0.9865446300055644,0.0,50.0,1.0,-1.0,0.7371338083927106,0.877600000000001,0.13280000000000314,0.627600000000001,0.5052000000000021,0.9834187581557375
EX_16-EE_c,EX_16,EX,EX_UND,UND,1,210.38,211.38,208.38,213.38,5.0,0.41759999999999875,0.451400000000001,0.08239999999999555,0.9513999999999954,6,1.3374431304078134,0.8676000000000045,0.0,0.0,0.8676000000000045,0,-0.0,0.35540000000000305,0.35540000000000305,3,0.695999999999998,1.5609999999999786,2,1.1285000000000025,1.3470000000000084,2,0.20599999999998886,0.22199999999998,1.2,0.0,0.2033999999999992,0,1,0,0,1,1,0,0,0,4,1.0845000000000056,1.5800000000000125,0,0.0,0.0,0,0.0,0.0,0.0,0.0,1.0,1,0,0,1,1,0,0,0,0,0.16666666666666666,0.3333333333333333,0.16666666666666666,0.0,0.16666666666666666,0.16666666666666666,0.0,0.0,0.0,0.0,0.0,0.0,0.0,0.42857142857142855,0.42857142857142855,0.47619047619047616,1.3566695198333112,0.0,0.9251218431546252,0.8689999999999998,0.03380000000000227,43.38000000000022,0.8676000000000045,-0.8676000000000045,0.45000000000000573,0.451400000000001,1.3374431304078134
EX_19-EE_a,EX_19,EX,EX_UND,UND,1,57.94,58.94,55.94,60.94,5.0,0.8121999999999986,0.15900000000000034,0.0,0.971199999999999,2,0.6431233795235578,0.8633999999999986,0.034599999999998944,0.0,0.8979999999999976,2,0.23551152609125475,0.6755999999999972,0.6755999999999972,3,1.3536666666666644,1.8869999999999933,1,0.7950000000000017,0.7950000000000017,0,0.0,0.0,0.4,0.0,0.7445999999999998,1,0,0,0,0,1,1,0,0,3,1.4389999999999976,1.958999999999996,1,0.1729999999999947,0.1729999999999947,0,0.0,0.0,0.4,0.0,0.17460000000000092,1,0,0,1,1,0,0,0,0,0.5,0.0,0.5,0.0,0.0,0.0,0.5,0.0,0.5,0.0,0.0,0.0,0.0,0.7674418604651163,0.7674418604651163,0.23255813953488372,0.9503343840316569,-0.10559273546969095,5.108176100628911,0.971199999999999,-0.6531999999999982,24.95375722543425,0.8979999999999976,-0.8287999999999996,0.05120000000000002,0.1244000000000014,0.40761185343230305
EX_19-EE_a,EX_19,EX,EX_UND,UND,1,85.42,86.42,83.42,88.42,5.0,0.7075999999999965,0.17479999999999904,0.08780000000000143,0.970199999999997,3,1.0912437230551837,0.8608000000000032,0.038399999999998616,0.0,0.8992000000000019,1,0.25455825781385205,0.5999999999999972,0.5999999999999972,2,1.7689999999999912,2.330999999999989,1,0.8739999999999952,0.8739999999999952,1,0.43900000000000716,0.43900000000000716,0.6,0.0,0.8252000000000009,1,0,0,0,1,1,0,0,0,4,1.076000000000004,1.9470000000000027,1,0.19199999999999307,0.19199999999999307,0,0.0,0.0,0.2,0.05999999999999943,0.0,1,0,0,0,1,1,0,0,0,0.3333333333333333,0.3333333333333333,0.0,0.0,0.3333333333333333,0.0,0.0,0.0,1.0,0.0,0.0,0.0,0.0,0.6818181818181818,0.6818181818181818,0.22727272727272727,1.3410971216314893,-0.13363062095621217,4.048054919908469,0.8823999999999955,-0.5327999999999974,22.41666666666756,0.8992000000000019,-0.8224000000000046,0.15320000000000678,0.1364000000000004,0.8366854652413316
EX_19-EE_a,EX_19,EX,EX_UND,UND,1,153.26,154.26,151.26,156.26,5.0,0.5282000000000039,0.44939999999999714,0.0,0.977600000000001,4,0.9953081312969316,0.7503999999999962,0.21140000000000328,0.0,0.9617999999999995,1,0.7597952237184662,0.3990000000000009,0.3990000000000009,2,1.3205000000000098,1.5980000000000132,4,0.5617499999999964,0.9099999999999966,0,0.0,0.0,0.8,0.09660000000000082,0.0,1,0,0,1,1,0,0,0,0,2,1.8759999999999906,2.1799999999999784,1,1.0570000000000164,1.0570000000000164,0,0.0,0.0,0.2,0.22580000000000383,0.0,1,0,0,0,1,1,0,0,0,0.5,0.0,0.5,0.0,0.0,0.0,0.0,0.0,1.0,0.0,0.0,0.0,0.10638297872340426,0.40425531914893614,0.5106382978723404,0.48936170212765956,1.7818887126255598,-0.0149992347524419,1.175344904316883,0.977600000000001,-0.07880000000000675,3.549668874172112,0.9617999999999994,-0.5389999999999929,0.2221999999999923,0.23799999999999386,0.23551290757846544
EX_19-EE_a,EX_19,EX,EX_UND,PART_UND,0,162.58,163.58,160.58,165.58,5.0,0.2744000000000028,0.06380000000000337,0.0,0.33820000000000616,1,0.6986299077570745,0.8557999999999992,0.14420000000000072,0.0,1.0,4,0.5951334184999426,0.18299999999999841,0.18299999999999841,2,0.686000000000007,0.8969999999999914,1,0.3190000000000168,0.3190000000000168,0,0.0,0.0,0.2,0.0,0.33359999999999557,1,0,0,0,1,1,0,0,0,3,1.4263333333333321,2.605000000000018,2,0.3605000000000018,0.5,0,0.0,0.0,0.8,0.0,0.2061999999999955,1,0,0,1,1,0,0,0,0,1.0,0.0,0.0,0.0,0.0,0.0,0.5,0.0,0.5,0.0,0.0,0.0,0.0,0.5625,0.5625,0.4375,1.4197367178034825,-0.2773500981126146,4.30094043887129,0.33820000000000616,-0.21059999999999945,5.9348127600554434,1.0,-0.7115999999999985,0.5813999999999964,0.08039999999999735,0.10349648925713184
EX_19-EE_b,EX_19,EE,EE_UND,NON_UND,0,81.66,82.66,79.66,84.66,5.0,0.37580000000000097,0.5867999999999995,0.0,0.9626000000000005,3,0.9650578386392941,0.7360000000000013,0.17139999999999703,0.0,0.9073999999999984,4,0.6991464549899903,0.15680000000000122,0.15680000000000122,2,0.9395000000000024,0.9510000000000076,2,1.4669999999999987,2.100999999999999,0,0.0,0.0,0.6,0.0,0.19020000000000153,0,1,0,0,1,1,0,0,0,3,1.226666666666669,2.4549999999999983,2,0.42849999999999255,0.43499999999998806,0,0.0,0.0,0.8,0.0,0.09480000000000074,1,0,0,1,1,0,0,0,0,0.6666666666666666,0.0,0.3333333333333333,0.0,0.0,0.0,0.5,0.0,0.5,0.0,0.0,0.0,0.0,0.18181818181818182,0.18181818181818182,0.8181818181818182,1.3092966682370037,-0.6236095644623236,0.6404226312201794,0.9626000000000006,0.21099999999999858,4.29404900816811,0.9073999999999983,-0.5646000000000043,0.36020000000000035,0.41540000000000254,0.2659113836493038
EX_19-EE_b,EX_19,EX,EX_UND,PART_UND,0,46.14,47.14,44.14,49.14,5.0,0.8532000000000011,0.09839999999999946,0.0,0.9516000000000006,1,0.4796965357063887,0.3878000000000014,0.5531999999999997,0.0,0.9410000000000011,3,0.9775975869864975,0.28100000000000164,0.2954000000000008,3,1.4220000000000017,1.936,1,0.49199999999999733,0.49199999999999733,0,0.0,0.0,0.2,0.11760000000000019,0.0,1,0,0,1,0,0,1,0,0,2,0.9695000000000036,1.1510000000000034,2,1.3829999999999991,1.9309999999999974,0,0.0,0.0,0.6,0.025199999999999535,0.27240000000000036,0,1,0,1,0,0,1,0,0,0.0,0.0,1.0,0.0,0.0,0.0,0.6666666666666666,0.0,0.3333333333333333,0.0,0.0,0.0,0.0,0.3409090909090909,0.3409090909090909,0.6590909090909091,1.2419389116382145,-0.32510161013223104,8.670731707317131,0.9516000000000006,-0.7548000000000016,0.7010122921185857,0.9410000000000012,0.16539999999999827,0.46539999999999965,0.4548000000000002,0.49790105128010875
EX_19-EE_b,EX_19,EX,EX_UND,PART_UND,0,59.34,60.34,57.34,62.34,5.0,0.9865999999999999,0.0,0.0,0.9865999999999999,0,-0.0,0.9391999999999996,0.0,0.0,0.9391999999999996,0,-0.0,0.9257999999999995,1.0,2,2.4665,4.091999999999999,0,0.0,0.0,0,0.0,0.0,0.0,0.0,1.0,1,0,0,0,0,1,1,0,0,2,2.347999999999999,2.996000000000002,0,0.0,0.0,0,0.0,0.0,0.0,0.0,1.0,1,0,0,1,1,0,0,0,0,0.0,0.0,0.0,0.0,0.0,0.0,0.0,0.0,0.0,0.0,0.0,0.0,0.0,1.0,1.0,0.0,-0.0,0.0,49.33,0.9865999999999999,-0.9865999999999999,46.95999999999998,0.9391999999999996,-0.9391999999999996,0.04740000000000033,0.0,0.0
EX_19-EE_b,EX_19,EX,EX_UND,PART_UND,0,63.82,64.82,61.82,66.82,4.999999999999993,0.8688,0.09579999999999998,0.0,0.9646,2,0.46682290302858065,0.9365999999999999,0.03780000000000006,0.0,0.9743999999999999,2,0.23673098351029323,0.8053999999999999,0.8299999999999995,3,1.447999999999998,1.8619999999999948,1,0.4789999999999992,0.4789999999999992,0,0.0,0.0,0.4000000000000006,0.0,0.5086000000000006,1,0,0,0,0,1,1,0,0,3,1.5609999999999975,2.5659999999999883,1,0.18900000000000006,0.18900000000000006,0,0.0,0.0,0.4000000000000006,0.0,0.435800000000001,1,0,0,1,1,0,0,0,0,0.5,0.0,0.5,0.0,0.0,0.0,0.5,0.0,0.5,0.0,0.0,0.0,0.0,0.8478260869565217,0.8478260869565217,0.15217391304347827,0.7465983254034368,-0.07445291969126748,9.068893528183718,0.9646,-0.773,24.777777777777732,0.9743999999999999,-0.8987999999999998,0.06779999999999986,0.05799999999999992,0.23009191951828742
EX_19-EE_b,EX_19,EX,EX_UND,UND,1,152.34,153.34,150.34,155.34,5.0,0.6815999999999974,0.0,0.25540000000000307,0.9370000000000005,2,0.8451311866084459,0.626400000000001,0.30319999999999825,0.0,0.9295999999999992,3,0.9109567339159483,0.5409999999999968,0.5757999999999981,3,1.1359999999999957,1.613999999999976,0,0.0,0.0,1,1.2770000000000152,1.2770000000000152,0.4,0.0,1.0,1,0,0,0,0,1,1,0,0,3,1.0440000000000016,2.1799999999999784,2,0.7579999999999956,1.0790000000000077,0,0.0,0.0,0.6,0.11959999999999696,0.0,1,0,0,0,1,1,0,0,0,0.0,0.5,0.0,0.0,0.5,0.0,0.3333333333333333,0.0,0.6666666666666666,0.0,0.0,0.0,0.0,0.6136363636363636,0.6136363636363636,0.11363636363636363,1.4129463723222806,0.7040090342020444,34.07999999999987,0.6815999999999974,-0.6815999999999974,2.065963060686031,0.9295999999999992,-0.3232000000000027,0.055199999999996474,0.30319999999999825,0.06582554730750245
EX_19-EE_b,EX_19,EX,EX_UND,PART_UND,0,160.58,161.58,158.58,163.58,5.0,0.9698000000000035,0.0,0.0,0.9698000000000035,0,-0.0,0.5126000000000033,0.15720000000000028,0.19260000000000446,0.862400000000008,5,1.376749575835803,0.49600000000000366,0.526400000000001,3,1.6163333333333394,3.835000000000008,0,0.0,0.0,0,0.0,0.0,0.0,0.0,1.0,1,0,0,0,0,1,1,0,0,4,0.6407500000000041,1.1829999999999927,2,0.3930000000000007,0.5649999999999977,1,0.9630000000000223,0.9630000000000223,1.0,0.0,0.1687999999999988,1,0,0,1,1,0,0,0,0,0.0,0.0,0.0,0.0,0.0,0.0,0.2,0.2,0.4,0.0,0.0,0.2,0.0,0.5952380952380952,0.5952380952380952,0.19047619047619047,1.3774190952228333,0.0,48.49000000000018,0.9698000000000035,-0.9698000000000035,3.2608142493638828,0.6698000000000035,-0.355400000000003,0.4572000000000003,0.15720000000000028,1.376749575835803
EX_19-EE_b,EX_19,EX,EX_UND,PART_UND,0,164.34,165.34,162.34,167.34,5.0,0.9548000000000059,0.0,0.0,0.9548000000000059,0,-0.0,0.7668000000000006,0.1401999999999987,0.04680000000000177,0.9538000000000011,4,0.8731139278892964,0.7496000000000038,0.7668000000000006,4,1.1935000000000073,2.078000000000003,0,0.0,0.0,0,0.0,0.0,0.0,0.0,1.0,1,0,0,0,0,1,1,0,0,2,1.9170000000000016,2.6129999999999995,2,0.3504999999999967,0.47999999999998977,1,0.23400000000000887,0.23400000000000887,0.8,0.12699999999999817,0.08279999999999746,1,0,0,0,1,0,0,1,0,0.0,0.0,0.0,0.0,0.0,0.0,0.25,0.0,0.5,0.0,0.0,0.25,0.0,0.8260869565217391,0.8260869565217391,0.13043478260869565,0.8076702057269436,0.0,47.74000000000029,0.9548000000000059,-0.9548000000000059,5.469329529243993,0.9069999999999993,-0.6266000000000019,0.18800000000000527,0.1401999999999987,0.8731139278892964
EX_19-EE_b,EX_19,EX,EX_UND,PART_UND,0,173.86,174.86,171.86,176.86,5.0,0.9086000000000013,0.0,0.0,0.9086000000000013,0,-0.0,0.9198000000000036,0.0,0.0,0.9198000000000036,0,-0.0,0.8284000000000049,1.0,4,1.1357500000000016,2.6590000000000202,0,0.0,0.0,0,0.0,0.0,0.0,0.0,1.0,1,0,0,0,0,1,1,0,0,2,2.299500000000009,2.7139999999999986,0,0.0,0.0,0,0.0,0.0,0.0,0.028199999999998226,1.0,1,0,0,1,1,0,0,0,0,0.0,0.0,0.0,0.0,0.0,0.0,0.0,0.0,0.0,0.0,0.0,0.0,0.0,1.0,1.0,0.0,-0.0,0.0,45.430000000000064,0.9086000000000013,-0.9086000000000013,45.99000000000018,0.9198000000000036,-0.9198000000000036,0.01120000000000232,0.0,0.0
EX_19-EE_c,EX_19,EE,EE_UND,UND,1,70.78,71.78,68.78,73.78,5.0,0.39000000000000057,0.5555999999999983,0.0,0.9455999999999989,1,0.9777621855450445,0.8792000000000002,0.05979999999999848,0.0,0.9389999999999986,1,0.3419016576469768,0.30420000000000014,0.30420000000000014,2,0.9750000000000014,1.8689999999999998,1,2.7779999999999916,2.7779999999999916,0,0.0,0.0,0.2,0.0,0.43340000000000034,0,1,0,0,1,1,0,0,0,2,2.1980000000000004,2.2210000000000036,1,0.2989999999999924,0.2989999999999924,0,0.0,0.0,0.2,0.09979999999999904,0.0,1,0,0,0,1,1,0,0,0,1.0,0.0,0.0,0.0,0.0,0.0,0.0,0.0,1.0,0.0,0.0,0.0,0.0,0.34782608695652173,0.34782608695652173,0.6521739130434783,1.1625633078480364,-0.2659080117391552,0.7019438444924437,0.9455999999999989,0.16559999999999775,14.702341137124122,0.9389999999999987,-0.8194000000000017,0.48919999999999964,0.49579999999999985,0.6358605278980677
EX_19-EE_c,EX_19,EE,EE_UND,PART_UND,0,91.7,92.7,89.7,94.7,5.0,0.5056000000000012,0.4216000000000008,0.0,0.927200000000002,3,0.9940714034130798,0.36440000000000056,0.5751999999999982,0.0,0.9395999999999987,6,0.9633813316795545,0.1308000000000021,0.1308000000000021,2,1.264000000000003,1.3490000000000038,2,1.054000000000002,1.850999999999999,0,0.0,0.0,0.6,0.0,0.26980000000000076,1,0,0,0,1,1,0,0,0,3,0.6073333333333343,0.9159999999999968,5,0.5751999999999982,1.0499999999999972,0,0.0,0.0,1.2,0.08319999999999936,0.0,0,1,0,0,0,1,1,0,0,0.6666666666666666,0.0,0.3333333333333333,0.0,0.0,0.0,0.5,0.0,0.5,0.0,0.0,0.0,0.25,0.13636363636363635,0.38636363636363635,0.6136363636363636,1.8878066675400327,-0.21009029257555614,1.199240986717268,0.927200000000002,-0.08400000000000035,0.633518776077889,0.9395999999999987,0.2107999999999976,0.1412000000000006,0.15359999999999735,0.030690071733525226
EX_19-EE_c,EX_19,EE,EE_UND,PART_UND,0,104.1,105.1,102.1,107.1,5.0,0.4342000000000013,0.4906000000000006,0.0,0.9248000000000018,5,0.9973154182127731,0.6005999999999971,0.34979999999999906,0.0,0.9503999999999962,2,0.9491673879011258,0.2870000000000033,0.2870000000000033,3,0.7236666666666688,1.1270000000000095,3,0.8176666666666677,1.0789999999999935,0,0.0,0.0,1.0,0.11980000000000075,0.0,0,1,0,1,0,0,1,0,0,4,0.7507499999999965,1.2839999999999918,2,0.8744999999999976,1.2109999999999985,0,0.0,0.0,0.4,0.0,0.2818000000000012,1,0,0,1,1,0,0,0,0,0.4,0.0,0.6,0.0,0.0,0.0,0.5,0.0,0.5,0.0,0.0,0.0,0.2,0.3333333333333333,0.5333333333333333,0.4666666666666667,1.9343611561003797,0.07636027352292274,0.8850387280880571,0.9248000000000018,0.056399999999999284,1.7169811320754682,0.9503999999999961,-0.2507999999999981,0.16639999999999583,0.14080000000000154,0.04814803031164738
EX_19-EE_c,EX_19,EE,EE_UND,PART_UND,0,128.66,129.66,126.66,131.66,5.0,0.649600000000001,0.2817999999999984,0.0,0.9313999999999993,2,0.8843920775100986,0.9506000000000057,0.0,0.0,0.9506000000000057,0,-0.0,0.6180000000000063,0.6180000000000063,4,0.8120000000000012,1.3119999999999976,1,1.4089999999999918,1.4089999999999918,0,0.0,0.0,0.4,0.0,0.33240000000000125,1,0,0,0,0,1,1,0,0,4,1.1882500000000071,2.0289999999999964,0,0.0,0.0,0,0.0,0.0,0.0,0.0,1.0,1,0,0,1,1,0,0,0,0,0.5,0.0,0.5,0.0,0.0,0.0,0.0,0.0,0.0,0.0,0.0,0.0,0.0,0.7045454545454546,0.7045454545454546,0.29545454545454547,0.8756633923230397,0.0,2.3051809794180436,0.9313999999999993,-0.36780000000000257,47.530000000000285,0.9506000000000057,-0.9506000000000057,0.3010000000000047,0.2817999999999984,0.8843920775100986
EX_19-EE_c,EX_19,EE,EE_UND,NON_UND,0,160.22,161.22,158.22,163.22,5.0,0.7199999999999932,0.2180000000000007,0.0,0.9379999999999938,2,0.7821878095742975,0.8349999999999966,0.10360000000000014,0.0,0.9385999999999968,1,0.5010525318575257,0.5931999999999903,0.5931999999999903,3,1.1999999999999886,1.5449999999999875,1,1.0900000000000034,1.0900000000000034,0,0.0,0.0,0.4,0.0,0.4730000000000018,1,0,0,0,0,1,1,0,0,3,1.391666666666661,1.924999999999983,1,0.5180000000000007,0.5180000000000007,0,0.0,0.0,0.2,0.1268000000000029,0.0,1,0,0,0,1,1,0,0,0,0.5,0.0,0.5,0.0,0.0,0.0,0.0,0.0,1.0,0.0,0.0,0.0,0.0,0.6590909090909091,0.6590909090909091,0.3409090909090909,1.2566918714553124,-0.20149814827784024,3.30275229357794,0.937999999999994,-0.5019999999999925,8.059845559845517,0.9385999999999968,-0.7313999999999965,0.11500000000000343,0.11440000000000056,0.2811352777167717
EX_19-EE_c,EX_19,EE,EE_UND,MISUND,0,196.78,197.78,194.78,199.78,5.0,0.7053999999999974,0.24599999999999794,0.0,0.9513999999999954,1,0.8245752193586882,0.535800000000006,0.25699999999999934,0.1117999999999995,0.904600000000005,3,1.3361244553925224,0.2598000000000013,0.2598000000000013,2,1.7634999999999934,1.8979999999999961,1,1.2299999999999898,1.2299999999999898,0,0.0,0.0,0.2,0.27579999999999816,0.008600000000001273,1,0,0,1,0,0,1,0,0,3,0.8930000000000101,1.1970000000000027,2,0.6424999999999983,0.8509999999999991,1,0.5589999999999975,0.5589999999999975,0.6,0.0,0.7137999999999977,1,0,0,1,0,0,1,0,0,0.0,0.0,1.0,0.0,0.0,0.0,0.3333333333333333,0.3333333333333333,0.0,0.0,0.3333333333333333,0.0,0.0,0.3023255813953488,0.3023255813953488,0.5581395348837209,1.9431262551438282,-0.5216660010645381,2.867479674796761,0.9513999999999954,-0.4593999999999994,2.0848249027237644,0.7928000000000054,-0.2788000000000067,0.1695999999999913,0.011000000000001398,0.5115492360338343
EX_19-EE_c,EX_19,EE,EE_UND,UND,1,234.66,235.66,232.66,237.66,5.0,0.6098000000000013,0.20059999999999717,0.0,0.8103999999999985,2,0.8073430850033199,0.6603999999999985,0.3212000000000046,0.0,0.9816000000000031,2,0.9120617084558214,0.3420000000000016,0.3420000000000016,2,1.5245000000000033,2.3540000000000134,1,1.002999999999986,1.002999999999986,0,0.0,0.0,0.4,0.0,0.47080000000000266,1,0,0,0,0,1,1,0,0,2,1.6509999999999962,2.688999999999993,2,0.8030000000000115,1.247000000000014,0,0.0,0.0,0.4,0.24940000000000281,0.0,1,0,0,0,0,1,1,0,0,0.5,0.0,0.5,0.0,0.0,0.0,0.5,0.0,0.5,0.0,0.0,0.0,0.0,0.425,0.425,0.575,1.5516314552382728,-0.4006168083848877,3.0398803589232797,0.8103999999999985,-0.40920000000000417,2.0560398505603645,0.9816000000000031,-0.33919999999999395,0.0505999999999972,0.12060000000000742,0.10471862345250149
EX_19-EE_c,EX_19,EX,EX_UND,UND,1,37.06,38.06,35.06,40.06,5.0,0.9427999999999997,0.0,0.0,0.9427999999999997,0,-0.0,0.9328000000000003,0.0,0.03220000000000027,0.9650000000000005,1,0.21101007952289577,0.8756,0.8756,3,1.5713333333333328,2.2659999999999982,0,0.0,0.0,0,0.0,0.0,0.0,0.0,1.0,1,0,0,0,0,1,1,0,0,3,1.554666666666667,1.7950000000000017,0,0.0,0.0,1,0.16100000000000136,0.16100000000000136,0.2,0.0,1.0,1,0,0,1,0,0,0,0,1,0.0,0.0,0.0,0.0,0.0,0.0,0.0,1.0,0.0,0.0,0.0,0.0,0.0,0.9782608695652174,0.9782608695652174,0.0,0.15109697051711368,0.0,47.139999999999986,0.9427999999999997,-0.9427999999999997,46.640000000000015,0.9328000000000003,-0.9328000000000003,0.009999999999999454,0.0,0.21101007952289577
EX_19-EE_c,EX_19,EX,EX_UND,UND,1,60.34,61.34,58.34,63.34,5.0,0.7061999999999997,0.24579999999999985,0.0,0.9519999999999996,2,0.824007746494644,0.6114000000000004,0.3146000000000001,0.0,0.9260000000000005,2,0.9245704722658832,0.5710000000000008,0.5710000000000008,3,1.1769999999999996,1.5030000000000001,1,1.2289999999999992,1.2289999999999992,0,0.0,0.0,0.4,0.0,0.20039999999999908,1,0,0,0,0,1,1,0,0,3,1.0190000000000008,1.4639999999999986,2,0.7865000000000002,0.8329999999999984,0,0.0,0.0,0.4,0.0,0.09699999999999989,1,0,0,1,1,0,0,0,0,0.5,0.0,0.5,0.0,0.0,0.0,0.5,0.0,0.5,0.0,0.0,0.0,0.25,0.6363636363636364,0.8863636363636364,0.11363636363636363,1.271492389158661,0.7637626158259733,2.8730675345809606,0.9519999999999995,-0.46039999999999986,1.9434202161474894,0.9260000000000005,-0.2968000000000003,0.09479999999999933,0.06880000000000025,0.10056272577123915
EX_19-EE_c,EX_19,EX,EX_UND,UND,1,95.38,96.38,93.38,98.38,5.0,0.3994,0.5322000000000002,0.0,0.9316000000000002,2,0.9852917111173194,0.7389999999999987,0.17419999999999902,0.0,0.9131999999999977,3,0.7030539774335391,0.26159999999999856,0.26159999999999856,2,0.9984999999999999,1.2179999999999893,1,2.6610000000000014,2.6610000000000014,0,0.0,0.0,0.4,0.0,0.21260000000000048,0,1,0,0,0,1,1,0,0,3,1.2316666666666645,1.8659999999999997,2,0.43549999999999756,0.4549999999999983,0,0.0,0.0,0.6,0.13780000000000142,0.0,1,0,0,0,1,1,0,0,0,0.5,0.0,0.5,0.0,0.0,0.0,0.3333333333333333,0.0,0.6666666666666666,0.0,0.0,0.0,0.09302325581395349,0.3023255813953488,0.3953488372093023,0.6046511627906976,1.7064037619433776,-0.1428265347436183,0.7504697482149564,0.9316000000000002,0.13280000000000025,4.2422502870264225,0.9131999999999977,-0.5647999999999996,0.3395999999999987,0.3580000000000012,0.28223773368378025
EX_19-EE_c,EX_19,EX,EX_UND,PART_UND,0,159.54,160.54,157.54,162.54,5.0,0.7199999999999932,0.2180000000000007,0.0,0.9379999999999938,2,0.7821878095742975,0.6989999999999952,0.11739999999999781,0.1004000000000019,0.916799999999995,2,1.0274885647609722,0.4571999999999889,0.4571999999999889,3,1.1999999999999886,1.8979999999999961,1,1.0900000000000034,1.0900000000000034,0,0.0,0.0,0.4,0.0,0.6090000000000032,1,0,0,0,0,1,1,0,0,3,1.164999999999992,1.924999999999983,1,0.5869999999999891,0.5869999999999891,1,0.5020000000000095,0.5020000000000095,0.4,0.26280000000000425,0.12220000000000368,1,0,0,0,1,0,0,1,0,0.5,0.0,0.5,0.0,0.0,0.0,0.0,0.0,0.5,0.0,0.0,0.5,0.0,0.5121951219512195,0.5121951219512195,0.34146341463414637,1.750542093152266,-0.3211308144666282,3.30275229357794,0.937999999999994,-0.5019999999999925,5.954003407155096,0.816399999999993,-0.5815999999999973,0.02099999999999802,0.10060000000000288,0.2453007551866747
EX_19-EE_c,EX_19,EX,EX_UND,UND,1,192.22,193.22,190.22,195.22,5.0,0.41719999999999685,0.5132000000000005,0.0,0.9303999999999973,3,0.9923065554077928,0.9598000000000013,0.0,0.0,0.9598000000000013,0,-0.0,0.40600000000000025,0.40600000000000025,3,0.6953333333333281,1.5859999999999843,3,0.8553333333333342,1.5260000000000105,0,0.0,0.0,0.6,0.0,0.1367999999999995,0,1,0,0,1,1,0,0,0,3,1.5996666666666688,2.734000000000009,0,0.0,0.0,0,0.0,0.0,0.0,0.0,1.0,1,0,0,1,1,0,0,0,0,0.6666666666666666,0.0,0.3333333333333333,0.0,0.0,0.0,0.0,0.0,0.0,0.0,0.0,0.0,0.0,0.45454545454545453,0.45454545454545453,0.5454545454545454,0.9940302114769565,0.0,0.8129384255650749,0.9303999999999975,0.0960000000000037,47.990000000000066,0.9598000000000013,-0.9598000000000013,0.5426000000000044,0.5132000000000005,0.9923065554077928
